n_genes,alpha,C,biased_rfe_train_acc,biased_rfe_val_acc,biased_rfe_train_loss,biased_rfe_val_loss,biased_rfe_train_precision,biased_rfe_val_precision,biased_rfe_train_recall,biased_rfe_val_recall,biased_rfe_train_f1_score,biased_rfe_val_f1_score,biased_rfe_train_roc_auc,biased_rfe_val_roc_auc,biased_lasso_train_acc,biased_lasso_val_acc,biased_lasso_train_loss,biased_lasso_val_loss,biased_lasso_train_precision,biased_lasso_val_precision,biased_lasso_train_recall,biased_lasso_val_recall,biased_lasso_train_f1_score,biased_lasso_val_f1_score,biased_lasso_train_roc_auc,biased_lasso_val_roc_auc,unbiased_rfe_train_acc,unbiased_rfe_val_acc,unbiased_rfe_train_loss,unbiased_rfe_val_loss,unbiased_rfe_train_precision,unbiased_rfe_val_precision,unbiased_rfe_train_recall,unbiased_rfe_val_recall,unbiased_rfe_train_f1_score,unbiased_rfe_val_f1_score,unbiased_rfe_train_roc_auc,unbiased_rfe_val_roc_auc,unbiased_lasso_train_acc,unbiased_lasso_val_acc,unbiased_lasso_train_loss,unbiased_lasso_val_loss,unbiased_lasso_train_precision,unbiased_lasso_val_precision,unbiased_lasso_train_recall,unbiased_lasso_val_recall,unbiased_lasso_train_f1_score,unbiased_lasso_val_f1_score,unbiased_lasso_train_roc_auc,unbiased_lasso_val_roc_auc
1,0.01,0.1,0.6821291735084839,0.6587301587301588,0.6589547564246633,0.6980934037645441,0.5555555555555556,0.2222222222222222,0.08888888888888889,0.044444444444444446,0.1515151515151515,0.07407407407407407,0.5341455490578297,0.48567901234567906,1.0,0.9841269841269842,0.015444803322390475,0.10845515571437783,1.0,0.9777777777777779,1.0,0.9777777777777779,1.0,0.9777777777777779,1.0,0.9950617283950618,0.856048166392994,0.7142857142857142,0.33067416555822343,0.6206053775866308,0.9193121693121693,0.6851851851851851,0.6555555555555556,0.4222222222222222,0.7455121799807043,0.5052910052910052,0.9217673814165042,0.740246913580247,0.9303503010399561,0.8534391534391534,0.2005346843389494,0.4519990364669424,0.9598765432098766,0.8814814814814815,0.8333333333333334,0.6888888888888888,0.8894239957191454,0.7558601891935224,0.9887589343729695,0.9138271604938271
1,0.01,0.2,0.6821291735084839,0.6587301587301588,0.6589547564246633,0.6980934037645441,0.5555555555555556,0.2222222222222222,0.08888888888888889,0.044444444444444446,0.1515151515151515,0.07407407407407407,0.5341455490578297,0.48567901234567906,1.0,0.9767195767195768,0.015548129874085943,0.13749144234381047,1.0,0.9777777777777779,1.0,0.9555555555555555,1.0,0.9654320987654322,1.0,0.9925925925925926,0.856048166392994,0.7142857142857142,0.33067416555822343,0.6206053775866308,0.9193121693121693,0.6851851851851851,0.6555555555555556,0.4222222222222222,0.7455121799807043,0.5052910052910052,0.9217673814165042,0.740246913580247,1.0,0.8904761904761904,0.06284584879501671,0.24129190454722987,1.0,0.8801587301587301,1.0,0.8222222222222222,1.0,0.8444444444444444,1.0,0.9545679012345679
1,0.01,0.3,0.6821291735084839,0.6587301587301588,0.6589547564246633,0.6980934037645441,0.5555555555555556,0.2222222222222222,0.08888888888888889,0.044444444444444446,0.1515151515151515,0.07407407407407407,0.5341455490578297,0.48567901234567906,1.0,0.9608465608465608,0.016353786804979877,0.15316769783698675,1.0,0.9444444444444444,1.0,0.9555555555555555,1.0,0.9472502805836138,1.0,0.9925925925925926,0.856048166392994,0.7142857142857142,0.33067416555822343,0.6206053775866308,0.9193121693121693,0.6851851851851851,0.6555555555555556,0.4222222222222222,0.7455121799807043,0.5052910052910052,0.9217673814165042,0.740246913580247,1.0,0.9455026455026455,0.05588479380216219,0.20792270768231014,1.0,0.9592592592592593,1.0,0.8888888888888888,1.0,0.918294051627385,1.0,0.9691358024691357
1,0.02,0.1,0.6821291735084839,0.6587301587301588,0.6589547564246633,0.6980934037645441,0.5555555555555556,0.2222222222222222,0.08888888888888889,0.044444444444444446,0.1515151515151515,0.07407407407407407,0.5341455490578297,0.48567901234567906,1.0,0.9841269841269842,0.015444803322390475,0.10845515571437783,1.0,0.9777777777777779,1.0,0.9777777777777779,1.0,0.9777777777777779,1.0,0.9950617283950618,0.856048166392994,0.7142857142857142,0.33067416555822343,0.6206053775866308,0.9193121693121693,0.6851851851851851,0.6555555555555556,0.4222222222222222,0.7455121799807043,0.5052910052910052,0.9217673814165042,0.740246913580247,0.9303503010399561,0.8534391534391534,0.2005346843389494,0.4519990364669424,0.9598765432098766,0.8814814814814815,0.8333333333333334,0.6888888888888888,0.8894239957191454,0.7558601891935224,0.9887589343729695,0.9138271604938271
1,0.02,0.2,0.6821291735084839,0.6587301587301588,0.6589547564246633,0.6980934037645441,0.5555555555555556,0.2222222222222222,0.08888888888888889,0.044444444444444446,0.1515151515151515,0.07407407407407407,0.5341455490578297,0.48567901234567906,1.0,0.9767195767195768,0.015548129874085943,0.13749144234381047,1.0,0.9777777777777779,1.0,0.9555555555555555,1.0,0.9654320987654322,1.0,0.9925925925925926,0.856048166392994,0.7142857142857142,0.33067416555822343,0.6206053775866308,0.9193121693121693,0.6851851851851851,0.6555555555555556,0.4222222222222222,0.7455121799807043,0.5052910052910052,0.9217673814165042,0.740246913580247,1.0,0.8904761904761904,0.06284584879501671,0.24129190454722987,1.0,0.8801587301587301,1.0,0.8222222222222222,1.0,0.8444444444444444,1.0,0.9545679012345679
1,0.02,0.3,0.6821291735084839,0.6587301587301588,0.6589547564246633,0.6980934037645441,0.5555555555555556,0.2222222222222222,0.08888888888888889,0.044444444444444446,0.1515151515151515,0.07407407407407407,0.5341455490578297,0.48567901234567906,1.0,0.9608465608465608,0.016353786804979877,0.15316769783698675,1.0,0.9444444444444444,1.0,0.9555555555555555,1.0,0.9472502805836138,1.0,0.9925925925925926,0.856048166392994,0.7142857142857142,0.33067416555822343,0.6206053775866308,0.9193121693121693,0.6851851851851851,0.6555555555555556,0.4222222222222222,0.7455121799807043,0.5052910052910052,0.9217673814165042,0.740246913580247,1.0,0.9455026455026455,0.05588479380216219,0.20792270768231014,1.0,0.9592592592592593,1.0,0.8888888888888888,1.0,0.918294051627385,1.0,0.9691358024691357
1,0.05,0.1,0.6821291735084839,0.6587301587301588,0.6589547564246633,0.6980934037645441,0.5555555555555556,0.2222222222222222,0.08888888888888889,0.044444444444444446,0.1515151515151515,0.07407407407407407,0.5341455490578297,0.48567901234567906,1.0,0.9841269841269842,0.015444803322390475,0.10845515571437783,1.0,0.9777777777777779,1.0,0.9777777777777779,1.0,0.9777777777777779,1.0,0.9950617283950618,0.856048166392994,0.7142857142857142,0.33067416555822343,0.6206053775866308,0.9193121693121693,0.6851851851851851,0.6555555555555556,0.4222222222222222,0.7455121799807043,0.5052910052910052,0.9217673814165042,0.740246913580247,0.9303503010399561,0.8534391534391534,0.2005346843389494,0.4519990364669424,0.9598765432098766,0.8814814814814815,0.8333333333333334,0.6888888888888888,0.8894239957191454,0.7558601891935224,0.9887589343729695,0.9138271604938271
1,0.05,0.2,0.6821291735084839,0.6587301587301588,0.6589547564246633,0.6980934037645441,0.5555555555555556,0.2222222222222222,0.08888888888888889,0.044444444444444446,0.1515151515151515,0.07407407407407407,0.5341455490578297,0.48567901234567906,1.0,0.9767195767195768,0.015548129874085943,0.13749144234381047,1.0,0.9777777777777779,1.0,0.9555555555555555,1.0,0.9654320987654322,1.0,0.9925925925925926,0.856048166392994,0.7142857142857142,0.33067416555822343,0.6206053775866308,0.9193121693121693,0.6851851851851851,0.6555555555555556,0.4222222222222222,0.7455121799807043,0.5052910052910052,0.9217673814165042,0.740246913580247,1.0,0.8904761904761904,0.06284584879501671,0.24129190454722987,1.0,0.8801587301587301,1.0,0.8222222222222222,1.0,0.8444444444444444,1.0,0.9545679012345679
1,0.05,0.3,0.6821291735084839,0.6587301587301588,0.6589547564246633,0.6980934037645441,0.5555555555555556,0.2222222222222222,0.08888888888888889,0.044444444444444446,0.1515151515151515,0.07407407407407407,0.5341455490578297,0.48567901234567906,1.0,0.9608465608465608,0.016353786804979877,0.15316769783698675,1.0,0.9444444444444444,1.0,0.9555555555555555,1.0,0.9472502805836138,1.0,0.9925925925925926,0.856048166392994,0.7142857142857142,0.33067416555822343,0.6206053775866308,0.9193121693121693,0.6851851851851851,0.6555555555555556,0.4222222222222222,0.7455121799807043,0.5052910052910052,0.9217673814165042,0.740246913580247,1.0,0.9455026455026455,0.05588479380216219,0.20792270768231014,1.0,0.9592592592592593,1.0,0.8888888888888888,1.0,0.918294051627385,1.0,0.9691358024691357
1,0.1,0.1,0.6821291735084839,0.6587301587301588,0.6589547564246633,0.6980934037645441,0.5555555555555556,0.2222222222222222,0.08888888888888889,0.044444444444444446,0.1515151515151515,0.07407407407407407,0.5341455490578297,0.48567901234567906,1.0,0.9841269841269842,0.015444803322390475,0.10845515571437783,1.0,0.9777777777777779,1.0,0.9777777777777779,1.0,0.9777777777777779,1.0,0.9950617283950618,0.856048166392994,0.7142857142857142,0.33067416555822343,0.6206053775866308,0.9193121693121693,0.6851851851851851,0.6555555555555556,0.4222222222222222,0.7455121799807043,0.5052910052910052,0.9217673814165042,0.740246913580247,0.9303503010399561,0.8534391534391534,0.2005346843389494,0.4519990364669424,0.9598765432098766,0.8814814814814815,0.8333333333333334,0.6888888888888888,0.8894239957191454,0.7558601891935224,0.9887589343729695,0.9138271604938271
1,0.1,0.2,0.6821291735084839,0.6587301587301588,0.6589547564246633,0.6980934037645441,0.5555555555555556,0.2222222222222222,0.08888888888888889,0.044444444444444446,0.1515151515151515,0.07407407407407407,0.5341455490578297,0.48567901234567906,1.0,0.9767195767195768,0.015548129874085943,0.13749144234381047,1.0,0.9777777777777779,1.0,0.9555555555555555,1.0,0.9654320987654322,1.0,0.9925925925925926,0.856048166392994,0.7142857142857142,0.33067416555822343,0.6206053775866308,0.9193121693121693,0.6851851851851851,0.6555555555555556,0.4222222222222222,0.7455121799807043,0.5052910052910052,0.9217673814165042,0.740246913580247,1.0,0.8904761904761904,0.06284584879501671,0.24129190454722987,1.0,0.8801587301587301,1.0,0.8222222222222222,1.0,0.8444444444444444,1.0,0.9545679012345679
1,0.1,0.3,0.6821291735084839,0.6587301587301588,0.6589547564246633,0.6980934037645441,0.5555555555555556,0.2222222222222222,0.08888888888888889,0.044444444444444446,0.1515151515151515,0.07407407407407407,0.5341455490578297,0.48567901234567906,1.0,0.9608465608465608,0.016353786804979877,0.15316769783698675,1.0,0.9444444444444444,1.0,0.9555555555555555,1.0,0.9472502805836138,1.0,0.9925925925925926,0.856048166392994,0.7142857142857142,0.33067416555822343,0.6206053775866308,0.9193121693121693,0.6851851851851851,0.6555555555555556,0.4222222222222222,0.7455121799807043,0.5052910052910052,0.9217673814165042,0.740246913580247,1.0,0.9455026455026455,0.05588479380216219,0.20792270768231014,1.0,0.9592592592592593,1.0,0.8888888888888888,1.0,0.918294051627385,1.0,0.9691358024691357
1,0.2,0.1,0.6821291735084839,0.6587301587301588,0.6589547564246633,0.6980934037645441,0.5555555555555556,0.2222222222222222,0.08888888888888889,0.044444444444444446,0.1515151515151515,0.07407407407407407,0.5341455490578297,0.48567901234567906,1.0,0.9841269841269842,0.015444803322390475,0.10845515571437783,1.0,0.9777777777777779,1.0,0.9777777777777779,1.0,0.9777777777777779,1.0,0.9950617283950618,0.856048166392994,0.7142857142857142,0.33067416555822343,0.6206053775866308,0.9193121693121693,0.6851851851851851,0.6555555555555556,0.4222222222222222,0.7455121799807043,0.5052910052910052,0.9217673814165042,0.740246913580247,0.9303503010399561,0.8534391534391534,0.2005346843389494,0.4519990364669424,0.9598765432098766,0.8814814814814815,0.8333333333333334,0.6888888888888888,0.8894239957191454,0.7558601891935224,0.9887589343729695,0.9138271604938271
1,0.2,0.2,0.6821291735084839,0.6587301587301588,0.6589547564246633,0.6980934037645441,0.5555555555555556,0.2222222222222222,0.08888888888888889,0.044444444444444446,0.1515151515151515,0.07407407407407407,0.5341455490578297,0.48567901234567906,1.0,0.9767195767195768,0.015548129874085943,0.13749144234381047,1.0,0.9777777777777779,1.0,0.9555555555555555,1.0,0.9654320987654322,1.0,0.9925925925925926,0.856048166392994,0.7142857142857142,0.33067416555822343,0.6206053775866308,0.9193121693121693,0.6851851851851851,0.6555555555555556,0.4222222222222222,0.7455121799807043,0.5052910052910052,0.9217673814165042,0.740246913580247,1.0,0.8904761904761904,0.06284584879501671,0.24129190454722987,1.0,0.8801587301587301,1.0,0.8222222222222222,1.0,0.8444444444444444,1.0,0.9545679012345679
1,0.2,0.3,0.6821291735084839,0.6587301587301588,0.6589547564246633,0.6980934037645441,0.5555555555555556,0.2222222222222222,0.08888888888888889,0.044444444444444446,0.1515151515151515,0.07407407407407407,0.5341455490578297,0.48567901234567906,1.0,0.9608465608465608,0.016353786804979877,0.15316769783698675,1.0,0.9444444444444444,1.0,0.9555555555555555,1.0,0.9472502805836138,1.0,0.9925925925925926,0.856048166392994,0.7142857142857142,0.33067416555822343,0.6206053775866308,0.9193121693121693,0.6851851851851851,0.6555555555555556,0.4222222222222222,0.7455121799807043,0.5052910052910052,0.9217673814165042,0.740246913580247,1.0,0.9455026455026455,0.05588479380216219,0.20792270768231014,1.0,0.9592592592592593,1.0,0.8888888888888888,1.0,0.918294051627385,1.0,0.9691358024691357
2,0.01,0.1,0.8564586754241925,0.8132275132275132,0.4467198431363196,0.4926074255204466,0.9563492063492064,0.8703703703703703,0.6222222222222222,0.5777777777777777,0.7450980392156863,0.6857463524130192,0.880246913580247,0.8256790123456791,1.0,0.9841269841269842,0.015444803322390475,0.10845515571437783,1.0,0.9777777777777779,1.0,0.9777777777777779,1.0,0.9777777777777779,1.0,0.9950617283950618,0.9533388067870826,0.7444444444444445,0.18366552964594818,0.6815752268114263,0.9841269841269842,0.7314814814814814,0.8777777777777778,0.48888888888888893,0.9236708328555595,0.5511864678531345,0.9857374918778427,0.8125925925925926,0.9303503010399561,0.8534391534391534,0.2005346843389494,0.4519990364669424,0.9598765432098766,0.8814814814814815,0.8333333333333334,0.6888888888888888,0.8894239957191454,0.7558601891935224,0.9887589343729695,0.9138271604938271
2,0.01,0.2,0.8564586754241925,0.8132275132275132,0.4467198431363196,0.4926074255204466,0.9563492063492064,0.8703703703703703,0.6222222222222222,0.5777777777777777,0.7450980392156863,0.6857463524130192,0.880246913580247,0.8256790123456791,1.0,0.9767195767195768,0.015548129874085943,0.13749144234381047,1.0,0.9777777777777779,1.0,0.9555555555555555,1.0,0.9654320987654322,1.0,0.9925925925925926,0.9533388067870826,0.7444444444444445,0.18366552964594818,0.6815752268114263,0.9841269841269842,0.7314814814814814,0.8777777777777778,0.48888888888888893,0.9236708328555595,0.5511864678531345,0.9857374918778427,0.8125925925925926,1.0,0.8904761904761904,0.06284584879501671,0.24129190454722987,1.0,0.8801587301587301,1.0,0.8222222222222222,1.0,0.8444444444444444,1.0,0.9545679012345679
2,0.01,0.3,0.8564586754241925,0.8132275132275132,0.4467198431363196,0.4926074255204466,0.9563492063492064,0.8703703703703703,0.6222222222222222,0.5777777777777777,0.7450980392156863,0.6857463524130192,0.880246913580247,0.8256790123456791,1.0,0.9608465608465608,0.016353786804979877,0.15316769783698675,1.0,0.9444444444444444,1.0,0.9555555555555555,1.0,0.9472502805836138,1.0,0.9925925925925926,0.9533388067870826,0.7444444444444445,0.18366552964594818,0.6815752268114263,0.9841269841269842,0.7314814814814814,0.8777777777777778,0.48888888888888893,0.9236708328555595,0.5511864678531345,0.9857374918778427,0.8125925925925926,1.0,0.9455026455026455,0.05588479380216219,0.20792270768231014,1.0,0.9592592592592593,1.0,0.8888888888888888,1.0,0.918294051627385,1.0,0.9691358024691357
2,0.02,0.1,0.8564586754241925,0.8132275132275132,0.4467198431363196,0.4926074255204466,0.9563492063492064,0.8703703703703703,0.6222222222222222,0.5777777777777777,0.7450980392156863,0.6857463524130192,0.880246913580247,0.8256790123456791,1.0,0.9841269841269842,0.015444803322390475,0.10845515571437783,1.0,0.9777777777777779,1.0,0.9777777777777779,1.0,0.9777777777777779,1.0,0.9950617283950618,0.9533388067870826,0.7444444444444445,0.18366552964594818,0.6815752268114263,0.9841269841269842,0.7314814814814814,0.8777777777777778,0.48888888888888893,0.9236708328555595,0.5511864678531345,0.9857374918778427,0.8125925925925926,0.9303503010399561,0.8534391534391534,0.2005346843389494,0.4519990364669424,0.9598765432098766,0.8814814814814815,0.8333333333333334,0.6888888888888888,0.8894239957191454,0.7558601891935224,0.9887589343729695,0.9138271604938271
2,0.02,0.2,0.8564586754241925,0.8132275132275132,0.4467198431363196,0.4926074255204466,0.9563492063492064,0.8703703703703703,0.6222222222222222,0.5777777777777777,0.7450980392156863,0.6857463524130192,0.880246913580247,0.8256790123456791,1.0,0.9767195767195768,0.015548129874085943,0.13749144234381047,1.0,0.9777777777777779,1.0,0.9555555555555555,1.0,0.9654320987654322,1.0,0.9925925925925926,0.9533388067870826,0.7444444444444445,0.18366552964594818,0.6815752268114263,0.9841269841269842,0.7314814814814814,0.8777777777777778,0.48888888888888893,0.9236708328555595,0.5511864678531345,0.9857374918778427,0.8125925925925926,1.0,0.8904761904761904,0.06284584879501671,0.24129190454722987,1.0,0.8801587301587301,1.0,0.8222222222222222,1.0,0.8444444444444444,1.0,0.9545679012345679
2,0.02,0.3,0.8564586754241925,0.8132275132275132,0.4467198431363196,0.4926074255204466,0.9563492063492064,0.8703703703703703,0.6222222222222222,0.5777777777777777,0.7450980392156863,0.6857463524130192,0.880246913580247,0.8256790123456791,1.0,0.9608465608465608,0.016353786804979877,0.15316769783698675,1.0,0.9444444444444444,1.0,0.9555555555555555,1.0,0.9472502805836138,1.0,0.9925925925925926,0.9533388067870826,0.7444444444444445,0.18366552964594818,0.6815752268114263,0.9841269841269842,0.7314814814814814,0.8777777777777778,0.48888888888888893,0.9236708328555595,0.5511864678531345,0.9857374918778427,0.8125925925925926,1.0,0.9455026455026455,0.05588479380216219,0.20792270768231014,1.0,0.9592592592592593,1.0,0.8888888888888888,1.0,0.918294051627385,1.0,0.9691358024691357
2,0.05,0.1,0.8564586754241925,0.8132275132275132,0.4467198431363196,0.4926074255204466,0.9563492063492064,0.8703703703703703,0.6222222222222222,0.5777777777777777,0.7450980392156863,0.6857463524130192,0.880246913580247,0.8256790123456791,1.0,0.9841269841269842,0.015444803322390475,0.10845515571437783,1.0,0.9777777777777779,1.0,0.9777777777777779,1.0,0.9777777777777779,1.0,0.9950617283950618,0.9533388067870826,0.7444444444444445,0.18366552964594818,0.6815752268114263,0.9841269841269842,0.7314814814814814,0.8777777777777778,0.48888888888888893,0.9236708328555595,0.5511864678531345,0.9857374918778427,0.8125925925925926,0.9303503010399561,0.8534391534391534,0.2005346843389494,0.4519990364669424,0.9598765432098766,0.8814814814814815,0.8333333333333334,0.6888888888888888,0.8894239957191454,0.7558601891935224,0.9887589343729695,0.9138271604938271
2,0.05,0.2,0.8564586754241925,0.8132275132275132,0.4467198431363196,0.4926074255204466,0.9563492063492064,0.8703703703703703,0.6222222222222222,0.5777777777777777,0.7450980392156863,0.6857463524130192,0.880246913580247,0.8256790123456791,1.0,0.9767195767195768,0.015548129874085943,0.13749144234381047,1.0,0.9777777777777779,1.0,0.9555555555555555,1.0,0.9654320987654322,1.0,0.9925925925925926,0.9533388067870826,0.7444444444444445,0.18366552964594818,0.6815752268114263,0.9841269841269842,0.7314814814814814,0.8777777777777778,0.48888888888888893,0.9236708328555595,0.5511864678531345,0.9857374918778427,0.8125925925925926,1.0,0.8904761904761904,0.06284584879501671,0.24129190454722987,1.0,0.8801587301587301,1.0,0.8222222222222222,1.0,0.8444444444444444,1.0,0.9545679012345679
2,0.05,0.3,0.8564586754241925,0.8132275132275132,0.4467198431363196,0.4926074255204466,0.9563492063492064,0.8703703703703703,0.6222222222222222,0.5777777777777777,0.7450980392156863,0.6857463524130192,0.880246913580247,0.8256790123456791,1.0,0.9608465608465608,0.016353786804979877,0.15316769783698675,1.0,0.9444444444444444,1.0,0.9555555555555555,1.0,0.9472502805836138,1.0,0.9925925925925926,0.9533388067870826,0.7444444444444445,0.18366552964594818,0.6815752268114263,0.9841269841269842,0.7314814814814814,0.8777777777777778,0.48888888888888893,0.9236708328555595,0.5511864678531345,0.9857374918778427,0.8125925925925926,1.0,0.9455026455026455,0.05588479380216219,0.20792270768231014,1.0,0.9592592592592593,1.0,0.8888888888888888,1.0,0.918294051627385,1.0,0.9691358024691357
2,0.1,0.1,0.8564586754241925,0.8132275132275132,0.4467198431363196,0.4926074255204466,0.9563492063492064,0.8703703703703703,0.6222222222222222,0.5777777777777777,0.7450980392156863,0.6857463524130192,0.880246913580247,0.8256790123456791,1.0,0.9841269841269842,0.015444803322390475,0.10845515571437783,1.0,0.9777777777777779,1.0,0.9777777777777779,1.0,0.9777777777777779,1.0,0.9950617283950618,0.9533388067870826,0.7444444444444445,0.18366552964594818,0.6815752268114263,0.9841269841269842,0.7314814814814814,0.8777777777777778,0.48888888888888893,0.9236708328555595,0.5511864678531345,0.9857374918778427,0.8125925925925926,0.9303503010399561,0.8534391534391534,0.2005346843389494,0.4519990364669424,0.9598765432098766,0.8814814814814815,0.8333333333333334,0.6888888888888888,0.8894239957191454,0.7558601891935224,0.9887589343729695,0.9138271604938271
2,0.1,0.2,0.8564586754241925,0.8132275132275132,0.4467198431363196,0.4926074255204466,0.9563492063492064,0.8703703703703703,0.6222222222222222,0.5777777777777777,0.7450980392156863,0.6857463524130192,0.880246913580247,0.8256790123456791,1.0,0.9767195767195768,0.015548129874085943,0.13749144234381047,1.0,0.9777777777777779,1.0,0.9555555555555555,1.0,0.9654320987654322,1.0,0.9925925925925926,0.9533388067870826,0.7444444444444445,0.18366552964594818,0.6815752268114263,0.9841269841269842,0.7314814814814814,0.8777777777777778,0.48888888888888893,0.9236708328555595,0.5511864678531345,0.9857374918778427,0.8125925925925926,1.0,0.8904761904761904,0.06284584879501671,0.24129190454722987,1.0,0.8801587301587301,1.0,0.8222222222222222,1.0,0.8444444444444444,1.0,0.9545679012345679
2,0.1,0.3,0.8564586754241925,0.8132275132275132,0.4467198431363196,0.4926074255204466,0.9563492063492064,0.8703703703703703,0.6222222222222222,0.5777777777777777,0.7450980392156863,0.6857463524130192,0.880246913580247,0.8256790123456791,1.0,0.9608465608465608,0.016353786804979877,0.15316769783698675,1.0,0.9444444444444444,1.0,0.9555555555555555,1.0,0.9472502805836138,1.0,0.9925925925925926,0.9533388067870826,0.7444444444444445,0.18366552964594818,0.6815752268114263,0.9841269841269842,0.7314814814814814,0.8777777777777778,0.48888888888888893,0.9236708328555595,0.5511864678531345,0.9857374918778427,0.8125925925925926,1.0,0.9455026455026455,0.05588479380216219,0.20792270768231014,1.0,0.9592592592592593,1.0,0.8888888888888888,1.0,0.918294051627385,1.0,0.9691358024691357
2,0.2,0.1,0.8564586754241925,0.8132275132275132,0.4467198431363196,0.4926074255204466,0.9563492063492064,0.8703703703703703,0.6222222222222222,0.5777777777777777,0.7450980392156863,0.6857463524130192,0.880246913580247,0.8256790123456791,1.0,0.9841269841269842,0.015444803322390475,0.10845515571437783,1.0,0.9777777777777779,1.0,0.9777777777777779,1.0,0.9777777777777779,1.0,0.9950617283950618,0.9533388067870826,0.7444444444444445,0.18366552964594818,0.6815752268114263,0.9841269841269842,0.7314814814814814,0.8777777777777778,0.48888888888888893,0.9236708328555595,0.5511864678531345,0.9857374918778427,0.8125925925925926,0.9303503010399561,0.8534391534391534,0.2005346843389494,0.4519990364669424,0.9598765432098766,0.8814814814814815,0.8333333333333334,0.6888888888888888,0.8894239957191454,0.7558601891935224,0.9887589343729695,0.9138271604938271
2,0.2,0.2,0.8564586754241925,0.8132275132275132,0.4467198431363196,0.4926074255204466,0.9563492063492064,0.8703703703703703,0.6222222222222222,0.5777777777777777,0.7450980392156863,0.6857463524130192,0.880246913580247,0.8256790123456791,1.0,0.9767195767195768,0.015548129874085943,0.13749144234381047,1.0,0.9777777777777779,1.0,0.9555555555555555,1.0,0.9654320987654322,1.0,0.9925925925925926,0.9533388067870826,0.7444444444444445,0.18366552964594818,0.6815752268114263,0.9841269841269842,0.7314814814814814,0.8777777777777778,0.48888888888888893,0.9236708328555595,0.5511864678531345,0.9857374918778427,0.8125925925925926,1.0,0.8904761904761904,0.06284584879501671,0.24129190454722987,1.0,0.8801587301587301,1.0,0.8222222222222222,1.0,0.8444444444444444,1.0,0.9545679012345679
2,0.2,0.3,0.8564586754241925,0.8132275132275132,0.4467198431363196,0.4926074255204466,0.9563492063492064,0.8703703703703703,0.6222222222222222,0.5777777777777777,0.7450980392156863,0.6857463524130192,0.880246913580247,0.8256790123456791,1.0,0.9608465608465608,0.016353786804979877,0.15316769783698675,1.0,0.9444444444444444,1.0,0.9555555555555555,1.0,0.9472502805836138,1.0,0.9925925925925926,0.9533388067870826,0.7444444444444445,0.18366552964594818,0.6815752268114263,0.9841269841269842,0.7314814814814814,0.8777777777777778,0.48888888888888893,0.9236708328555595,0.5511864678531345,0.9857374918778427,0.8125925925925926,1.0,0.9455026455026455,0.05588479380216219,0.20792270768231014,1.0,0.9592592592592593,1.0,0.8888888888888888,1.0,0.918294051627385,1.0,0.9691358024691357
4,0.01,0.1,0.9649698960043788,0.9375661375661376,0.15238790943319513,0.23161056236306837,1.0,1.0,0.8999999999999999,0.8222222222222223,0.9460688758934374,0.8950617283950617,1.0,0.9679012345679011,1.0,0.9841269841269842,0.015444803322390475,0.10845515571437783,1.0,0.9777777777777779,1.0,0.9777777777777779,1.0,0.9777777777777779,1.0,0.9950617283950618,0.9920634920634921,0.8518518518518519,0.1093078805303446,0.5106402483082904,1.0,0.8534391534391534,0.9777777777777779,0.7333333333333334,0.9883040935672516,0.7632114798781466,1.0,0.897283950617284,0.9303503010399561,0.8534391534391534,0.2005346843389494,0.4519990364669424,0.9598765432098766,0.8814814814814815,0.8333333333333334,0.6888888888888888,0.8894239957191454,0.7558601891935224,0.9887589343729695,0.9138271604938271
4,0.01,0.2,0.9649698960043788,0.9375661375661376,0.15238790943319513,0.23161056236306837,1.0,1.0,0.8999999999999999,0.8222222222222223,0.9460688758934374,0.8950617283950617,1.0,0.9679012345679011,1.0,0.9767195767195768,0.015548129874085943,0.13749144234381047,1.0,0.9777777777777779,1.0,0.9555555555555555,1.0,0.9654320987654322,1.0,0.9925925925925926,0.9920634920634921,0.8518518518518519,0.1093078805303446,0.5106402483082904,1.0,0.8534391534391534,0.9777777777777779,0.7333333333333334,0.9883040935672516,0.7632114798781466,1.0,0.897283950617284,1.0,0.8904761904761904,0.06284584879501671,0.24129190454722987,1.0,0.8801587301587301,1.0,0.8222222222222222,1.0,0.8444444444444444,1.0,0.9545679012345679
4,0.01,0.3,0.9649698960043788,0.9375661375661376,0.15238790943319513,0.23161056236306837,1.0,1.0,0.8999999999999999,0.8222222222222223,0.9460688758934374,0.8950617283950617,1.0,0.9679012345679011,1.0,0.9608465608465608,0.016353786804979877,0.15316769783698675,1.0,0.9444444444444444,1.0,0.9555555555555555,1.0,0.9472502805836138,1.0,0.9925925925925926,0.9920634920634921,0.8518518518518519,0.1093078805303446,0.5106402483082904,1.0,0.8534391534391534,0.9777777777777779,0.7333333333333334,0.9883040935672516,0.7632114798781466,1.0,0.897283950617284,1.0,0.9455026455026455,0.05588479380216219,0.20792270768231014,1.0,0.9592592592592593,1.0,0.8888888888888888,1.0,0.918294051627385,1.0,0.9691358024691357
4,0.02,0.1,0.9649698960043788,0.9375661375661376,0.15238790943319513,0.23161056236306837,1.0,1.0,0.8999999999999999,0.8222222222222223,0.9460688758934374,0.8950617283950617,1.0,0.9679012345679011,1.0,0.9841269841269842,0.015444803322390475,0.10845515571437783,1.0,0.9777777777777779,1.0,0.9777777777777779,1.0,0.9777777777777779,1.0,0.9950617283950618,0.9920634920634921,0.8518518518518519,0.1093078805303446,0.5106402483082904,1.0,0.8534391534391534,0.9777777777777779,0.7333333333333334,0.9883040935672516,0.7632114798781466,1.0,0.897283950617284,0.9303503010399561,0.8534391534391534,0.2005346843389494,0.4519990364669424,0.9598765432098766,0.8814814814814815,0.8333333333333334,0.6888888888888888,0.8894239957191454,0.7558601891935224,0.9887589343729695,0.9138271604938271
4,0.02,0.2,0.9649698960043788,0.9375661375661376,0.15238790943319513,0.23161056236306837,1.0,1.0,0.8999999999999999,0.8222222222222223,0.9460688758934374,0.8950617283950617,1.0,0.9679012345679011,1.0,0.9767195767195768,0.015548129874085943,0.13749144234381047,1.0,0.9777777777777779,1.0,0.9555555555555555,1.0,0.9654320987654322,1.0,0.9925925925925926,0.9920634920634921,0.8518518518518519,0.1093078805303446,0.5106402483082904,1.0,0.8534391534391534,0.9777777777777779,0.7333333333333334,0.9883040935672516,0.7632114798781466,1.0,0.897283950617284,1.0,0.8904761904761904,0.06284584879501671,0.24129190454722987,1.0,0.8801587301587301,1.0,0.8222222222222222,1.0,0.8444444444444444,1.0,0.9545679012345679
4,0.02,0.3,0.9649698960043788,0.9375661375661376,0.15238790943319513,0.23161056236306837,1.0,1.0,0.8999999999999999,0.8222222222222223,0.9460688758934374,0.8950617283950617,1.0,0.9679012345679011,1.0,0.9608465608465608,0.016353786804979877,0.15316769783698675,1.0,0.9444444444444444,1.0,0.9555555555555555,1.0,0.9472502805836138,1.0,0.9925925925925926,0.9920634920634921,0.8518518518518519,0.1093078805303446,0.5106402483082904,1.0,0.8534391534391534,0.9777777777777779,0.7333333333333334,0.9883040935672516,0.7632114798781466,1.0,0.897283950617284,1.0,0.9455026455026455,0.05588479380216219,0.20792270768231014,1.0,0.9592592592592593,1.0,0.8888888888888888,1.0,0.918294051627385,1.0,0.9691358024691357
4,0.05,0.1,0.9649698960043788,0.9375661375661376,0.15238790943319513,0.23161056236306837,1.0,1.0,0.8999999999999999,0.8222222222222223,0.9460688758934374,0.8950617283950617,1.0,0.9679012345679011,1.0,0.9841269841269842,0.015444803322390475,0.10845515571437783,1.0,0.9777777777777779,1.0,0.9777777777777779,1.0,0.9777777777777779,1.0,0.9950617283950618,0.9920634920634921,0.8518518518518519,0.1093078805303446,0.5106402483082904,1.0,0.8534391534391534,0.9777777777777779,0.7333333333333334,0.9883040935672516,0.7632114798781466,1.0,0.897283950617284,0.9303503010399561,0.8534391534391534,0.2005346843389494,0.4519990364669424,0.9598765432098766,0.8814814814814815,0.8333333333333334,0.6888888888888888,0.8894239957191454,0.7558601891935224,0.9887589343729695,0.9138271604938271
4,0.05,0.2,0.9649698960043788,0.9375661375661376,0.15238790943319513,0.23161056236306837,1.0,1.0,0.8999999999999999,0.8222222222222223,0.9460688758934374,0.8950617283950617,1.0,0.9679012345679011,1.0,0.9767195767195768,0.015548129874085943,0.13749144234381047,1.0,0.9777777777777779,1.0,0.9555555555555555,1.0,0.9654320987654322,1.0,0.9925925925925926,0.9920634920634921,0.8518518518518519,0.1093078805303446,0.5106402483082904,1.0,0.8534391534391534,0.9777777777777779,0.7333333333333334,0.9883040935672516,0.7632114798781466,1.0,0.897283950617284,1.0,0.8904761904761904,0.06284584879501671,0.24129190454722987,1.0,0.8801587301587301,1.0,0.8222222222222222,1.0,0.8444444444444444,1.0,0.9545679012345679
4,0.05,0.3,0.9649698960043788,0.9375661375661376,0.15238790943319513,0.23161056236306837,1.0,1.0,0.8999999999999999,0.8222222222222223,0.9460688758934374,0.8950617283950617,1.0,0.9679012345679011,1.0,0.9608465608465608,0.016353786804979877,0.15316769783698675,1.0,0.9444444444444444,1.0,0.9555555555555555,1.0,0.9472502805836138,1.0,0.9925925925925926,0.9920634920634921,0.8518518518518519,0.1093078805303446,0.5106402483082904,1.0,0.8534391534391534,0.9777777777777779,0.7333333333333334,0.9883040935672516,0.7632114798781466,1.0,0.897283950617284,1.0,0.9455026455026455,0.05588479380216219,0.20792270768231014,1.0,0.9592592592592593,1.0,0.8888888888888888,1.0,0.918294051627385,1.0,0.9691358024691357
4,0.1,0.1,0.9649698960043788,0.9375661375661376,0.15238790943319513,0.23161056236306837,1.0,1.0,0.8999999999999999,0.8222222222222223,0.9460688758934374,0.8950617283950617,1.0,0.9679012345679011,1.0,0.9841269841269842,0.015444803322390475,0.10845515571437783,1.0,0.9777777777777779,1.0,0.9777777777777779,1.0,0.9777777777777779,1.0,0.9950617283950618,0.9920634920634921,0.8518518518518519,0.1093078805303446,0.5106402483082904,1.0,0.8534391534391534,0.9777777777777779,0.7333333333333334,0.9883040935672516,0.7632114798781466,1.0,0.897283950617284,0.9303503010399561,0.8534391534391534,0.2005346843389494,0.4519990364669424,0.9598765432098766,0.8814814814814815,0.8333333333333334,0.6888888888888888,0.8894239957191454,0.7558601891935224,0.9887589343729695,0.9138271604938271
4,0.1,0.2,0.9649698960043788,0.9375661375661376,0.15238790943319513,0.23161056236306837,1.0,1.0,0.8999999999999999,0.8222222222222223,0.9460688758934374,0.8950617283950617,1.0,0.9679012345679011,1.0,0.9767195767195768,0.015548129874085943,0.13749144234381047,1.0,0.9777777777777779,1.0,0.9555555555555555,1.0,0.9654320987654322,1.0,0.9925925925925926,0.9920634920634921,0.8518518518518519,0.1093078805303446,0.5106402483082904,1.0,0.8534391534391534,0.9777777777777779,0.7333333333333334,0.9883040935672516,0.7632114798781466,1.0,0.897283950617284,1.0,0.8904761904761904,0.06284584879501671,0.24129190454722987,1.0,0.8801587301587301,1.0,0.8222222222222222,1.0,0.8444444444444444,1.0,0.9545679012345679
4,0.1,0.3,0.9649698960043788,0.9375661375661376,0.15238790943319513,0.23161056236306837,1.0,1.0,0.8999999999999999,0.8222222222222223,0.9460688758934374,0.8950617283950617,1.0,0.9679012345679011,1.0,0.9608465608465608,0.016353786804979877,0.15316769783698675,1.0,0.9444444444444444,1.0,0.9555555555555555,1.0,0.9472502805836138,1.0,0.9925925925925926,0.9920634920634921,0.8518518518518519,0.1093078805303446,0.5106402483082904,1.0,0.8534391534391534,0.9777777777777779,0.7333333333333334,0.9883040935672516,0.7632114798781466,1.0,0.897283950617284,1.0,0.9455026455026455,0.05588479380216219,0.20792270768231014,1.0,0.9592592592592593,1.0,0.8888888888888888,1.0,0.918294051627385,1.0,0.9691358024691357
4,0.2,0.1,0.9649698960043788,0.9375661375661376,0.15238790943319513,0.23161056236306837,1.0,1.0,0.8999999999999999,0.8222222222222223,0.9460688758934374,0.8950617283950617,1.0,0.9679012345679011,1.0,0.9841269841269842,0.015444803322390475,0.10845515571437783,1.0,0.9777777777777779,1.0,0.9777777777777779,1.0,0.9777777777777779,1.0,0.9950617283950618,0.9920634920634921,0.8518518518518519,0.1093078805303446,0.5106402483082904,1.0,0.8534391534391534,0.9777777777777779,0.7333333333333334,0.9883040935672516,0.7632114798781466,1.0,0.897283950617284,0.9303503010399561,0.8534391534391534,0.2005346843389494,0.4519990364669424,0.9598765432098766,0.8814814814814815,0.8333333333333334,0.6888888888888888,0.8894239957191454,0.7558601891935224,0.9887589343729695,0.9138271604938271
4,0.2,0.2,0.9649698960043788,0.9375661375661376,0.15238790943319513,0.23161056236306837,1.0,1.0,0.8999999999999999,0.8222222222222223,0.9460688758934374,0.8950617283950617,1.0,0.9679012345679011,1.0,0.9767195767195768,0.015548129874085943,0.13749144234381047,1.0,0.9777777777777779,1.0,0.9555555555555555,1.0,0.9654320987654322,1.0,0.9925925925925926,0.9920634920634921,0.8518518518518519,0.1093078805303446,0.5106402483082904,1.0,0.8534391534391534,0.9777777777777779,0.7333333333333334,0.9883040935672516,0.7632114798781466,1.0,0.897283950617284,1.0,0.8904761904761904,0.06284584879501671,0.24129190454722987,1.0,0.8801587301587301,1.0,0.8222222222222222,1.0,0.8444444444444444,1.0,0.9545679012345679
4,0.2,0.3,0.9649698960043788,0.9375661375661376,0.15238790943319513,0.23161056236306837,1.0,1.0,0.8999999999999999,0.8222222222222223,0.9460688758934374,0.8950617283950617,1.0,0.9679012345679011,1.0,0.9608465608465608,0.016353786804979877,0.15316769783698675,1.0,0.9444444444444444,1.0,0.9555555555555555,1.0,0.9472502805836138,1.0,0.9925925925925926,0.9920634920634921,0.8518518518518519,0.1093078805303446,0.5106402483082904,1.0,0.8534391534391534,0.9777777777777779,0.7333333333333334,0.9883040935672516,0.7632114798781466,1.0,0.897283950617284,1.0,0.9455026455026455,0.05588479380216219,0.20792270768231014,1.0,0.9592592592592593,1.0,0.8888888888888888,1.0,0.918294051627385,1.0,0.9691358024691357
8,0.01,0.1,0.9923371647509579,0.9455026455026455,0.10581289086592463,0.17654662458874662,1.0,1.0,0.9777777777777779,0.8444444444444444,0.9883040935672516,0.9074074074074073,1.0,0.9879012345679014,1.0,0.9841269841269842,0.015444803322390475,0.10845515571437783,1.0,0.9777777777777779,1.0,0.9777777777777779,1.0,0.9777777777777779,1.0,0.9950617283950618,1.0,0.8677248677248678,0.09122164118026925,0.484340296894918,1.0,0.8812169312169311,1.0,0.7555555555555555,1.0,0.7918310084976752,1.0,0.9167901234567901,0.9303503010399561,0.8534391534391534,0.2005346843389494,0.4519990364669424,0.9598765432098766,0.8814814814814815,0.8333333333333334,0.6888888888888888,0.8894239957191454,0.7558601891935224,0.9887589343729695,0.9138271604938271
8,0.01,0.2,0.9923371647509579,0.9455026455026455,0.10581289086592463,0.17654662458874662,1.0,1.0,0.9777777777777779,0.8444444444444444,0.9883040935672516,0.9074074074074073,1.0,0.9879012345679014,1.0,0.9767195767195768,0.015548129874085943,0.13749144234381047,1.0,0.9777777777777779,1.0,0.9555555555555555,1.0,0.9654320987654322,1.0,0.9925925925925926,1.0,0.8677248677248678,0.09122164118026925,0.484340296894918,1.0,0.8812169312169311,1.0,0.7555555555555555,1.0,0.7918310084976752,1.0,0.9167901234567901,1.0,0.8904761904761904,0.06284584879501671,0.24129190454722987,1.0,0.8801587301587301,1.0,0.8222222222222222,1.0,0.8444444444444444,1.0,0.9545679012345679
8,0.01,0.3,0.9923371647509579,0.9455026455026455,0.10581289086592463,0.17654662458874662,1.0,1.0,0.9777777777777779,0.8444444444444444,0.9883040935672516,0.9074074074074073,1.0,0.9879012345679014,1.0,0.9608465608465608,0.016353786804979877,0.15316769783698675,1.0,0.9444444444444444,1.0,0.9555555555555555,1.0,0.9472502805836138,1.0,0.9925925925925926,1.0,0.8677248677248678,0.09122164118026925,0.484340296894918,1.0,0.8812169312169311,1.0,0.7555555555555555,1.0,0.7918310084976752,1.0,0.9167901234567901,1.0,0.9455026455026455,0.05588479380216219,0.20792270768231014,1.0,0.9592592592592593,1.0,0.8888888888888888,1.0,0.918294051627385,1.0,0.9691358024691357
8,0.02,0.1,0.9923371647509579,0.9455026455026455,0.10581289086592463,0.17654662458874662,1.0,1.0,0.9777777777777779,0.8444444444444444,0.9883040935672516,0.9074074074074073,1.0,0.9879012345679014,1.0,0.9841269841269842,0.015444803322390475,0.10845515571437783,1.0,0.9777777777777779,1.0,0.9777777777777779,1.0,0.9777777777777779,1.0,0.9950617283950618,1.0,0.8677248677248678,0.09122164118026925,0.484340296894918,1.0,0.8812169312169311,1.0,0.7555555555555555,1.0,0.7918310084976752,1.0,0.9167901234567901,0.9303503010399561,0.8534391534391534,0.2005346843389494,0.4519990364669424,0.9598765432098766,0.8814814814814815,0.8333333333333334,0.6888888888888888,0.8894239957191454,0.7558601891935224,0.9887589343729695,0.9138271604938271
8,0.02,0.2,0.9923371647509579,0.9455026455026455,0.10581289086592463,0.17654662458874662,1.0,1.0,0.9777777777777779,0.8444444444444444,0.9883040935672516,0.9074074074074073,1.0,0.9879012345679014,1.0,0.9767195767195768,0.015548129874085943,0.13749144234381047,1.0,0.9777777777777779,1.0,0.9555555555555555,1.0,0.9654320987654322,1.0,0.9925925925925926,1.0,0.8677248677248678,0.09122164118026925,0.484340296894918,1.0,0.8812169312169311,1.0,0.7555555555555555,1.0,0.7918310084976752,1.0,0.9167901234567901,1.0,0.8904761904761904,0.06284584879501671,0.24129190454722987,1.0,0.8801587301587301,1.0,0.8222222222222222,1.0,0.8444444444444444,1.0,0.9545679012345679
8,0.02,0.3,0.9923371647509579,0.9455026455026455,0.10581289086592463,0.17654662458874662,1.0,1.0,0.9777777777777779,0.8444444444444444,0.9883040935672516,0.9074074074074073,1.0,0.9879012345679014,1.0,0.9608465608465608,0.016353786804979877,0.15316769783698675,1.0,0.9444444444444444,1.0,0.9555555555555555,1.0,0.9472502805836138,1.0,0.9925925925925926,1.0,0.8677248677248678,0.09122164118026925,0.484340296894918,1.0,0.8812169312169311,1.0,0.7555555555555555,1.0,0.7918310084976752,1.0,0.9167901234567901,1.0,0.9455026455026455,0.05588479380216219,0.20792270768231014,1.0,0.9592592592592593,1.0,0.8888888888888888,1.0,0.918294051627385,1.0,0.9691358024691357
8,0.05,0.1,0.9923371647509579,0.9455026455026455,0.10581289086592463,0.17654662458874662,1.0,1.0,0.9777777777777779,0.8444444444444444,0.9883040935672516,0.9074074074074073,1.0,0.9879012345679014,1.0,0.9841269841269842,0.015444803322390475,0.10845515571437783,1.0,0.9777777777777779,1.0,0.9777777777777779,1.0,0.9777777777777779,1.0,0.9950617283950618,1.0,0.8677248677248678,0.09122164118026925,0.484340296894918,1.0,0.8812169312169311,1.0,0.7555555555555555,1.0,0.7918310084976752,1.0,0.9167901234567901,0.9303503010399561,0.8534391534391534,0.2005346843389494,0.4519990364669424,0.9598765432098766,0.8814814814814815,0.8333333333333334,0.6888888888888888,0.8894239957191454,0.7558601891935224,0.9887589343729695,0.9138271604938271
8,0.05,0.2,0.9923371647509579,0.9455026455026455,0.10581289086592463,0.17654662458874662,1.0,1.0,0.9777777777777779,0.8444444444444444,0.9883040935672516,0.9074074074074073,1.0,0.9879012345679014,1.0,0.9767195767195768,0.015548129874085943,0.13749144234381047,1.0,0.9777777777777779,1.0,0.9555555555555555,1.0,0.9654320987654322,1.0,0.9925925925925926,1.0,0.8677248677248678,0.09122164118026925,0.484340296894918,1.0,0.8812169312169311,1.0,0.7555555555555555,1.0,0.7918310084976752,1.0,0.9167901234567901,1.0,0.8904761904761904,0.06284584879501671,0.24129190454722987,1.0,0.8801587301587301,1.0,0.8222222222222222,1.0,0.8444444444444444,1.0,0.9545679012345679
8,0.05,0.3,0.9923371647509579,0.9455026455026455,0.10581289086592463,0.17654662458874662,1.0,1.0,0.9777777777777779,0.8444444444444444,0.9883040935672516,0.9074074074074073,1.0,0.9879012345679014,1.0,0.9608465608465608,0.016353786804979877,0.15316769783698675,1.0,0.9444444444444444,1.0,0.9555555555555555,1.0,0.9472502805836138,1.0,0.9925925925925926,1.0,0.8677248677248678,0.09122164118026925,0.484340296894918,1.0,0.8812169312169311,1.0,0.7555555555555555,1.0,0.7918310084976752,1.0,0.9167901234567901,1.0,0.9455026455026455,0.05588479380216219,0.20792270768231014,1.0,0.9592592592592593,1.0,0.8888888888888888,1.0,0.918294051627385,1.0,0.9691358024691357
8,0.1,0.1,0.9923371647509579,0.9455026455026455,0.10581289086592463,0.17654662458874662,1.0,1.0,0.9777777777777779,0.8444444444444444,0.9883040935672516,0.9074074074074073,1.0,0.9879012345679014,1.0,0.9841269841269842,0.015444803322390475,0.10845515571437783,1.0,0.9777777777777779,1.0,0.9777777777777779,1.0,0.9777777777777779,1.0,0.9950617283950618,1.0,0.8677248677248678,0.09122164118026925,0.484340296894918,1.0,0.8812169312169311,1.0,0.7555555555555555,1.0,0.7918310084976752,1.0,0.9167901234567901,0.9303503010399561,0.8534391534391534,0.2005346843389494,0.4519990364669424,0.9598765432098766,0.8814814814814815,0.8333333333333334,0.6888888888888888,0.8894239957191454,0.7558601891935224,0.9887589343729695,0.9138271604938271
8,0.1,0.2,0.9923371647509579,0.9455026455026455,0.10581289086592463,0.17654662458874662,1.0,1.0,0.9777777777777779,0.8444444444444444,0.9883040935672516,0.9074074074074073,1.0,0.9879012345679014,1.0,0.9767195767195768,0.015548129874085943,0.13749144234381047,1.0,0.9777777777777779,1.0,0.9555555555555555,1.0,0.9654320987654322,1.0,0.9925925925925926,1.0,0.8677248677248678,0.09122164118026925,0.484340296894918,1.0,0.8812169312169311,1.0,0.7555555555555555,1.0,0.7918310084976752,1.0,0.9167901234567901,1.0,0.8904761904761904,0.06284584879501671,0.24129190454722987,1.0,0.8801587301587301,1.0,0.8222222222222222,1.0,0.8444444444444444,1.0,0.9545679012345679
8,0.1,0.3,0.9923371647509579,0.9455026455026455,0.10581289086592463,0.17654662458874662,1.0,1.0,0.9777777777777779,0.8444444444444444,0.9883040935672516,0.9074074074074073,1.0,0.9879012345679014,1.0,0.9608465608465608,0.016353786804979877,0.15316769783698675,1.0,0.9444444444444444,1.0,0.9555555555555555,1.0,0.9472502805836138,1.0,0.9925925925925926,1.0,0.8677248677248678,0.09122164118026925,0.484340296894918,1.0,0.8812169312169311,1.0,0.7555555555555555,1.0,0.7918310084976752,1.0,0.9167901234567901,1.0,0.9455026455026455,0.05588479380216219,0.20792270768231014,1.0,0.9592592592592593,1.0,0.8888888888888888,1.0,0.918294051627385,1.0,0.9691358024691357
8,0.2,0.1,0.9923371647509579,0.9455026455026455,0.10581289086592463,0.17654662458874662,1.0,1.0,0.9777777777777779,0.8444444444444444,0.9883040935672516,0.9074074074074073,1.0,0.9879012345679014,1.0,0.9841269841269842,0.015444803322390475,0.10845515571437783,1.0,0.9777777777777779,1.0,0.9777777777777779,1.0,0.9777777777777779,1.0,0.9950617283950618,1.0,0.8677248677248678,0.09122164118026925,0.484340296894918,1.0,0.8812169312169311,1.0,0.7555555555555555,1.0,0.7918310084976752,1.0,0.9167901234567901,0.9303503010399561,0.8534391534391534,0.2005346843389494,0.4519990364669424,0.9598765432098766,0.8814814814814815,0.8333333333333334,0.6888888888888888,0.8894239957191454,0.7558601891935224,0.9887589343729695,0.9138271604938271
8,0.2,0.2,0.9923371647509579,0.9455026455026455,0.10581289086592463,0.17654662458874662,1.0,1.0,0.9777777777777779,0.8444444444444444,0.9883040935672516,0.9074074074074073,1.0,0.9879012345679014,1.0,0.9767195767195768,0.015548129874085943,0.13749144234381047,1.0,0.9777777777777779,1.0,0.9555555555555555,1.0,0.9654320987654322,1.0,0.9925925925925926,1.0,0.8677248677248678,0.09122164118026925,0.484340296894918,1.0,0.8812169312169311,1.0,0.7555555555555555,1.0,0.7918310084976752,1.0,0.9167901234567901,1.0,0.8904761904761904,0.06284584879501671,0.24129190454722987,1.0,0.8801587301587301,1.0,0.8222222222222222,1.0,0.8444444444444444,1.0,0.9545679012345679
8,0.2,0.3,0.9923371647509579,0.9455026455026455,0.10581289086592463,0.17654662458874662,1.0,1.0,0.9777777777777779,0.8444444444444444,0.9883040935672516,0.9074074074074073,1.0,0.9879012345679014,1.0,0.9608465608465608,0.016353786804979877,0.15316769783698675,1.0,0.9444444444444444,1.0,0.9555555555555555,1.0,0.9472502805836138,1.0,0.9925925925925926,1.0,0.8677248677248678,0.09122164118026925,0.484340296894918,1.0,0.8812169312169311,1.0,0.7555555555555555,1.0,0.7918310084976752,1.0,0.9167901234567901,1.0,0.9455026455026455,0.05588479380216219,0.20792270768231014,1.0,0.9592592592592593,1.0,0.8888888888888888,1.0,0.918294051627385,1.0,0.9691358024691357
16,0.01,0.1,1.0,0.9846560846560847,0.05785607706112364,0.11085809544221172,1.0,1.0,1.0,0.9555555555555555,1.0,0.9753086419753088,1.0,1.0,1.0,0.9841269841269842,0.015444803322390475,0.10845515571437783,1.0,0.9777777777777779,1.0,0.9777777777777779,1.0,0.9777777777777779,1.0,0.9950617283950618,1.0,0.8677248677248677,0.06682779409787244,0.36416510894163145,1.0,0.8534391534391534,1.0,0.7777777777777778,1.0,0.7953984287317621,1.0,0.9471604938271605,0.9303503010399561,0.8534391534391534,0.2005346843389494,0.4519990364669424,0.9598765432098766,0.8814814814814815,0.8333333333333334,0.6888888888888888,0.8894239957191454,0.7558601891935224,0.9887589343729695,0.9138271604938271
16,0.01,0.2,1.0,0.9846560846560847,0.05785607706112364,0.11085809544221172,1.0,1.0,1.0,0.9555555555555555,1.0,0.9753086419753088,1.0,1.0,1.0,0.9767195767195768,0.015548129874085943,0.13749144234381047,1.0,0.9777777777777779,1.0,0.9555555555555555,1.0,0.9654320987654322,1.0,0.9925925925925926,1.0,0.8677248677248677,0.06682779409787244,0.36416510894163145,1.0,0.8534391534391534,1.0,0.7777777777777778,1.0,0.7953984287317621,1.0,0.9471604938271605,1.0,0.8904761904761904,0.06284584879501671,0.24129190454722987,1.0,0.8801587301587301,1.0,0.8222222222222222,1.0,0.8444444444444444,1.0,0.9545679012345679
16,0.01,0.3,1.0,0.9846560846560847,0.05785607706112364,0.11085809544221172,1.0,1.0,1.0,0.9555555555555555,1.0,0.9753086419753088,1.0,1.0,1.0,0.9608465608465608,0.016353786804979877,0.15316769783698675,1.0,0.9444444444444444,1.0,0.9555555555555555,1.0,0.9472502805836138,1.0,0.9925925925925926,1.0,0.8677248677248677,0.06682779409787244,0.36416510894163145,1.0,0.8534391534391534,1.0,0.7777777777777778,1.0,0.7953984287317621,1.0,0.9471604938271605,1.0,0.9455026455026455,0.05588479380216219,0.20792270768231014,1.0,0.9592592592592593,1.0,0.8888888888888888,1.0,0.918294051627385,1.0,0.9691358024691357
16,0.02,0.1,1.0,0.9846560846560847,0.05785607706112364,0.11085809544221172,1.0,1.0,1.0,0.9555555555555555,1.0,0.9753086419753088,1.0,1.0,1.0,0.9841269841269842,0.015444803322390475,0.10845515571437783,1.0,0.9777777777777779,1.0,0.9777777777777779,1.0,0.9777777777777779,1.0,0.9950617283950618,1.0,0.8677248677248677,0.06682779409787244,0.36416510894163145,1.0,0.8534391534391534,1.0,0.7777777777777778,1.0,0.7953984287317621,1.0,0.9471604938271605,0.9303503010399561,0.8534391534391534,0.2005346843389494,0.4519990364669424,0.9598765432098766,0.8814814814814815,0.8333333333333334,0.6888888888888888,0.8894239957191454,0.7558601891935224,0.9887589343729695,0.9138271604938271
16,0.02,0.2,1.0,0.9846560846560847,0.05785607706112364,0.11085809544221172,1.0,1.0,1.0,0.9555555555555555,1.0,0.9753086419753088,1.0,1.0,1.0,0.9767195767195768,0.015548129874085943,0.13749144234381047,1.0,0.9777777777777779,1.0,0.9555555555555555,1.0,0.9654320987654322,1.0,0.9925925925925926,1.0,0.8677248677248677,0.06682779409787244,0.36416510894163145,1.0,0.8534391534391534,1.0,0.7777777777777778,1.0,0.7953984287317621,1.0,0.9471604938271605,1.0,0.8904761904761904,0.06284584879501671,0.24129190454722987,1.0,0.8801587301587301,1.0,0.8222222222222222,1.0,0.8444444444444444,1.0,0.9545679012345679
16,0.02,0.3,1.0,0.9846560846560847,0.05785607706112364,0.11085809544221172,1.0,1.0,1.0,0.9555555555555555,1.0,0.9753086419753088,1.0,1.0,1.0,0.9608465608465608,0.016353786804979877,0.15316769783698675,1.0,0.9444444444444444,1.0,0.9555555555555555,1.0,0.9472502805836138,1.0,0.9925925925925926,1.0,0.8677248677248677,0.06682779409787244,0.36416510894163145,1.0,0.8534391534391534,1.0,0.7777777777777778,1.0,0.7953984287317621,1.0,0.9471604938271605,1.0,0.9455026455026455,0.05588479380216219,0.20792270768231014,1.0,0.9592592592592593,1.0,0.8888888888888888,1.0,0.918294051627385,1.0,0.9691358024691357
16,0.05,0.1,1.0,0.9846560846560847,0.05785607706112364,0.11085809544221172,1.0,1.0,1.0,0.9555555555555555,1.0,0.9753086419753088,1.0,1.0,1.0,0.9841269841269842,0.015444803322390475,0.10845515571437783,1.0,0.9777777777777779,1.0,0.9777777777777779,1.0,0.9777777777777779,1.0,0.9950617283950618,1.0,0.8677248677248677,0.06682779409787244,0.36416510894163145,1.0,0.8534391534391534,1.0,0.7777777777777778,1.0,0.7953984287317621,1.0,0.9471604938271605,0.9303503010399561,0.8534391534391534,0.2005346843389494,0.4519990364669424,0.9598765432098766,0.8814814814814815,0.8333333333333334,0.6888888888888888,0.8894239957191454,0.7558601891935224,0.9887589343729695,0.9138271604938271
16,0.05,0.2,1.0,0.9846560846560847,0.05785607706112364,0.11085809544221172,1.0,1.0,1.0,0.9555555555555555,1.0,0.9753086419753088,1.0,1.0,1.0,0.9767195767195768,0.015548129874085943,0.13749144234381047,1.0,0.9777777777777779,1.0,0.9555555555555555,1.0,0.9654320987654322,1.0,0.9925925925925926,1.0,0.8677248677248677,0.06682779409787244,0.36416510894163145,1.0,0.8534391534391534,1.0,0.7777777777777778,1.0,0.7953984287317621,1.0,0.9471604938271605,1.0,0.8904761904761904,0.06284584879501671,0.24129190454722987,1.0,0.8801587301587301,1.0,0.8222222222222222,1.0,0.8444444444444444,1.0,0.9545679012345679
16,0.05,0.3,1.0,0.9846560846560847,0.05785607706112364,0.11085809544221172,1.0,1.0,1.0,0.9555555555555555,1.0,0.9753086419753088,1.0,1.0,1.0,0.9608465608465608,0.016353786804979877,0.15316769783698675,1.0,0.9444444444444444,1.0,0.9555555555555555,1.0,0.9472502805836138,1.0,0.9925925925925926,1.0,0.8677248677248677,0.06682779409787244,0.36416510894163145,1.0,0.8534391534391534,1.0,0.7777777777777778,1.0,0.7953984287317621,1.0,0.9471604938271605,1.0,0.9455026455026455,0.05588479380216219,0.20792270768231014,1.0,0.9592592592592593,1.0,0.8888888888888888,1.0,0.918294051627385,1.0,0.9691358024691357
16,0.1,0.1,1.0,0.9846560846560847,0.05785607706112364,0.11085809544221172,1.0,1.0,1.0,0.9555555555555555,1.0,0.9753086419753088,1.0,1.0,1.0,0.9841269841269842,0.015444803322390475,0.10845515571437783,1.0,0.9777777777777779,1.0,0.9777777777777779,1.0,0.9777777777777779,1.0,0.9950617283950618,1.0,0.8677248677248677,0.06682779409787244,0.36416510894163145,1.0,0.8534391534391534,1.0,0.7777777777777778,1.0,0.7953984287317621,1.0,0.9471604938271605,0.9303503010399561,0.8534391534391534,0.2005346843389494,0.4519990364669424,0.9598765432098766,0.8814814814814815,0.8333333333333334,0.6888888888888888,0.8894239957191454,0.7558601891935224,0.9887589343729695,0.9138271604938271
16,0.1,0.2,1.0,0.9846560846560847,0.05785607706112364,0.11085809544221172,1.0,1.0,1.0,0.9555555555555555,1.0,0.9753086419753088,1.0,1.0,1.0,0.9767195767195768,0.015548129874085943,0.13749144234381047,1.0,0.9777777777777779,1.0,0.9555555555555555,1.0,0.9654320987654322,1.0,0.9925925925925926,1.0,0.8677248677248677,0.06682779409787244,0.36416510894163145,1.0,0.8534391534391534,1.0,0.7777777777777778,1.0,0.7953984287317621,1.0,0.9471604938271605,1.0,0.8904761904761904,0.06284584879501671,0.24129190454722987,1.0,0.8801587301587301,1.0,0.8222222222222222,1.0,0.8444444444444444,1.0,0.9545679012345679
16,0.1,0.3,1.0,0.9846560846560847,0.05785607706112364,0.11085809544221172,1.0,1.0,1.0,0.9555555555555555,1.0,0.9753086419753088,1.0,1.0,1.0,0.9608465608465608,0.016353786804979877,0.15316769783698675,1.0,0.9444444444444444,1.0,0.9555555555555555,1.0,0.9472502805836138,1.0,0.9925925925925926,1.0,0.8677248677248677,0.06682779409787244,0.36416510894163145,1.0,0.8534391534391534,1.0,0.7777777777777778,1.0,0.7953984287317621,1.0,0.9471604938271605,1.0,0.9455026455026455,0.05588479380216219,0.20792270768231014,1.0,0.9592592592592593,1.0,0.8888888888888888,1.0,0.918294051627385,1.0,0.9691358024691357
16,0.2,0.1,1.0,0.9846560846560847,0.05785607706112364,0.11085809544221172,1.0,1.0,1.0,0.9555555555555555,1.0,0.9753086419753088,1.0,1.0,1.0,0.9841269841269842,0.015444803322390475,0.10845515571437783,1.0,0.9777777777777779,1.0,0.9777777777777779,1.0,0.9777777777777779,1.0,0.9950617283950618,1.0,0.8677248677248677,0.06682779409787244,0.36416510894163145,1.0,0.8534391534391534,1.0,0.7777777777777778,1.0,0.7953984287317621,1.0,0.9471604938271605,0.9303503010399561,0.8534391534391534,0.2005346843389494,0.4519990364669424,0.9598765432098766,0.8814814814814815,0.8333333333333334,0.6888888888888888,0.8894239957191454,0.7558601891935224,0.9887589343729695,0.9138271604938271
16,0.2,0.2,1.0,0.9846560846560847,0.05785607706112364,0.11085809544221172,1.0,1.0,1.0,0.9555555555555555,1.0,0.9753086419753088,1.0,1.0,1.0,0.9767195767195768,0.015548129874085943,0.13749144234381047,1.0,0.9777777777777779,1.0,0.9555555555555555,1.0,0.9654320987654322,1.0,0.9925925925925926,1.0,0.8677248677248677,0.06682779409787244,0.36416510894163145,1.0,0.8534391534391534,1.0,0.7777777777777778,1.0,0.7953984287317621,1.0,0.9471604938271605,1.0,0.8904761904761904,0.06284584879501671,0.24129190454722987,1.0,0.8801587301587301,1.0,0.8222222222222222,1.0,0.8444444444444444,1.0,0.9545679012345679
16,0.2,0.3,1.0,0.9846560846560847,0.05785607706112364,0.11085809544221172,1.0,1.0,1.0,0.9555555555555555,1.0,0.9753086419753088,1.0,1.0,1.0,0.9608465608465608,0.016353786804979877,0.15316769783698675,1.0,0.9444444444444444,1.0,0.9555555555555555,1.0,0.9472502805836138,1.0,0.9925925925925926,1.0,0.8677248677248677,0.06682779409787244,0.36416510894163145,1.0,0.8534391534391534,1.0,0.7777777777777778,1.0,0.7953984287317621,1.0,0.9471604938271605,1.0,0.9455026455026455,0.05588479380216219,0.20792270768231014,1.0,0.9592592592592593,1.0,0.8888888888888888,1.0,0.918294051627385,1.0,0.9691358024691357
32,0.01,0.1,1.0,0.9920634920634921,0.047276558242916635,0.0956146654233512,1.0,1.0,1.0,0.9777777777777779,1.0,0.9876543209876544,1.0,0.9975308641975309,1.0,0.9841269841269842,0.015444803322390475,0.10845515571437783,1.0,0.9777777777777779,1.0,0.9777777777777779,1.0,0.9777777777777779,1.0,0.9950617283950618,1.0,0.9227513227513229,0.05371214998072696,0.25856262488546894,1.0,0.9222222222222223,1.0,0.8666666666666667,1.0,0.8879910213243547,1.0,0.9513580246913579,0.9303503010399561,0.8534391534391534,0.2005346843389494,0.4519990364669424,0.9598765432098766,0.8814814814814815,0.8333333333333334,0.6888888888888888,0.8894239957191454,0.7558601891935224,0.9887589343729695,0.9138271604938271
32,0.01,0.2,1.0,0.9920634920634921,0.047276558242916635,0.0956146654233512,1.0,1.0,1.0,0.9777777777777779,1.0,0.9876543209876544,1.0,0.9975308641975309,1.0,0.9767195767195768,0.015548129874085943,0.13749144234381047,1.0,0.9777777777777779,1.0,0.9555555555555555,1.0,0.9654320987654322,1.0,0.9925925925925926,1.0,0.9227513227513229,0.05371214998072696,0.25856262488546894,1.0,0.9222222222222223,1.0,0.8666666666666667,1.0,0.8879910213243547,1.0,0.9513580246913579,1.0,0.8904761904761904,0.06284584879501671,0.24129190454722987,1.0,0.8801587301587301,1.0,0.8222222222222222,1.0,0.8444444444444444,1.0,0.9545679012345679
32,0.01,0.3,1.0,0.9920634920634921,0.047276558242916635,0.0956146654233512,1.0,1.0,1.0,0.9777777777777779,1.0,0.9876543209876544,1.0,0.9975308641975309,1.0,0.9608465608465608,0.016353786804979877,0.15316769783698675,1.0,0.9444444444444444,1.0,0.9555555555555555,1.0,0.9472502805836138,1.0,0.9925925925925926,1.0,0.9227513227513229,0.05371214998072696,0.25856262488546894,1.0,0.9222222222222223,1.0,0.8666666666666667,1.0,0.8879910213243547,1.0,0.9513580246913579,1.0,0.9455026455026455,0.05588479380216219,0.20792270768231014,1.0,0.9592592592592593,1.0,0.8888888888888888,1.0,0.918294051627385,1.0,0.9691358024691357
32,0.02,0.1,1.0,0.9920634920634921,0.047276558242916635,0.0956146654233512,1.0,1.0,1.0,0.9777777777777779,1.0,0.9876543209876544,1.0,0.9975308641975309,1.0,0.9841269841269842,0.015444803322390475,0.10845515571437783,1.0,0.9777777777777779,1.0,0.9777777777777779,1.0,0.9777777777777779,1.0,0.9950617283950618,1.0,0.9227513227513229,0.05371214998072696,0.25856262488546894,1.0,0.9222222222222223,1.0,0.8666666666666667,1.0,0.8879910213243547,1.0,0.9513580246913579,0.9303503010399561,0.8534391534391534,0.2005346843389494,0.4519990364669424,0.9598765432098766,0.8814814814814815,0.8333333333333334,0.6888888888888888,0.8894239957191454,0.7558601891935224,0.9887589343729695,0.9138271604938271
32,0.02,0.2,1.0,0.9920634920634921,0.047276558242916635,0.0956146654233512,1.0,1.0,1.0,0.9777777777777779,1.0,0.9876543209876544,1.0,0.9975308641975309,1.0,0.9767195767195768,0.015548129874085943,0.13749144234381047,1.0,0.9777777777777779,1.0,0.9555555555555555,1.0,0.9654320987654322,1.0,0.9925925925925926,1.0,0.9227513227513229,0.05371214998072696,0.25856262488546894,1.0,0.9222222222222223,1.0,0.8666666666666667,1.0,0.8879910213243547,1.0,0.9513580246913579,1.0,0.8904761904761904,0.06284584879501671,0.24129190454722987,1.0,0.8801587301587301,1.0,0.8222222222222222,1.0,0.8444444444444444,1.0,0.9545679012345679
32,0.02,0.3,1.0,0.9920634920634921,0.047276558242916635,0.0956146654233512,1.0,1.0,1.0,0.9777777777777779,1.0,0.9876543209876544,1.0,0.9975308641975309,1.0,0.9608465608465608,0.016353786804979877,0.15316769783698675,1.0,0.9444444444444444,1.0,0.9555555555555555,1.0,0.9472502805836138,1.0,0.9925925925925926,1.0,0.9227513227513229,0.05371214998072696,0.25856262488546894,1.0,0.9222222222222223,1.0,0.8666666666666667,1.0,0.8879910213243547,1.0,0.9513580246913579,1.0,0.9455026455026455,0.05588479380216219,0.20792270768231014,1.0,0.9592592592592593,1.0,0.8888888888888888,1.0,0.918294051627385,1.0,0.9691358024691357
32,0.05,0.1,1.0,0.9920634920634921,0.047276558242916635,0.0956146654233512,1.0,1.0,1.0,0.9777777777777779,1.0,0.9876543209876544,1.0,0.9975308641975309,1.0,0.9841269841269842,0.015444803322390475,0.10845515571437783,1.0,0.9777777777777779,1.0,0.9777777777777779,1.0,0.9777777777777779,1.0,0.9950617283950618,1.0,0.9227513227513229,0.05371214998072696,0.25856262488546894,1.0,0.9222222222222223,1.0,0.8666666666666667,1.0,0.8879910213243547,1.0,0.9513580246913579,0.9303503010399561,0.8534391534391534,0.2005346843389494,0.4519990364669424,0.9598765432098766,0.8814814814814815,0.8333333333333334,0.6888888888888888,0.8894239957191454,0.7558601891935224,0.9887589343729695,0.9138271604938271
32,0.05,0.2,1.0,0.9920634920634921,0.047276558242916635,0.0956146654233512,1.0,1.0,1.0,0.9777777777777779,1.0,0.9876543209876544,1.0,0.9975308641975309,1.0,0.9767195767195768,0.015548129874085943,0.13749144234381047,1.0,0.9777777777777779,1.0,0.9555555555555555,1.0,0.9654320987654322,1.0,0.9925925925925926,1.0,0.9227513227513229,0.05371214998072696,0.25856262488546894,1.0,0.9222222222222223,1.0,0.8666666666666667,1.0,0.8879910213243547,1.0,0.9513580246913579,1.0,0.8904761904761904,0.06284584879501671,0.24129190454722987,1.0,0.8801587301587301,1.0,0.8222222222222222,1.0,0.8444444444444444,1.0,0.9545679012345679
32,0.05,0.3,1.0,0.9920634920634921,0.047276558242916635,0.0956146654233512,1.0,1.0,1.0,0.9777777777777779,1.0,0.9876543209876544,1.0,0.9975308641975309,1.0,0.9608465608465608,0.016353786804979877,0.15316769783698675,1.0,0.9444444444444444,1.0,0.9555555555555555,1.0,0.9472502805836138,1.0,0.9925925925925926,1.0,0.9227513227513229,0.05371214998072696,0.25856262488546894,1.0,0.9222222222222223,1.0,0.8666666666666667,1.0,0.8879910213243547,1.0,0.9513580246913579,1.0,0.9455026455026455,0.05588479380216219,0.20792270768231014,1.0,0.9592592592592593,1.0,0.8888888888888888,1.0,0.918294051627385,1.0,0.9691358024691357
32,0.1,0.1,1.0,0.9920634920634921,0.047276558242916635,0.0956146654233512,1.0,1.0,1.0,0.9777777777777779,1.0,0.9876543209876544,1.0,0.9975308641975309,1.0,0.9841269841269842,0.015444803322390475,0.10845515571437783,1.0,0.9777777777777779,1.0,0.9777777777777779,1.0,0.9777777777777779,1.0,0.9950617283950618,1.0,0.9227513227513229,0.05371214998072696,0.25856262488546894,1.0,0.9222222222222223,1.0,0.8666666666666667,1.0,0.8879910213243547,1.0,0.9513580246913579,0.9303503010399561,0.8534391534391534,0.2005346843389494,0.4519990364669424,0.9598765432098766,0.8814814814814815,0.8333333333333334,0.6888888888888888,0.8894239957191454,0.7558601891935224,0.9887589343729695,0.9138271604938271
32,0.1,0.2,1.0,0.9920634920634921,0.047276558242916635,0.0956146654233512,1.0,1.0,1.0,0.9777777777777779,1.0,0.9876543209876544,1.0,0.9975308641975309,1.0,0.9767195767195768,0.015548129874085943,0.13749144234381047,1.0,0.9777777777777779,1.0,0.9555555555555555,1.0,0.9654320987654322,1.0,0.9925925925925926,1.0,0.9227513227513229,0.05371214998072696,0.25856262488546894,1.0,0.9222222222222223,1.0,0.8666666666666667,1.0,0.8879910213243547,1.0,0.9513580246913579,1.0,0.8904761904761904,0.06284584879501671,0.24129190454722987,1.0,0.8801587301587301,1.0,0.8222222222222222,1.0,0.8444444444444444,1.0,0.9545679012345679
32,0.1,0.3,1.0,0.9920634920634921,0.047276558242916635,0.0956146654233512,1.0,1.0,1.0,0.9777777777777779,1.0,0.9876543209876544,1.0,0.9975308641975309,1.0,0.9608465608465608,0.016353786804979877,0.15316769783698675,1.0,0.9444444444444444,1.0,0.9555555555555555,1.0,0.9472502805836138,1.0,0.9925925925925926,1.0,0.9227513227513229,0.05371214998072696,0.25856262488546894,1.0,0.9222222222222223,1.0,0.8666666666666667,1.0,0.8879910213243547,1.0,0.9513580246913579,1.0,0.9455026455026455,0.05588479380216219,0.20792270768231014,1.0,0.9592592592592593,1.0,0.8888888888888888,1.0,0.918294051627385,1.0,0.9691358024691357
32,0.2,0.1,1.0,0.9920634920634921,0.047276558242916635,0.0956146654233512,1.0,1.0,1.0,0.9777777777777779,1.0,0.9876543209876544,1.0,0.9975308641975309,1.0,0.9841269841269842,0.015444803322390475,0.10845515571437783,1.0,0.9777777777777779,1.0,0.9777777777777779,1.0,0.9777777777777779,1.0,0.9950617283950618,1.0,0.9227513227513229,0.05371214998072696,0.25856262488546894,1.0,0.9222222222222223,1.0,0.8666666666666667,1.0,0.8879910213243547,1.0,0.9513580246913579,0.9303503010399561,0.8534391534391534,0.2005346843389494,0.4519990364669424,0.9598765432098766,0.8814814814814815,0.8333333333333334,0.6888888888888888,0.8894239957191454,0.7558601891935224,0.9887589343729695,0.9138271604938271
32,0.2,0.2,1.0,0.9920634920634921,0.047276558242916635,0.0956146654233512,1.0,1.0,1.0,0.9777777777777779,1.0,0.9876543209876544,1.0,0.9975308641975309,1.0,0.9767195767195768,0.015548129874085943,0.13749144234381047,1.0,0.9777777777777779,1.0,0.9555555555555555,1.0,0.9654320987654322,1.0,0.9925925925925926,1.0,0.9227513227513229,0.05371214998072696,0.25856262488546894,1.0,0.9222222222222223,1.0,0.8666666666666667,1.0,0.8879910213243547,1.0,0.9513580246913579,1.0,0.8904761904761904,0.06284584879501671,0.24129190454722987,1.0,0.8801587301587301,1.0,0.8222222222222222,1.0,0.8444444444444444,1.0,0.9545679012345679
32,0.2,0.3,1.0,0.9920634920634921,0.047276558242916635,0.0956146654233512,1.0,1.0,1.0,0.9777777777777779,1.0,0.9876543209876544,1.0,0.9975308641975309,1.0,0.9608465608465608,0.016353786804979877,0.15316769783698675,1.0,0.9444444444444444,1.0,0.9555555555555555,1.0,0.9472502805836138,1.0,0.9925925925925926,1.0,0.9227513227513229,0.05371214998072696,0.25856262488546894,1.0,0.9222222222222223,1.0,0.8666666666666667,1.0,0.8879910213243547,1.0,0.9513580246913579,1.0,0.9455026455026455,0.05588479380216219,0.20792270768231014,1.0,0.9592592592592593,1.0,0.8888888888888888,1.0,0.918294051627385,1.0,0.9691358024691357
64,0.01,0.1,1.0,0.9920634920634921,0.04249805966184519,0.07927161827793576,1.0,1.0,1.0,0.9777777777777779,1.0,0.9876543209876544,1.0,1.0,1.0,0.9841269841269842,0.015444803322390475,0.10845515571437783,1.0,0.9777777777777779,1.0,0.9777777777777779,1.0,0.9777777777777779,1.0,0.9950617283950618,1.0,0.9301587301587302,0.049114880246497974,0.2390423067631744,1.0,0.9092592592592593,1.0,0.8888888888888888,1.0,0.8960718294051628,1.0,0.9669135802469135,0.9303503010399561,0.8534391534391534,0.2005346843389494,0.4519990364669424,0.9598765432098766,0.8814814814814815,0.8333333333333334,0.6888888888888888,0.8894239957191454,0.7558601891935224,0.9887589343729695,0.9138271604938271
64,0.01,0.2,1.0,0.9920634920634921,0.04249805966184519,0.07927161827793576,1.0,1.0,1.0,0.9777777777777779,1.0,0.9876543209876544,1.0,1.0,1.0,0.9767195767195768,0.015548129874085943,0.13749144234381047,1.0,0.9777777777777779,1.0,0.9555555555555555,1.0,0.9654320987654322,1.0,0.9925925925925926,1.0,0.9301587301587302,0.049114880246497974,0.2390423067631744,1.0,0.9092592592592593,1.0,0.8888888888888888,1.0,0.8960718294051628,1.0,0.9669135802469135,1.0,0.8904761904761904,0.06284584879501671,0.24129190454722987,1.0,0.8801587301587301,1.0,0.8222222222222222,1.0,0.8444444444444444,1.0,0.9545679012345679
64,0.01,0.3,1.0,0.9920634920634921,0.04249805966184519,0.07927161827793576,1.0,1.0,1.0,0.9777777777777779,1.0,0.9876543209876544,1.0,1.0,1.0,0.9608465608465608,0.016353786804979877,0.15316769783698675,1.0,0.9444444444444444,1.0,0.9555555555555555,1.0,0.9472502805836138,1.0,0.9925925925925926,1.0,0.9301587301587302,0.049114880246497974,0.2390423067631744,1.0,0.9092592592592593,1.0,0.8888888888888888,1.0,0.8960718294051628,1.0,0.9669135802469135,1.0,0.9455026455026455,0.05588479380216219,0.20792270768231014,1.0,0.9592592592592593,1.0,0.8888888888888888,1.0,0.918294051627385,1.0,0.9691358024691357
64,0.02,0.1,1.0,0.9920634920634921,0.04249805966184519,0.07927161827793576,1.0,1.0,1.0,0.9777777777777779,1.0,0.9876543209876544,1.0,1.0,1.0,0.9841269841269842,0.015444803322390475,0.10845515571437783,1.0,0.9777777777777779,1.0,0.9777777777777779,1.0,0.9777777777777779,1.0,0.9950617283950618,1.0,0.9301587301587302,0.049114880246497974,0.2390423067631744,1.0,0.9092592592592593,1.0,0.8888888888888888,1.0,0.8960718294051628,1.0,0.9669135802469135,0.9303503010399561,0.8534391534391534,0.2005346843389494,0.4519990364669424,0.9598765432098766,0.8814814814814815,0.8333333333333334,0.6888888888888888,0.8894239957191454,0.7558601891935224,0.9887589343729695,0.9138271604938271
64,0.02,0.2,1.0,0.9920634920634921,0.04249805966184519,0.07927161827793576,1.0,1.0,1.0,0.9777777777777779,1.0,0.9876543209876544,1.0,1.0,1.0,0.9767195767195768,0.015548129874085943,0.13749144234381047,1.0,0.9777777777777779,1.0,0.9555555555555555,1.0,0.9654320987654322,1.0,0.9925925925925926,1.0,0.9301587301587302,0.049114880246497974,0.2390423067631744,1.0,0.9092592592592593,1.0,0.8888888888888888,1.0,0.8960718294051628,1.0,0.9669135802469135,1.0,0.8904761904761904,0.06284584879501671,0.24129190454722987,1.0,0.8801587301587301,1.0,0.8222222222222222,1.0,0.8444444444444444,1.0,0.9545679012345679
64,0.02,0.3,1.0,0.9920634920634921,0.04249805966184519,0.07927161827793576,1.0,1.0,1.0,0.9777777777777779,1.0,0.9876543209876544,1.0,1.0,1.0,0.9608465608465608,0.016353786804979877,0.15316769783698675,1.0,0.9444444444444444,1.0,0.9555555555555555,1.0,0.9472502805836138,1.0,0.9925925925925926,1.0,0.9301587301587302,0.049114880246497974,0.2390423067631744,1.0,0.9092592592592593,1.0,0.8888888888888888,1.0,0.8960718294051628,1.0,0.9669135802469135,1.0,0.9455026455026455,0.05588479380216219,0.20792270768231014,1.0,0.9592592592592593,1.0,0.8888888888888888,1.0,0.918294051627385,1.0,0.9691358024691357
64,0.05,0.1,1.0,0.9920634920634921,0.04249805966184519,0.07927161827793576,1.0,1.0,1.0,0.9777777777777779,1.0,0.9876543209876544,1.0,1.0,1.0,0.9841269841269842,0.015444803322390475,0.10845515571437783,1.0,0.9777777777777779,1.0,0.9777777777777779,1.0,0.9777777777777779,1.0,0.9950617283950618,1.0,0.9301587301587302,0.049114880246497974,0.2390423067631744,1.0,0.9092592592592593,1.0,0.8888888888888888,1.0,0.8960718294051628,1.0,0.9669135802469135,0.9303503010399561,0.8534391534391534,0.2005346843389494,0.4519990364669424,0.9598765432098766,0.8814814814814815,0.8333333333333334,0.6888888888888888,0.8894239957191454,0.7558601891935224,0.9887589343729695,0.9138271604938271
64,0.05,0.2,1.0,0.9920634920634921,0.04249805966184519,0.07927161827793576,1.0,1.0,1.0,0.9777777777777779,1.0,0.9876543209876544,1.0,1.0,1.0,0.9767195767195768,0.015548129874085943,0.13749144234381047,1.0,0.9777777777777779,1.0,0.9555555555555555,1.0,0.9654320987654322,1.0,0.9925925925925926,1.0,0.9301587301587302,0.049114880246497974,0.2390423067631744,1.0,0.9092592592592593,1.0,0.8888888888888888,1.0,0.8960718294051628,1.0,0.9669135802469135,1.0,0.8904761904761904,0.06284584879501671,0.24129190454722987,1.0,0.8801587301587301,1.0,0.8222222222222222,1.0,0.8444444444444444,1.0,0.9545679012345679
64,0.05,0.3,1.0,0.9920634920634921,0.04249805966184519,0.07927161827793576,1.0,1.0,1.0,0.9777777777777779,1.0,0.9876543209876544,1.0,1.0,1.0,0.9608465608465608,0.016353786804979877,0.15316769783698675,1.0,0.9444444444444444,1.0,0.9555555555555555,1.0,0.9472502805836138,1.0,0.9925925925925926,1.0,0.9301587301587302,0.049114880246497974,0.2390423067631744,1.0,0.9092592592592593,1.0,0.8888888888888888,1.0,0.8960718294051628,1.0,0.9669135802469135,1.0,0.9455026455026455,0.05588479380216219,0.20792270768231014,1.0,0.9592592592592593,1.0,0.8888888888888888,1.0,0.918294051627385,1.0,0.9691358024691357
64,0.1,0.1,1.0,0.9920634920634921,0.04249805966184519,0.07927161827793576,1.0,1.0,1.0,0.9777777777777779,1.0,0.9876543209876544,1.0,1.0,1.0,0.9841269841269842,0.015444803322390475,0.10845515571437783,1.0,0.9777777777777779,1.0,0.9777777777777779,1.0,0.9777777777777779,1.0,0.9950617283950618,1.0,0.9301587301587302,0.049114880246497974,0.2390423067631744,1.0,0.9092592592592593,1.0,0.8888888888888888,1.0,0.8960718294051628,1.0,0.9669135802469135,0.9303503010399561,0.8534391534391534,0.2005346843389494,0.4519990364669424,0.9598765432098766,0.8814814814814815,0.8333333333333334,0.6888888888888888,0.8894239957191454,0.7558601891935224,0.9887589343729695,0.9138271604938271
64,0.1,0.2,1.0,0.9920634920634921,0.04249805966184519,0.07927161827793576,1.0,1.0,1.0,0.9777777777777779,1.0,0.9876543209876544,1.0,1.0,1.0,0.9767195767195768,0.015548129874085943,0.13749144234381047,1.0,0.9777777777777779,1.0,0.9555555555555555,1.0,0.9654320987654322,1.0,0.9925925925925926,1.0,0.9301587301587302,0.049114880246497974,0.2390423067631744,1.0,0.9092592592592593,1.0,0.8888888888888888,1.0,0.8960718294051628,1.0,0.9669135802469135,1.0,0.8904761904761904,0.06284584879501671,0.24129190454722987,1.0,0.8801587301587301,1.0,0.8222222222222222,1.0,0.8444444444444444,1.0,0.9545679012345679
64,0.1,0.3,1.0,0.9920634920634921,0.04249805966184519,0.07927161827793576,1.0,1.0,1.0,0.9777777777777779,1.0,0.9876543209876544,1.0,1.0,1.0,0.9608465608465608,0.016353786804979877,0.15316769783698675,1.0,0.9444444444444444,1.0,0.9555555555555555,1.0,0.9472502805836138,1.0,0.9925925925925926,1.0,0.9301587301587302,0.049114880246497974,0.2390423067631744,1.0,0.9092592592592593,1.0,0.8888888888888888,1.0,0.8960718294051628,1.0,0.9669135802469135,1.0,0.9455026455026455,0.05588479380216219,0.20792270768231014,1.0,0.9592592592592593,1.0,0.8888888888888888,1.0,0.918294051627385,1.0,0.9691358024691357
64,0.2,0.1,1.0,0.9920634920634921,0.04249805966184519,0.07927161827793576,1.0,1.0,1.0,0.9777777777777779,1.0,0.9876543209876544,1.0,1.0,1.0,0.9841269841269842,0.015444803322390475,0.10845515571437783,1.0,0.9777777777777779,1.0,0.9777777777777779,1.0,0.9777777777777779,1.0,0.9950617283950618,1.0,0.9301587301587302,0.049114880246497974,0.2390423067631744,1.0,0.9092592592592593,1.0,0.8888888888888888,1.0,0.8960718294051628,1.0,0.9669135802469135,0.9303503010399561,0.8534391534391534,0.2005346843389494,0.4519990364669424,0.9598765432098766,0.8814814814814815,0.8333333333333334,0.6888888888888888,0.8894239957191454,0.7558601891935224,0.9887589343729695,0.9138271604938271
64,0.2,0.2,1.0,0.9920634920634921,0.04249805966184519,0.07927161827793576,1.0,1.0,1.0,0.9777777777777779,1.0,0.9876543209876544,1.0,1.0,1.0,0.9767195767195768,0.015548129874085943,0.13749144234381047,1.0,0.9777777777777779,1.0,0.9555555555555555,1.0,0.9654320987654322,1.0,0.9925925925925926,1.0,0.9301587301587302,0.049114880246497974,0.2390423067631744,1.0,0.9092592592592593,1.0,0.8888888888888888,1.0,0.8960718294051628,1.0,0.9669135802469135,1.0,0.8904761904761904,0.06284584879501671,0.24129190454722987,1.0,0.8801587301587301,1.0,0.8222222222222222,1.0,0.8444444444444444,1.0,0.9545679012345679
64,0.2,0.3,1.0,0.9920634920634921,0.04249805966184519,0.07927161827793576,1.0,1.0,1.0,0.9777777777777779,1.0,0.9876543209876544,1.0,1.0,1.0,0.9608465608465608,0.016353786804979877,0.15316769783698675,1.0,0.9444444444444444,1.0,0.9555555555555555,1.0,0.9472502805836138,1.0,0.9925925925925926,1.0,0.9301587301587302,0.049114880246497974,0.2390423067631744,1.0,0.9092592592592593,1.0,0.8888888888888888,1.0,0.8960718294051628,1.0,0.9669135802469135,1.0,0.9455026455026455,0.05588479380216219,0.20792270768231014,1.0,0.9592592592592593,1.0,0.8888888888888888,1.0,0.918294051627385,1.0,0.9691358024691357
128,0.01,0.1,1.0,0.9920634920634921,0.03367040184839234,0.08180347117834127,1.0,1.0,1.0,0.9777777777777779,1.0,0.9876543209876544,1.0,1.0,1.0,0.9841269841269842,0.015444803322390475,0.10845515571437783,1.0,0.9777777777777779,1.0,0.9777777777777779,1.0,0.9777777777777779,1.0,0.9950617283950618,1.0,0.9529100529100529,0.045392115133056556,0.19964423996056338,1.0,0.9185185185185184,1.0,0.9555555555555555,1.0,0.9353535353535354,1.0,0.9738271604938272,0.9303503010399561,0.8534391534391534,0.2005346843389494,0.4519990364669424,0.9598765432098766,0.8814814814814815,0.8333333333333334,0.6888888888888888,0.8894239957191454,0.7558601891935224,0.9887589343729695,0.9138271604938271
128,0.01,0.2,1.0,0.9920634920634921,0.03367040184839234,0.08180347117834127,1.0,1.0,1.0,0.9777777777777779,1.0,0.9876543209876544,1.0,1.0,1.0,0.9767195767195768,0.015548129874085943,0.13749144234381047,1.0,0.9777777777777779,1.0,0.9555555555555555,1.0,0.9654320987654322,1.0,0.9925925925925926,1.0,0.9529100529100529,0.045392115133056556,0.19964423996056338,1.0,0.9185185185185184,1.0,0.9555555555555555,1.0,0.9353535353535354,1.0,0.9738271604938272,1.0,0.8904761904761904,0.06284584879501671,0.24129190454722987,1.0,0.8801587301587301,1.0,0.8222222222222222,1.0,0.8444444444444444,1.0,0.9545679012345679
128,0.01,0.3,1.0,0.9920634920634921,0.03367040184839234,0.08180347117834127,1.0,1.0,1.0,0.9777777777777779,1.0,0.9876543209876544,1.0,1.0,1.0,0.9608465608465608,0.016353786804979877,0.15316769783698675,1.0,0.9444444444444444,1.0,0.9555555555555555,1.0,0.9472502805836138,1.0,0.9925925925925926,1.0,0.9529100529100529,0.045392115133056556,0.19964423996056338,1.0,0.9185185185185184,1.0,0.9555555555555555,1.0,0.9353535353535354,1.0,0.9738271604938272,1.0,0.9455026455026455,0.05588479380216219,0.20792270768231014,1.0,0.9592592592592593,1.0,0.8888888888888888,1.0,0.918294051627385,1.0,0.9691358024691357
128,0.02,0.1,1.0,0.9920634920634921,0.03367040184839234,0.08180347117834127,1.0,1.0,1.0,0.9777777777777779,1.0,0.9876543209876544,1.0,1.0,1.0,0.9841269841269842,0.015444803322390475,0.10845515571437783,1.0,0.9777777777777779,1.0,0.9777777777777779,1.0,0.9777777777777779,1.0,0.9950617283950618,1.0,0.9529100529100529,0.045392115133056556,0.19964423996056338,1.0,0.9185185185185184,1.0,0.9555555555555555,1.0,0.9353535353535354,1.0,0.9738271604938272,0.9303503010399561,0.8534391534391534,0.2005346843389494,0.4519990364669424,0.9598765432098766,0.8814814814814815,0.8333333333333334,0.6888888888888888,0.8894239957191454,0.7558601891935224,0.9887589343729695,0.9138271604938271
128,0.02,0.2,1.0,0.9920634920634921,0.03367040184839234,0.08180347117834127,1.0,1.0,1.0,0.9777777777777779,1.0,0.9876543209876544,1.0,1.0,1.0,0.9767195767195768,0.015548129874085943,0.13749144234381047,1.0,0.9777777777777779,1.0,0.9555555555555555,1.0,0.9654320987654322,1.0,0.9925925925925926,1.0,0.9529100529100529,0.045392115133056556,0.19964423996056338,1.0,0.9185185185185184,1.0,0.9555555555555555,1.0,0.9353535353535354,1.0,0.9738271604938272,1.0,0.8904761904761904,0.06284584879501671,0.24129190454722987,1.0,0.8801587301587301,1.0,0.8222222222222222,1.0,0.8444444444444444,1.0,0.9545679012345679
128,0.02,0.3,1.0,0.9920634920634921,0.03367040184839234,0.08180347117834127,1.0,1.0,1.0,0.9777777777777779,1.0,0.9876543209876544,1.0,1.0,1.0,0.9608465608465608,0.016353786804979877,0.15316769783698675,1.0,0.9444444444444444,1.0,0.9555555555555555,1.0,0.9472502805836138,1.0,0.9925925925925926,1.0,0.9529100529100529,0.045392115133056556,0.19964423996056338,1.0,0.9185185185185184,1.0,0.9555555555555555,1.0,0.9353535353535354,1.0,0.9738271604938272,1.0,0.9455026455026455,0.05588479380216219,0.20792270768231014,1.0,0.9592592592592593,1.0,0.8888888888888888,1.0,0.918294051627385,1.0,0.9691358024691357
128,0.05,0.1,1.0,0.9920634920634921,0.03367040184839234,0.08180347117834127,1.0,1.0,1.0,0.9777777777777779,1.0,0.9876543209876544,1.0,1.0,1.0,0.9841269841269842,0.015444803322390475,0.10845515571437783,1.0,0.9777777777777779,1.0,0.9777777777777779,1.0,0.9777777777777779,1.0,0.9950617283950618,1.0,0.9529100529100529,0.045392115133056556,0.19964423996056338,1.0,0.9185185185185184,1.0,0.9555555555555555,1.0,0.9353535353535354,1.0,0.9738271604938272,0.9303503010399561,0.8534391534391534,0.2005346843389494,0.4519990364669424,0.9598765432098766,0.8814814814814815,0.8333333333333334,0.6888888888888888,0.8894239957191454,0.7558601891935224,0.9887589343729695,0.9138271604938271
128,0.05,0.2,1.0,0.9920634920634921,0.03367040184839234,0.08180347117834127,1.0,1.0,1.0,0.9777777777777779,1.0,0.9876543209876544,1.0,1.0,1.0,0.9767195767195768,0.015548129874085943,0.13749144234381047,1.0,0.9777777777777779,1.0,0.9555555555555555,1.0,0.9654320987654322,1.0,0.9925925925925926,1.0,0.9529100529100529,0.045392115133056556,0.19964423996056338,1.0,0.9185185185185184,1.0,0.9555555555555555,1.0,0.9353535353535354,1.0,0.9738271604938272,1.0,0.8904761904761904,0.06284584879501671,0.24129190454722987,1.0,0.8801587301587301,1.0,0.8222222222222222,1.0,0.8444444444444444,1.0,0.9545679012345679
128,0.05,0.3,1.0,0.9920634920634921,0.03367040184839234,0.08180347117834127,1.0,1.0,1.0,0.9777777777777779,1.0,0.9876543209876544,1.0,1.0,1.0,0.9608465608465608,0.016353786804979877,0.15316769783698675,1.0,0.9444444444444444,1.0,0.9555555555555555,1.0,0.9472502805836138,1.0,0.9925925925925926,1.0,0.9529100529100529,0.045392115133056556,0.19964423996056338,1.0,0.9185185185185184,1.0,0.9555555555555555,1.0,0.9353535353535354,1.0,0.9738271604938272,1.0,0.9455026455026455,0.05588479380216219,0.20792270768231014,1.0,0.9592592592592593,1.0,0.8888888888888888,1.0,0.918294051627385,1.0,0.9691358024691357
128,0.1,0.1,1.0,0.9920634920634921,0.03367040184839234,0.08180347117834127,1.0,1.0,1.0,0.9777777777777779,1.0,0.9876543209876544,1.0,1.0,1.0,0.9841269841269842,0.015444803322390475,0.10845515571437783,1.0,0.9777777777777779,1.0,0.9777777777777779,1.0,0.9777777777777779,1.0,0.9950617283950618,1.0,0.9529100529100529,0.045392115133056556,0.19964423996056338,1.0,0.9185185185185184,1.0,0.9555555555555555,1.0,0.9353535353535354,1.0,0.9738271604938272,0.9303503010399561,0.8534391534391534,0.2005346843389494,0.4519990364669424,0.9598765432098766,0.8814814814814815,0.8333333333333334,0.6888888888888888,0.8894239957191454,0.7558601891935224,0.9887589343729695,0.9138271604938271
128,0.1,0.2,1.0,0.9920634920634921,0.03367040184839234,0.08180347117834127,1.0,1.0,1.0,0.9777777777777779,1.0,0.9876543209876544,1.0,1.0,1.0,0.9767195767195768,0.015548129874085943,0.13749144234381047,1.0,0.9777777777777779,1.0,0.9555555555555555,1.0,0.9654320987654322,1.0,0.9925925925925926,1.0,0.9529100529100529,0.045392115133056556,0.19964423996056338,1.0,0.9185185185185184,1.0,0.9555555555555555,1.0,0.9353535353535354,1.0,0.9738271604938272,1.0,0.8904761904761904,0.06284584879501671,0.24129190454722987,1.0,0.8801587301587301,1.0,0.8222222222222222,1.0,0.8444444444444444,1.0,0.9545679012345679
128,0.1,0.3,1.0,0.9920634920634921,0.03367040184839234,0.08180347117834127,1.0,1.0,1.0,0.9777777777777779,1.0,0.9876543209876544,1.0,1.0,1.0,0.9608465608465608,0.016353786804979877,0.15316769783698675,1.0,0.9444444444444444,1.0,0.9555555555555555,1.0,0.9472502805836138,1.0,0.9925925925925926,1.0,0.9529100529100529,0.045392115133056556,0.19964423996056338,1.0,0.9185185185185184,1.0,0.9555555555555555,1.0,0.9353535353535354,1.0,0.9738271604938272,1.0,0.9455026455026455,0.05588479380216219,0.20792270768231014,1.0,0.9592592592592593,1.0,0.8888888888888888,1.0,0.918294051627385,1.0,0.9691358024691357
128,0.2,0.1,1.0,0.9920634920634921,0.03367040184839234,0.08180347117834127,1.0,1.0,1.0,0.9777777777777779,1.0,0.9876543209876544,1.0,1.0,1.0,0.9841269841269842,0.015444803322390475,0.10845515571437783,1.0,0.9777777777777779,1.0,0.9777777777777779,1.0,0.9777777777777779,1.0,0.9950617283950618,1.0,0.9529100529100529,0.045392115133056556,0.19964423996056338,1.0,0.9185185185185184,1.0,0.9555555555555555,1.0,0.9353535353535354,1.0,0.9738271604938272,0.9303503010399561,0.8534391534391534,0.2005346843389494,0.4519990364669424,0.9598765432098766,0.8814814814814815,0.8333333333333334,0.6888888888888888,0.8894239957191454,0.7558601891935224,0.9887589343729695,0.9138271604938271
128,0.2,0.2,1.0,0.9920634920634921,0.03367040184839234,0.08180347117834127,1.0,1.0,1.0,0.9777777777777779,1.0,0.9876543209876544,1.0,1.0,1.0,0.9767195767195768,0.015548129874085943,0.13749144234381047,1.0,0.9777777777777779,1.0,0.9555555555555555,1.0,0.9654320987654322,1.0,0.9925925925925926,1.0,0.9529100529100529,0.045392115133056556,0.19964423996056338,1.0,0.9185185185185184,1.0,0.9555555555555555,1.0,0.9353535353535354,1.0,0.9738271604938272,1.0,0.8904761904761904,0.06284584879501671,0.24129190454722987,1.0,0.8801587301587301,1.0,0.8222222222222222,1.0,0.8444444444444444,1.0,0.9545679012345679
128,0.2,0.3,1.0,0.9920634920634921,0.03367040184839234,0.08180347117834127,1.0,1.0,1.0,0.9777777777777779,1.0,0.9876543209876544,1.0,1.0,1.0,0.9608465608465608,0.016353786804979877,0.15316769783698675,1.0,0.9444444444444444,1.0,0.9555555555555555,1.0,0.9472502805836138,1.0,0.9925925925925926,1.0,0.9529100529100529,0.045392115133056556,0.19964423996056338,1.0,0.9185185185185184,1.0,0.9555555555555555,1.0,0.9353535353535354,1.0,0.9738271604938272,1.0,0.9455026455026455,0.05588479380216219,0.20792270768231014,1.0,0.9592592592592593,1.0,0.8888888888888888,1.0,0.918294051627385,1.0,0.9691358024691357
256,0.01,0.1,1.0,0.9925925925925926,0.028792983736008304,0.08249476755534173,1.0,1.0,1.0,0.9777777777777779,1.0,0.9876543209876544,1.0,1.0,1.0,0.9841269841269842,0.015444803322390475,0.10845515571437783,1.0,0.9777777777777779,1.0,0.9777777777777779,1.0,0.9777777777777779,1.0,0.9950617283950618,1.0,0.9534391534391536,0.04086214780378632,0.19260435558649436,1.0,0.9370370370370371,1.0,0.9333333333333333,1.0,0.9331088664421997,1.0,0.9785185185185186,0.9303503010399561,0.8534391534391534,0.2005346843389494,0.4519990364669424,0.9598765432098766,0.8814814814814815,0.8333333333333334,0.6888888888888888,0.8894239957191454,0.7558601891935224,0.9887589343729695,0.9138271604938271
256,0.01,0.2,1.0,0.9925925925925926,0.028792983736008304,0.08249476755534173,1.0,1.0,1.0,0.9777777777777779,1.0,0.9876543209876544,1.0,1.0,1.0,0.9767195767195768,0.015548129874085943,0.13749144234381047,1.0,0.9777777777777779,1.0,0.9555555555555555,1.0,0.9654320987654322,1.0,0.9925925925925926,1.0,0.9534391534391536,0.04086214780378632,0.19260435558649436,1.0,0.9370370370370371,1.0,0.9333333333333333,1.0,0.9331088664421997,1.0,0.9785185185185186,1.0,0.8904761904761904,0.06284584879501671,0.24129190454722987,1.0,0.8801587301587301,1.0,0.8222222222222222,1.0,0.8444444444444444,1.0,0.9545679012345679
256,0.01,0.3,1.0,0.9925925925925926,0.028792983736008304,0.08249476755534173,1.0,1.0,1.0,0.9777777777777779,1.0,0.9876543209876544,1.0,1.0,1.0,0.9608465608465608,0.016353786804979877,0.15316769783698675,1.0,0.9444444444444444,1.0,0.9555555555555555,1.0,0.9472502805836138,1.0,0.9925925925925926,1.0,0.9534391534391536,0.04086214780378632,0.19260435558649436,1.0,0.9370370370370371,1.0,0.9333333333333333,1.0,0.9331088664421997,1.0,0.9785185185185186,1.0,0.9455026455026455,0.05588479380216219,0.20792270768231014,1.0,0.9592592592592593,1.0,0.8888888888888888,1.0,0.918294051627385,1.0,0.9691358024691357
256,0.02,0.1,1.0,0.9925925925925926,0.028792983736008304,0.08249476755534173,1.0,1.0,1.0,0.9777777777777779,1.0,0.9876543209876544,1.0,1.0,1.0,0.9841269841269842,0.015444803322390475,0.10845515571437783,1.0,0.9777777777777779,1.0,0.9777777777777779,1.0,0.9777777777777779,1.0,0.9950617283950618,1.0,0.9534391534391536,0.04086214780378632,0.19260435558649436,1.0,0.9370370370370371,1.0,0.9333333333333333,1.0,0.9331088664421997,1.0,0.9785185185185186,0.9303503010399561,0.8534391534391534,0.2005346843389494,0.4519990364669424,0.9598765432098766,0.8814814814814815,0.8333333333333334,0.6888888888888888,0.8894239957191454,0.7558601891935224,0.9887589343729695,0.9138271604938271
256,0.02,0.2,1.0,0.9925925925925926,0.028792983736008304,0.08249476755534173,1.0,1.0,1.0,0.9777777777777779,1.0,0.9876543209876544,1.0,1.0,1.0,0.9767195767195768,0.015548129874085943,0.13749144234381047,1.0,0.9777777777777779,1.0,0.9555555555555555,1.0,0.9654320987654322,1.0,0.9925925925925926,1.0,0.9534391534391536,0.04086214780378632,0.19260435558649436,1.0,0.9370370370370371,1.0,0.9333333333333333,1.0,0.9331088664421997,1.0,0.9785185185185186,1.0,0.8904761904761904,0.06284584879501671,0.24129190454722987,1.0,0.8801587301587301,1.0,0.8222222222222222,1.0,0.8444444444444444,1.0,0.9545679012345679
256,0.02,0.3,1.0,0.9925925925925926,0.028792983736008304,0.08249476755534173,1.0,1.0,1.0,0.9777777777777779,1.0,0.9876543209876544,1.0,1.0,1.0,0.9608465608465608,0.016353786804979877,0.15316769783698675,1.0,0.9444444444444444,1.0,0.9555555555555555,1.0,0.9472502805836138,1.0,0.9925925925925926,1.0,0.9534391534391536,0.04086214780378632,0.19260435558649436,1.0,0.9370370370370371,1.0,0.9333333333333333,1.0,0.9331088664421997,1.0,0.9785185185185186,1.0,0.9455026455026455,0.05588479380216219,0.20792270768231014,1.0,0.9592592592592593,1.0,0.8888888888888888,1.0,0.918294051627385,1.0,0.9691358024691357
256,0.05,0.1,1.0,0.9925925925925926,0.028792983736008304,0.08249476755534173,1.0,1.0,1.0,0.9777777777777779,1.0,0.9876543209876544,1.0,1.0,1.0,0.9841269841269842,0.015444803322390475,0.10845515571437783,1.0,0.9777777777777779,1.0,0.9777777777777779,1.0,0.9777777777777779,1.0,0.9950617283950618,1.0,0.9534391534391536,0.04086214780378632,0.19260435558649436,1.0,0.9370370370370371,1.0,0.9333333333333333,1.0,0.9331088664421997,1.0,0.9785185185185186,0.9303503010399561,0.8534391534391534,0.2005346843389494,0.4519990364669424,0.9598765432098766,0.8814814814814815,0.8333333333333334,0.6888888888888888,0.8894239957191454,0.7558601891935224,0.9887589343729695,0.9138271604938271
256,0.05,0.2,1.0,0.9925925925925926,0.028792983736008304,0.08249476755534173,1.0,1.0,1.0,0.9777777777777779,1.0,0.9876543209876544,1.0,1.0,1.0,0.9767195767195768,0.015548129874085943,0.13749144234381047,1.0,0.9777777777777779,1.0,0.9555555555555555,1.0,0.9654320987654322,1.0,0.9925925925925926,1.0,0.9534391534391536,0.04086214780378632,0.19260435558649436,1.0,0.9370370370370371,1.0,0.9333333333333333,1.0,0.9331088664421997,1.0,0.9785185185185186,1.0,0.8904761904761904,0.06284584879501671,0.24129190454722987,1.0,0.8801587301587301,1.0,0.8222222222222222,1.0,0.8444444444444444,1.0,0.9545679012345679
256,0.05,0.3,1.0,0.9925925925925926,0.028792983736008304,0.08249476755534173,1.0,1.0,1.0,0.9777777777777779,1.0,0.9876543209876544,1.0,1.0,1.0,0.9608465608465608,0.016353786804979877,0.15316769783698675,1.0,0.9444444444444444,1.0,0.9555555555555555,1.0,0.9472502805836138,1.0,0.9925925925925926,1.0,0.9534391534391536,0.04086214780378632,0.19260435558649436,1.0,0.9370370370370371,1.0,0.9333333333333333,1.0,0.9331088664421997,1.0,0.9785185185185186,1.0,0.9455026455026455,0.05588479380216219,0.20792270768231014,1.0,0.9592592592592593,1.0,0.8888888888888888,1.0,0.918294051627385,1.0,0.9691358024691357
256,0.1,0.1,1.0,0.9925925925925926,0.028792983736008304,0.08249476755534173,1.0,1.0,1.0,0.9777777777777779,1.0,0.9876543209876544,1.0,1.0,1.0,0.9841269841269842,0.015444803322390475,0.10845515571437783,1.0,0.9777777777777779,1.0,0.9777777777777779,1.0,0.9777777777777779,1.0,0.9950617283950618,1.0,0.9534391534391536,0.04086214780378632,0.19260435558649436,1.0,0.9370370370370371,1.0,0.9333333333333333,1.0,0.9331088664421997,1.0,0.9785185185185186,0.9303503010399561,0.8534391534391534,0.2005346843389494,0.4519990364669424,0.9598765432098766,0.8814814814814815,0.8333333333333334,0.6888888888888888,0.8894239957191454,0.7558601891935224,0.9887589343729695,0.9138271604938271
256,0.1,0.2,1.0,0.9925925925925926,0.028792983736008304,0.08249476755534173,1.0,1.0,1.0,0.9777777777777779,1.0,0.9876543209876544,1.0,1.0,1.0,0.9767195767195768,0.015548129874085943,0.13749144234381047,1.0,0.9777777777777779,1.0,0.9555555555555555,1.0,0.9654320987654322,1.0,0.9925925925925926,1.0,0.9534391534391536,0.04086214780378632,0.19260435558649436,1.0,0.9370370370370371,1.0,0.9333333333333333,1.0,0.9331088664421997,1.0,0.9785185185185186,1.0,0.8904761904761904,0.06284584879501671,0.24129190454722987,1.0,0.8801587301587301,1.0,0.8222222222222222,1.0,0.8444444444444444,1.0,0.9545679012345679
256,0.1,0.3,1.0,0.9925925925925926,0.028792983736008304,0.08249476755534173,1.0,1.0,1.0,0.9777777777777779,1.0,0.9876543209876544,1.0,1.0,1.0,0.9608465608465608,0.016353786804979877,0.15316769783698675,1.0,0.9444444444444444,1.0,0.9555555555555555,1.0,0.9472502805836138,1.0,0.9925925925925926,1.0,0.9534391534391536,0.04086214780378632,0.19260435558649436,1.0,0.9370370370370371,1.0,0.9333333333333333,1.0,0.9331088664421997,1.0,0.9785185185185186,1.0,0.9455026455026455,0.05588479380216219,0.20792270768231014,1.0,0.9592592592592593,1.0,0.8888888888888888,1.0,0.918294051627385,1.0,0.9691358024691357
256,0.2,0.1,1.0,0.9925925925925926,0.028792983736008304,0.08249476755534173,1.0,1.0,1.0,0.9777777777777779,1.0,0.9876543209876544,1.0,1.0,1.0,0.9841269841269842,0.015444803322390475,0.10845515571437783,1.0,0.9777777777777779,1.0,0.9777777777777779,1.0,0.9777777777777779,1.0,0.9950617283950618,1.0,0.9534391534391536,0.04086214780378632,0.19260435558649436,1.0,0.9370370370370371,1.0,0.9333333333333333,1.0,0.9331088664421997,1.0,0.9785185185185186,0.9303503010399561,0.8534391534391534,0.2005346843389494,0.4519990364669424,0.9598765432098766,0.8814814814814815,0.8333333333333334,0.6888888888888888,0.8894239957191454,0.7558601891935224,0.9887589343729695,0.9138271604938271
256,0.2,0.2,1.0,0.9925925925925926,0.028792983736008304,0.08249476755534173,1.0,1.0,1.0,0.9777777777777779,1.0,0.9876543209876544,1.0,1.0,1.0,0.9767195767195768,0.015548129874085943,0.13749144234381047,1.0,0.9777777777777779,1.0,0.9555555555555555,1.0,0.9654320987654322,1.0,0.9925925925925926,1.0,0.9534391534391536,0.04086214780378632,0.19260435558649436,1.0,0.9370370370370371,1.0,0.9333333333333333,1.0,0.9331088664421997,1.0,0.9785185185185186,1.0,0.8904761904761904,0.06284584879501671,0.24129190454722987,1.0,0.8801587301587301,1.0,0.8222222222222222,1.0,0.8444444444444444,1.0,0.9545679012345679
256,0.2,0.3,1.0,0.9925925925925926,0.028792983736008304,0.08249476755534173,1.0,1.0,1.0,0.9777777777777779,1.0,0.9876543209876544,1.0,1.0,1.0,0.9608465608465608,0.016353786804979877,0.15316769783698675,1.0,0.9444444444444444,1.0,0.9555555555555555,1.0,0.9472502805836138,1.0,0.9925925925925926,1.0,0.9534391534391536,0.04086214780378632,0.19260435558649436,1.0,0.9370370370370371,1.0,0.9333333333333333,1.0,0.9331088664421997,1.0,0.9785185185185186,1.0,0.9455026455026455,0.05588479380216219,0.20792270768231014,1.0,0.9592592592592593,1.0,0.8888888888888888,1.0,0.918294051627385,1.0,0.9691358024691357
512,0.01,0.1,1.0,0.9925925925925926,0.025628514641923644,0.0702386907164192,1.0,1.0,1.0,0.9777777777777779,1.0,0.9876543209876544,1.0,1.0,1.0,0.9841269841269842,0.015444803322390475,0.10845515571437783,1.0,0.9777777777777779,1.0,0.9777777777777779,1.0,0.9777777777777779,1.0,0.9950617283950618,1.0,0.9529100529100529,0.03905370519852018,0.1850200708012557,1.0,0.9444444444444444,1.0,0.9333333333333333,1.0,0.9349046015712682,1.0,0.9928395061728396,0.9303503010399561,0.8534391534391534,0.2005346843389494,0.4519990364669424,0.9598765432098766,0.8814814814814815,0.8333333333333334,0.6888888888888888,0.8894239957191454,0.7558601891935224,0.9887589343729695,0.9138271604938271
512,0.01,0.2,1.0,0.9925925925925926,0.025628514641923644,0.0702386907164192,1.0,1.0,1.0,0.9777777777777779,1.0,0.9876543209876544,1.0,1.0,1.0,0.9767195767195768,0.015548129874085943,0.13749144234381047,1.0,0.9777777777777779,1.0,0.9555555555555555,1.0,0.9654320987654322,1.0,0.9925925925925926,1.0,0.9529100529100529,0.03905370519852018,0.1850200708012557,1.0,0.9444444444444444,1.0,0.9333333333333333,1.0,0.9349046015712682,1.0,0.9928395061728396,1.0,0.8904761904761904,0.06284584879501671,0.24129190454722987,1.0,0.8801587301587301,1.0,0.8222222222222222,1.0,0.8444444444444444,1.0,0.9545679012345679
512,0.01,0.3,1.0,0.9925925925925926,0.025628514641923644,0.0702386907164192,1.0,1.0,1.0,0.9777777777777779,1.0,0.9876543209876544,1.0,1.0,1.0,0.9608465608465608,0.016353786804979877,0.15316769783698675,1.0,0.9444444444444444,1.0,0.9555555555555555,1.0,0.9472502805836138,1.0,0.9925925925925926,1.0,0.9529100529100529,0.03905370519852018,0.1850200708012557,1.0,0.9444444444444444,1.0,0.9333333333333333,1.0,0.9349046015712682,1.0,0.9928395061728396,1.0,0.9455026455026455,0.05588479380216219,0.20792270768231014,1.0,0.9592592592592593,1.0,0.8888888888888888,1.0,0.918294051627385,1.0,0.9691358024691357
512,0.02,0.1,1.0,0.9925925925925926,0.025628514641923644,0.0702386907164192,1.0,1.0,1.0,0.9777777777777779,1.0,0.9876543209876544,1.0,1.0,1.0,0.9841269841269842,0.015444803322390475,0.10845515571437783,1.0,0.9777777777777779,1.0,0.9777777777777779,1.0,0.9777777777777779,1.0,0.9950617283950618,1.0,0.9529100529100529,0.03905370519852018,0.1850200708012557,1.0,0.9444444444444444,1.0,0.9333333333333333,1.0,0.9349046015712682,1.0,0.9928395061728396,0.9303503010399561,0.8534391534391534,0.2005346843389494,0.4519990364669424,0.9598765432098766,0.8814814814814815,0.8333333333333334,0.6888888888888888,0.8894239957191454,0.7558601891935224,0.9887589343729695,0.9138271604938271
512,0.02,0.2,1.0,0.9925925925925926,0.025628514641923644,0.0702386907164192,1.0,1.0,1.0,0.9777777777777779,1.0,0.9876543209876544,1.0,1.0,1.0,0.9767195767195768,0.015548129874085943,0.13749144234381047,1.0,0.9777777777777779,1.0,0.9555555555555555,1.0,0.9654320987654322,1.0,0.9925925925925926,1.0,0.9529100529100529,0.03905370519852018,0.1850200708012557,1.0,0.9444444444444444,1.0,0.9333333333333333,1.0,0.9349046015712682,1.0,0.9928395061728396,1.0,0.8904761904761904,0.06284584879501671,0.24129190454722987,1.0,0.8801587301587301,1.0,0.8222222222222222,1.0,0.8444444444444444,1.0,0.9545679012345679
512,0.02,0.3,1.0,0.9925925925925926,0.025628514641923644,0.0702386907164192,1.0,1.0,1.0,0.9777777777777779,1.0,0.9876543209876544,1.0,1.0,1.0,0.9608465608465608,0.016353786804979877,0.15316769783698675,1.0,0.9444444444444444,1.0,0.9555555555555555,1.0,0.9472502805836138,1.0,0.9925925925925926,1.0,0.9529100529100529,0.03905370519852018,0.1850200708012557,1.0,0.9444444444444444,1.0,0.9333333333333333,1.0,0.9349046015712682,1.0,0.9928395061728396,1.0,0.9455026455026455,0.05588479380216219,0.20792270768231014,1.0,0.9592592592592593,1.0,0.8888888888888888,1.0,0.918294051627385,1.0,0.9691358024691357
512,0.05,0.1,1.0,0.9925925925925926,0.025628514641923644,0.0702386907164192,1.0,1.0,1.0,0.9777777777777779,1.0,0.9876543209876544,1.0,1.0,1.0,0.9841269841269842,0.015444803322390475,0.10845515571437783,1.0,0.9777777777777779,1.0,0.9777777777777779,1.0,0.9777777777777779,1.0,0.9950617283950618,1.0,0.9529100529100529,0.03905370519852018,0.1850200708012557,1.0,0.9444444444444444,1.0,0.9333333333333333,1.0,0.9349046015712682,1.0,0.9928395061728396,0.9303503010399561,0.8534391534391534,0.2005346843389494,0.4519990364669424,0.9598765432098766,0.8814814814814815,0.8333333333333334,0.6888888888888888,0.8894239957191454,0.7558601891935224,0.9887589343729695,0.9138271604938271
512,0.05,0.2,1.0,0.9925925925925926,0.025628514641923644,0.0702386907164192,1.0,1.0,1.0,0.9777777777777779,1.0,0.9876543209876544,1.0,1.0,1.0,0.9767195767195768,0.015548129874085943,0.13749144234381047,1.0,0.9777777777777779,1.0,0.9555555555555555,1.0,0.9654320987654322,1.0,0.9925925925925926,1.0,0.9529100529100529,0.03905370519852018,0.1850200708012557,1.0,0.9444444444444444,1.0,0.9333333333333333,1.0,0.9349046015712682,1.0,0.9928395061728396,1.0,0.8904761904761904,0.06284584879501671,0.24129190454722987,1.0,0.8801587301587301,1.0,0.8222222222222222,1.0,0.8444444444444444,1.0,0.9545679012345679
512,0.05,0.3,1.0,0.9925925925925926,0.025628514641923644,0.0702386907164192,1.0,1.0,1.0,0.9777777777777779,1.0,0.9876543209876544,1.0,1.0,1.0,0.9608465608465608,0.016353786804979877,0.15316769783698675,1.0,0.9444444444444444,1.0,0.9555555555555555,1.0,0.9472502805836138,1.0,0.9925925925925926,1.0,0.9529100529100529,0.03905370519852018,0.1850200708012557,1.0,0.9444444444444444,1.0,0.9333333333333333,1.0,0.9349046015712682,1.0,0.9928395061728396,1.0,0.9455026455026455,0.05588479380216219,0.20792270768231014,1.0,0.9592592592592593,1.0,0.8888888888888888,1.0,0.918294051627385,1.0,0.9691358024691357
512,0.1,0.1,1.0,0.9925925925925926,0.025628514641923644,0.0702386907164192,1.0,1.0,1.0,0.9777777777777779,1.0,0.9876543209876544,1.0,1.0,1.0,0.9841269841269842,0.015444803322390475,0.10845515571437783,1.0,0.9777777777777779,1.0,0.9777777777777779,1.0,0.9777777777777779,1.0,0.9950617283950618,1.0,0.9529100529100529,0.03905370519852018,0.1850200708012557,1.0,0.9444444444444444,1.0,0.9333333333333333,1.0,0.9349046015712682,1.0,0.9928395061728396,0.9303503010399561,0.8534391534391534,0.2005346843389494,0.4519990364669424,0.9598765432098766,0.8814814814814815,0.8333333333333334,0.6888888888888888,0.8894239957191454,0.7558601891935224,0.9887589343729695,0.9138271604938271
512,0.1,0.2,1.0,0.9925925925925926,0.025628514641923644,0.0702386907164192,1.0,1.0,1.0,0.9777777777777779,1.0,0.9876543209876544,1.0,1.0,1.0,0.9767195767195768,0.015548129874085943,0.13749144234381047,1.0,0.9777777777777779,1.0,0.9555555555555555,1.0,0.9654320987654322,1.0,0.9925925925925926,1.0,0.9529100529100529,0.03905370519852018,0.1850200708012557,1.0,0.9444444444444444,1.0,0.9333333333333333,1.0,0.9349046015712682,1.0,0.9928395061728396,1.0,0.8904761904761904,0.06284584879501671,0.24129190454722987,1.0,0.8801587301587301,1.0,0.8222222222222222,1.0,0.8444444444444444,1.0,0.9545679012345679
512,0.1,0.3,1.0,0.9925925925925926,0.025628514641923644,0.0702386907164192,1.0,1.0,1.0,0.9777777777777779,1.0,0.9876543209876544,1.0,1.0,1.0,0.9608465608465608,0.016353786804979877,0.15316769783698675,1.0,0.9444444444444444,1.0,0.9555555555555555,1.0,0.9472502805836138,1.0,0.9925925925925926,1.0,0.9529100529100529,0.03905370519852018,0.1850200708012557,1.0,0.9444444444444444,1.0,0.9333333333333333,1.0,0.9349046015712682,1.0,0.9928395061728396,1.0,0.9455026455026455,0.05588479380216219,0.20792270768231014,1.0,0.9592592592592593,1.0,0.8888888888888888,1.0,0.918294051627385,1.0,0.9691358024691357
512,0.2,0.1,1.0,0.9925925925925926,0.025628514641923644,0.0702386907164192,1.0,1.0,1.0,0.9777777777777779,1.0,0.9876543209876544,1.0,1.0,1.0,0.9841269841269842,0.015444803322390475,0.10845515571437783,1.0,0.9777777777777779,1.0,0.9777777777777779,1.0,0.9777777777777779,1.0,0.9950617283950618,1.0,0.9529100529100529,0.03905370519852018,0.1850200708012557,1.0,0.9444444444444444,1.0,0.9333333333333333,1.0,0.9349046015712682,1.0,0.9928395061728396,0.9303503010399561,0.8534391534391534,0.2005346843389494,0.4519990364669424,0.9598765432098766,0.8814814814814815,0.8333333333333334,0.6888888888888888,0.8894239957191454,0.7558601891935224,0.9887589343729695,0.9138271604938271
512,0.2,0.2,1.0,0.9925925925925926,0.025628514641923644,0.0702386907164192,1.0,1.0,1.0,0.9777777777777779,1.0,0.9876543209876544,1.0,1.0,1.0,0.9767195767195768,0.015548129874085943,0.13749144234381047,1.0,0.9777777777777779,1.0,0.9555555555555555,1.0,0.9654320987654322,1.0,0.9925925925925926,1.0,0.9529100529100529,0.03905370519852018,0.1850200708012557,1.0,0.9444444444444444,1.0,0.9333333333333333,1.0,0.9349046015712682,1.0,0.9928395061728396,1.0,0.8904761904761904,0.06284584879501671,0.24129190454722987,1.0,0.8801587301587301,1.0,0.8222222222222222,1.0,0.8444444444444444,1.0,0.9545679012345679
512,0.2,0.3,1.0,0.9925925925925926,0.025628514641923644,0.0702386907164192,1.0,1.0,1.0,0.9777777777777779,1.0,0.9876543209876544,1.0,1.0,1.0,0.9608465608465608,0.016353786804979877,0.15316769783698675,1.0,0.9444444444444444,1.0,0.9555555555555555,1.0,0.9472502805836138,1.0,0.9925925925925926,1.0,0.9529100529100529,0.03905370519852018,0.1850200708012557,1.0,0.9444444444444444,1.0,0.9333333333333333,1.0,0.9349046015712682,1.0,0.9928395061728396,1.0,0.9455026455026455,0.05588479380216219,0.20792270768231014,1.0,0.9592592592592593,1.0,0.8888888888888888,1.0,0.918294051627385,1.0,0.9691358024691357
1024,0.01,0.1,1.0,1.0,0.023463301784041726,0.06282309974423513,1.0,1.0,1.0,1.0,1.0,1.0,1.0,1.0,1.0,0.9841269841269842,0.015444803322390475,0.10845515571437783,1.0,0.9777777777777779,1.0,0.9777777777777779,1.0,0.9777777777777779,1.0,0.9950617283950618,1.0,0.960846560846561,0.03336121921656524,0.19200621497129322,1.0,0.9629629629629629,1.0,0.9333333333333333,1.0,0.9450056116722784,1.0,0.9925925925925926,0.9303503010399561,0.8534391534391534,0.2005346843389494,0.4519990364669424,0.9598765432098766,0.8814814814814815,0.8333333333333334,0.6888888888888888,0.8894239957191454,0.7558601891935224,0.9887589343729695,0.9138271604938271
1024,0.01,0.2,1.0,1.0,0.023463301784041726,0.06282309974423513,1.0,1.0,1.0,1.0,1.0,1.0,1.0,1.0,1.0,0.9767195767195768,0.015548129874085943,0.13749144234381047,1.0,0.9777777777777779,1.0,0.9555555555555555,1.0,0.9654320987654322,1.0,0.9925925925925926,1.0,0.960846560846561,0.03336121921656524,0.19200621497129322,1.0,0.9629629629629629,1.0,0.9333333333333333,1.0,0.9450056116722784,1.0,0.9925925925925926,1.0,0.8904761904761904,0.06284584879501671,0.24129190454722987,1.0,0.8801587301587301,1.0,0.8222222222222222,1.0,0.8444444444444444,1.0,0.9545679012345679
1024,0.01,0.3,1.0,1.0,0.023463301784041726,0.06282309974423513,1.0,1.0,1.0,1.0,1.0,1.0,1.0,1.0,1.0,0.9608465608465608,0.016353786804979877,0.15316769783698675,1.0,0.9444444444444444,1.0,0.9555555555555555,1.0,0.9472502805836138,1.0,0.9925925925925926,1.0,0.960846560846561,0.03336121921656524,0.19200621497129322,1.0,0.9629629629629629,1.0,0.9333333333333333,1.0,0.9450056116722784,1.0,0.9925925925925926,1.0,0.9455026455026455,0.05588479380216219,0.20792270768231014,1.0,0.9592592592592593,1.0,0.8888888888888888,1.0,0.918294051627385,1.0,0.9691358024691357
1024,0.02,0.1,1.0,1.0,0.023463301784041726,0.06282309974423513,1.0,1.0,1.0,1.0,1.0,1.0,1.0,1.0,1.0,0.9841269841269842,0.015444803322390475,0.10845515571437783,1.0,0.9777777777777779,1.0,0.9777777777777779,1.0,0.9777777777777779,1.0,0.9950617283950618,1.0,0.960846560846561,0.03336121921656524,0.19200621497129322,1.0,0.9629629629629629,1.0,0.9333333333333333,1.0,0.9450056116722784,1.0,0.9925925925925926,0.9303503010399561,0.8534391534391534,0.2005346843389494,0.4519990364669424,0.9598765432098766,0.8814814814814815,0.8333333333333334,0.6888888888888888,0.8894239957191454,0.7558601891935224,0.9887589343729695,0.9138271604938271
1024,0.02,0.2,1.0,1.0,0.023463301784041726,0.06282309974423513,1.0,1.0,1.0,1.0,1.0,1.0,1.0,1.0,1.0,0.9767195767195768,0.015548129874085943,0.13749144234381047,1.0,0.9777777777777779,1.0,0.9555555555555555,1.0,0.9654320987654322,1.0,0.9925925925925926,1.0,0.960846560846561,0.03336121921656524,0.19200621497129322,1.0,0.9629629629629629,1.0,0.9333333333333333,1.0,0.9450056116722784,1.0,0.9925925925925926,1.0,0.8904761904761904,0.06284584879501671,0.24129190454722987,1.0,0.8801587301587301,1.0,0.8222222222222222,1.0,0.8444444444444444,1.0,0.9545679012345679
1024,0.02,0.3,1.0,1.0,0.023463301784041726,0.06282309974423513,1.0,1.0,1.0,1.0,1.0,1.0,1.0,1.0,1.0,0.9608465608465608,0.016353786804979877,0.15316769783698675,1.0,0.9444444444444444,1.0,0.9555555555555555,1.0,0.9472502805836138,1.0,0.9925925925925926,1.0,0.960846560846561,0.03336121921656524,0.19200621497129322,1.0,0.9629629629629629,1.0,0.9333333333333333,1.0,0.9450056116722784,1.0,0.9925925925925926,1.0,0.9455026455026455,0.05588479380216219,0.20792270768231014,1.0,0.9592592592592593,1.0,0.8888888888888888,1.0,0.918294051627385,1.0,0.9691358024691357
1024,0.05,0.1,1.0,1.0,0.023463301784041726,0.06282309974423513,1.0,1.0,1.0,1.0,1.0,1.0,1.0,1.0,1.0,0.9841269841269842,0.015444803322390475,0.10845515571437783,1.0,0.9777777777777779,1.0,0.9777777777777779,1.0,0.9777777777777779,1.0,0.9950617283950618,1.0,0.960846560846561,0.03336121921656524,0.19200621497129322,1.0,0.9629629629629629,1.0,0.9333333333333333,1.0,0.9450056116722784,1.0,0.9925925925925926,0.9303503010399561,0.8534391534391534,0.2005346843389494,0.4519990364669424,0.9598765432098766,0.8814814814814815,0.8333333333333334,0.6888888888888888,0.8894239957191454,0.7558601891935224,0.9887589343729695,0.9138271604938271
1024,0.05,0.2,1.0,1.0,0.023463301784041726,0.06282309974423513,1.0,1.0,1.0,1.0,1.0,1.0,1.0,1.0,1.0,0.9767195767195768,0.015548129874085943,0.13749144234381047,1.0,0.9777777777777779,1.0,0.9555555555555555,1.0,0.9654320987654322,1.0,0.9925925925925926,1.0,0.960846560846561,0.03336121921656524,0.19200621497129322,1.0,0.9629629629629629,1.0,0.9333333333333333,1.0,0.9450056116722784,1.0,0.9925925925925926,1.0,0.8904761904761904,0.06284584879501671,0.24129190454722987,1.0,0.8801587301587301,1.0,0.8222222222222222,1.0,0.8444444444444444,1.0,0.9545679012345679
1024,0.05,0.3,1.0,1.0,0.023463301784041726,0.06282309974423513,1.0,1.0,1.0,1.0,1.0,1.0,1.0,1.0,1.0,0.9608465608465608,0.016353786804979877,0.15316769783698675,1.0,0.9444444444444444,1.0,0.9555555555555555,1.0,0.9472502805836138,1.0,0.9925925925925926,1.0,0.960846560846561,0.03336121921656524,0.19200621497129322,1.0,0.9629629629629629,1.0,0.9333333333333333,1.0,0.9450056116722784,1.0,0.9925925925925926,1.0,0.9455026455026455,0.05588479380216219,0.20792270768231014,1.0,0.9592592592592593,1.0,0.8888888888888888,1.0,0.918294051627385,1.0,0.9691358024691357
1024,0.1,0.1,1.0,1.0,0.023463301784041726,0.06282309974423513,1.0,1.0,1.0,1.0,1.0,1.0,1.0,1.0,1.0,0.9841269841269842,0.015444803322390475,0.10845515571437783,1.0,0.9777777777777779,1.0,0.9777777777777779,1.0,0.9777777777777779,1.0,0.9950617283950618,1.0,0.960846560846561,0.03336121921656524,0.19200621497129322,1.0,0.9629629629629629,1.0,0.9333333333333333,1.0,0.9450056116722784,1.0,0.9925925925925926,0.9303503010399561,0.8534391534391534,0.2005346843389494,0.4519990364669424,0.9598765432098766,0.8814814814814815,0.8333333333333334,0.6888888888888888,0.8894239957191454,0.7558601891935224,0.9887589343729695,0.9138271604938271
1024,0.1,0.2,1.0,1.0,0.023463301784041726,0.06282309974423513,1.0,1.0,1.0,1.0,1.0,1.0,1.0,1.0,1.0,0.9767195767195768,0.015548129874085943,0.13749144234381047,1.0,0.9777777777777779,1.0,0.9555555555555555,1.0,0.9654320987654322,1.0,0.9925925925925926,1.0,0.960846560846561,0.03336121921656524,0.19200621497129322,1.0,0.9629629629629629,1.0,0.9333333333333333,1.0,0.9450056116722784,1.0,0.9925925925925926,1.0,0.8904761904761904,0.06284584879501671,0.24129190454722987,1.0,0.8801587301587301,1.0,0.8222222222222222,1.0,0.8444444444444444,1.0,0.9545679012345679
1024,0.1,0.3,1.0,1.0,0.023463301784041726,0.06282309974423513,1.0,1.0,1.0,1.0,1.0,1.0,1.0,1.0,1.0,0.9608465608465608,0.016353786804979877,0.15316769783698675,1.0,0.9444444444444444,1.0,0.9555555555555555,1.0,0.9472502805836138,1.0,0.9925925925925926,1.0,0.960846560846561,0.03336121921656524,0.19200621497129322,1.0,0.9629629629629629,1.0,0.9333333333333333,1.0,0.9450056116722784,1.0,0.9925925925925926,1.0,0.9455026455026455,0.05588479380216219,0.20792270768231014,1.0,0.9592592592592593,1.0,0.8888888888888888,1.0,0.918294051627385,1.0,0.9691358024691357
1024,0.2,0.1,1.0,1.0,0.023463301784041726,0.06282309974423513,1.0,1.0,1.0,1.0,1.0,1.0,1.0,1.0,1.0,0.9841269841269842,0.015444803322390475,0.10845515571437783,1.0,0.9777777777777779,1.0,0.9777777777777779,1.0,0.9777777777777779,1.0,0.9950617283950618,1.0,0.960846560846561,0.03336121921656524,0.19200621497129322,1.0,0.9629629629629629,1.0,0.9333333333333333,1.0,0.9450056116722784,1.0,0.9925925925925926,0.9303503010399561,0.8534391534391534,0.2005346843389494,0.4519990364669424,0.9598765432098766,0.8814814814814815,0.8333333333333334,0.6888888888888888,0.8894239957191454,0.7558601891935224,0.9887589343729695,0.9138271604938271
1024,0.2,0.2,1.0,1.0,0.023463301784041726,0.06282309974423513,1.0,1.0,1.0,1.0,1.0,1.0,1.0,1.0,1.0,0.9767195767195768,0.015548129874085943,0.13749144234381047,1.0,0.9777777777777779,1.0,0.9555555555555555,1.0,0.9654320987654322,1.0,0.9925925925925926,1.0,0.960846560846561,0.03336121921656524,0.19200621497129322,1.0,0.9629629629629629,1.0,0.9333333333333333,1.0,0.9450056116722784,1.0,0.9925925925925926,1.0,0.8904761904761904,0.06284584879501671,0.24129190454722987,1.0,0.8801587301587301,1.0,0.8222222222222222,1.0,0.8444444444444444,1.0,0.9545679012345679
1024,0.2,0.3,1.0,1.0,0.023463301784041726,0.06282309974423513,1.0,1.0,1.0,1.0,1.0,1.0,1.0,1.0,1.0,0.9608465608465608,0.016353786804979877,0.15316769783698675,1.0,0.9444444444444444,1.0,0.9555555555555555,1.0,0.9472502805836138,1.0,0.9925925925925926,1.0,0.960846560846561,0.03336121921656524,0.19200621497129322,1.0,0.9629629629629629,1.0,0.9333333333333333,1.0,0.9450056116722784,1.0,0.9925925925925926,1.0,0.9455026455026455,0.05588479380216219,0.20792270768231014,1.0,0.9592592592592593,1.0,0.8888888888888888,1.0,0.918294051627385,1.0,0.9691358024691357
2048,0.01,0.1,1.0,1.0,0.018475687223218278,0.06978722381735972,1.0,1.0,1.0,1.0,1.0,1.0,1.0,1.0,1.0,0.9841269841269842,0.015444803322390475,0.10845515571437783,1.0,0.9777777777777779,1.0,0.9777777777777779,1.0,0.9777777777777779,1.0,0.9950617283950618,1.0,0.9455026455026455,0.025564512000438525,0.18817728343709442,1.0,0.9629629629629629,1.0,0.8888888888888888,1.0,0.9203142536475869,1.0,0.9901234567901235,0.9303503010399561,0.8534391534391534,0.2005346843389494,0.4519990364669424,0.9598765432098766,0.8814814814814815,0.8333333333333334,0.6888888888888888,0.8894239957191454,0.7558601891935224,0.9887589343729695,0.9138271604938271
2048,0.01,0.2,1.0,1.0,0.018475687223218278,0.06978722381735972,1.0,1.0,1.0,1.0,1.0,1.0,1.0,1.0,1.0,0.9767195767195768,0.015548129874085943,0.13749144234381047,1.0,0.9777777777777779,1.0,0.9555555555555555,1.0,0.9654320987654322,1.0,0.9925925925925926,1.0,0.9455026455026455,0.025564512000438525,0.18817728343709442,1.0,0.9629629629629629,1.0,0.8888888888888888,1.0,0.9203142536475869,1.0,0.9901234567901235,1.0,0.8904761904761904,0.06284584879501671,0.24129190454722987,1.0,0.8801587301587301,1.0,0.8222222222222222,1.0,0.8444444444444444,1.0,0.9545679012345679
2048,0.01,0.3,1.0,1.0,0.018475687223218278,0.06978722381735972,1.0,1.0,1.0,1.0,1.0,1.0,1.0,1.0,1.0,0.9608465608465608,0.016353786804979877,0.15316769783698675,1.0,0.9444444444444444,1.0,0.9555555555555555,1.0,0.9472502805836138,1.0,0.9925925925925926,1.0,0.9455026455026455,0.025564512000438525,0.18817728343709442,1.0,0.9629629629629629,1.0,0.8888888888888888,1.0,0.9203142536475869,1.0,0.9901234567901235,1.0,0.9455026455026455,0.05588479380216219,0.20792270768231014,1.0,0.9592592592592593,1.0,0.8888888888888888,1.0,0.918294051627385,1.0,0.9691358024691357
2048,0.02,0.1,1.0,1.0,0.018475687223218278,0.06978722381735972,1.0,1.0,1.0,1.0,1.0,1.0,1.0,1.0,1.0,0.9841269841269842,0.015444803322390475,0.10845515571437783,1.0,0.9777777777777779,1.0,0.9777777777777779,1.0,0.9777777777777779,1.0,0.9950617283950618,1.0,0.9455026455026455,0.025564512000438525,0.18817728343709442,1.0,0.9629629629629629,1.0,0.8888888888888888,1.0,0.9203142536475869,1.0,0.9901234567901235,0.9303503010399561,0.8534391534391534,0.2005346843389494,0.4519990364669424,0.9598765432098766,0.8814814814814815,0.8333333333333334,0.6888888888888888,0.8894239957191454,0.7558601891935224,0.9887589343729695,0.9138271604938271
2048,0.02,0.2,1.0,1.0,0.018475687223218278,0.06978722381735972,1.0,1.0,1.0,1.0,1.0,1.0,1.0,1.0,1.0,0.9767195767195768,0.015548129874085943,0.13749144234381047,1.0,0.9777777777777779,1.0,0.9555555555555555,1.0,0.9654320987654322,1.0,0.9925925925925926,1.0,0.9455026455026455,0.025564512000438525,0.18817728343709442,1.0,0.9629629629629629,1.0,0.8888888888888888,1.0,0.9203142536475869,1.0,0.9901234567901235,1.0,0.8904761904761904,0.06284584879501671,0.24129190454722987,1.0,0.8801587301587301,1.0,0.8222222222222222,1.0,0.8444444444444444,1.0,0.9545679012345679
2048,0.02,0.3,1.0,1.0,0.018475687223218278,0.06978722381735972,1.0,1.0,1.0,1.0,1.0,1.0,1.0,1.0,1.0,0.9608465608465608,0.016353786804979877,0.15316769783698675,1.0,0.9444444444444444,1.0,0.9555555555555555,1.0,0.9472502805836138,1.0,0.9925925925925926,1.0,0.9455026455026455,0.025564512000438525,0.18817728343709442,1.0,0.9629629629629629,1.0,0.8888888888888888,1.0,0.9203142536475869,1.0,0.9901234567901235,1.0,0.9455026455026455,0.05588479380216219,0.20792270768231014,1.0,0.9592592592592593,1.0,0.8888888888888888,1.0,0.918294051627385,1.0,0.9691358024691357
2048,0.05,0.1,1.0,1.0,0.018475687223218278,0.06978722381735972,1.0,1.0,1.0,1.0,1.0,1.0,1.0,1.0,1.0,0.9841269841269842,0.015444803322390475,0.10845515571437783,1.0,0.9777777777777779,1.0,0.9777777777777779,1.0,0.9777777777777779,1.0,0.9950617283950618,1.0,0.9455026455026455,0.025564512000438525,0.18817728343709442,1.0,0.9629629629629629,1.0,0.8888888888888888,1.0,0.9203142536475869,1.0,0.9901234567901235,0.9303503010399561,0.8534391534391534,0.2005346843389494,0.4519990364669424,0.9598765432098766,0.8814814814814815,0.8333333333333334,0.6888888888888888,0.8894239957191454,0.7558601891935224,0.9887589343729695,0.9138271604938271
2048,0.05,0.2,1.0,1.0,0.018475687223218278,0.06978722381735972,1.0,1.0,1.0,1.0,1.0,1.0,1.0,1.0,1.0,0.9767195767195768,0.015548129874085943,0.13749144234381047,1.0,0.9777777777777779,1.0,0.9555555555555555,1.0,0.9654320987654322,1.0,0.9925925925925926,1.0,0.9455026455026455,0.025564512000438525,0.18817728343709442,1.0,0.9629629629629629,1.0,0.8888888888888888,1.0,0.9203142536475869,1.0,0.9901234567901235,1.0,0.8904761904761904,0.06284584879501671,0.24129190454722987,1.0,0.8801587301587301,1.0,0.8222222222222222,1.0,0.8444444444444444,1.0,0.9545679012345679
2048,0.05,0.3,1.0,1.0,0.018475687223218278,0.06978722381735972,1.0,1.0,1.0,1.0,1.0,1.0,1.0,1.0,1.0,0.9608465608465608,0.016353786804979877,0.15316769783698675,1.0,0.9444444444444444,1.0,0.9555555555555555,1.0,0.9472502805836138,1.0,0.9925925925925926,1.0,0.9455026455026455,0.025564512000438525,0.18817728343709442,1.0,0.9629629629629629,1.0,0.8888888888888888,1.0,0.9203142536475869,1.0,0.9901234567901235,1.0,0.9455026455026455,0.05588479380216219,0.20792270768231014,1.0,0.9592592592592593,1.0,0.8888888888888888,1.0,0.918294051627385,1.0,0.9691358024691357
2048,0.1,0.1,1.0,1.0,0.018475687223218278,0.06978722381735972,1.0,1.0,1.0,1.0,1.0,1.0,1.0,1.0,1.0,0.9841269841269842,0.015444803322390475,0.10845515571437783,1.0,0.9777777777777779,1.0,0.9777777777777779,1.0,0.9777777777777779,1.0,0.9950617283950618,1.0,0.9455026455026455,0.025564512000438525,0.18817728343709442,1.0,0.9629629629629629,1.0,0.8888888888888888,1.0,0.9203142536475869,1.0,0.9901234567901235,0.9303503010399561,0.8534391534391534,0.2005346843389494,0.4519990364669424,0.9598765432098766,0.8814814814814815,0.8333333333333334,0.6888888888888888,0.8894239957191454,0.7558601891935224,0.9887589343729695,0.9138271604938271
2048,0.1,0.2,1.0,1.0,0.018475687223218278,0.06978722381735972,1.0,1.0,1.0,1.0,1.0,1.0,1.0,1.0,1.0,0.9767195767195768,0.015548129874085943,0.13749144234381047,1.0,0.9777777777777779,1.0,0.9555555555555555,1.0,0.9654320987654322,1.0,0.9925925925925926,1.0,0.9455026455026455,0.025564512000438525,0.18817728343709442,1.0,0.9629629629629629,1.0,0.8888888888888888,1.0,0.9203142536475869,1.0,0.9901234567901235,1.0,0.8904761904761904,0.06284584879501671,0.24129190454722987,1.0,0.8801587301587301,1.0,0.8222222222222222,1.0,0.8444444444444444,1.0,0.9545679012345679
2048,0.1,0.3,1.0,1.0,0.018475687223218278,0.06978722381735972,1.0,1.0,1.0,1.0,1.0,1.0,1.0,1.0,1.0,0.9608465608465608,0.016353786804979877,0.15316769783698675,1.0,0.9444444444444444,1.0,0.9555555555555555,1.0,0.9472502805836138,1.0,0.9925925925925926,1.0,0.9455026455026455,0.025564512000438525,0.18817728343709442,1.0,0.9629629629629629,1.0,0.8888888888888888,1.0,0.9203142536475869,1.0,0.9901234567901235,1.0,0.9455026455026455,0.05588479380216219,0.20792270768231014,1.0,0.9592592592592593,1.0,0.8888888888888888,1.0,0.918294051627385,1.0,0.9691358024691357
2048,0.2,0.1,1.0,1.0,0.018475687223218278,0.06978722381735972,1.0,1.0,1.0,1.0,1.0,1.0,1.0,1.0,1.0,0.9841269841269842,0.015444803322390475,0.10845515571437783,1.0,0.9777777777777779,1.0,0.9777777777777779,1.0,0.9777777777777779,1.0,0.9950617283950618,1.0,0.9455026455026455,0.025564512000438525,0.18817728343709442,1.0,0.9629629629629629,1.0,0.8888888888888888,1.0,0.9203142536475869,1.0,0.9901234567901235,0.9303503010399561,0.8534391534391534,0.2005346843389494,0.4519990364669424,0.9598765432098766,0.8814814814814815,0.8333333333333334,0.6888888888888888,0.8894239957191454,0.7558601891935224,0.9887589343729695,0.9138271604938271
2048,0.2,0.2,1.0,1.0,0.018475687223218278,0.06978722381735972,1.0,1.0,1.0,1.0,1.0,1.0,1.0,1.0,1.0,0.9767195767195768,0.015548129874085943,0.13749144234381047,1.0,0.9777777777777779,1.0,0.9555555555555555,1.0,0.9654320987654322,1.0,0.9925925925925926,1.0,0.9455026455026455,0.025564512000438525,0.18817728343709442,1.0,0.9629629629629629,1.0,0.8888888888888888,1.0,0.9203142536475869,1.0,0.9901234567901235,1.0,0.8904761904761904,0.06284584879501671,0.24129190454722987,1.0,0.8801587301587301,1.0,0.8222222222222222,1.0,0.8444444444444444,1.0,0.9545679012345679
2048,0.2,0.3,1.0,1.0,0.018475687223218278,0.06978722381735972,1.0,1.0,1.0,1.0,1.0,1.0,1.0,1.0,1.0,0.9608465608465608,0.016353786804979877,0.15316769783698675,1.0,0.9444444444444444,1.0,0.9555555555555555,1.0,0.9472502805836138,1.0,0.9925925925925926,1.0,0.9455026455026455,0.025564512000438525,0.18817728343709442,1.0,0.9629629629629629,1.0,0.8888888888888888,1.0,0.9203142536475869,1.0,0.9901234567901235,1.0,0.9455026455026455,0.05588479380216219,0.20792270768231014,1.0,0.9592592592592593,1.0,0.8888888888888888,1.0,0.918294051627385,1.0,0.9691358024691357
