n_genes,alpha,C,biased_rfe_train_acc,biased_rfe_val_acc,biased_rfe_train_loss,biased_rfe_val_loss,biased_rfe_train_precision,biased_rfe_val_precision,biased_rfe_train_recall,biased_rfe_val_recall,biased_rfe_train_f1_score,biased_rfe_val_f1_score,biased_rfe_train_roc_auc,biased_rfe_val_roc_auc,biased_lasso_train_acc,biased_lasso_val_acc,biased_lasso_train_loss,biased_lasso_val_loss,biased_lasso_train_precision,biased_lasso_val_precision,biased_lasso_train_recall,biased_lasso_val_recall,biased_lasso_train_f1_score,biased_lasso_val_f1_score,biased_lasso_train_roc_auc,biased_lasso_val_roc_auc,unbiased_rfe_train_acc,unbiased_rfe_val_acc,unbiased_rfe_train_loss,unbiased_rfe_val_loss,unbiased_rfe_train_precision,unbiased_rfe_val_precision,unbiased_rfe_train_recall,unbiased_rfe_val_recall,unbiased_rfe_train_f1_score,unbiased_rfe_val_f1_score,unbiased_rfe_train_roc_auc,unbiased_rfe_val_roc_auc,unbiased_lasso_train_acc,unbiased_lasso_val_acc,unbiased_lasso_train_loss,unbiased_lasso_val_loss,unbiased_lasso_train_precision,unbiased_lasso_val_precision,unbiased_lasso_train_recall,unbiased_lasso_val_recall,unbiased_lasso_train_f1_score,unbiased_lasso_val_f1_score,unbiased_lasso_train_roc_auc,unbiased_lasso_val_roc_auc
1,0.01,0.1,0.6837121212121212,0.6659090909090908,0.6323453824348341,0.7330092041997998,0.68125,0.2,0.10359848484848486,0.05208333333333333,0.17684752747252747,0.08249999999999999,0.5641143578643579,0.51875,1.0,0.9815909090909092,0.012221336010983071,0.10445235173338144,1.0,0.99,1.0,0.9604166666666666,1.0,0.9715873015873016,1.0,1.0,0.8497869318181817,0.7315909090909091,0.3446236932265676,0.5948003047099086,0.9066558441558442,0.682797619047619,0.6407196969696971,0.425,0.7390512377199683,0.49062049062049057,0.9073142135642136,0.7994047619047618,0.9627604166666668,0.8359090909090909,0.14721752429117055,0.36735375668867826,0.9881818181818183,0.8516666666666666,0.9041666666666666,0.68125,0.9432411314848386,0.718829365079365,0.995508658008658,0.9422619047619047
1,0.01,0.5,0.6837121212121212,0.6659090909090908,0.6323453824348341,0.7330092041997998,0.68125,0.2,0.10359848484848486,0.05208333333333333,0.17684752747252747,0.08249999999999999,0.5641143578643579,0.51875,1.0,0.9540909090909091,0.013289841366465877,0.1668686557565197,1.0,0.9625,1.0,0.9166666666666666,1.0,0.9308134920634921,1.0,0.9946428571428573,0.8497869318181817,0.7315909090909091,0.3446236932265676,0.5948003047099086,0.9066558441558442,0.682797619047619,0.6407196969696971,0.425,0.7390512377199683,0.49062049062049057,0.9073142135642136,0.7994047619047618,1.0,0.9470454545454545,0.04553380835326781,0.2212688314884085,1.0,0.95375,1.0,0.9020833333333332,1.0,0.919761904761905,1.0,0.9726190476190476
1,0.01,1.0,0.6837121212121212,0.6659090909090908,0.6323453824348341,0.7330092041997998,0.68125,0.2,0.10359848484848486,0.05208333333333333,0.17684752747252747,0.08249999999999999,0.5641143578643579,0.51875,1.0,0.9400000000000001,0.014100430801648795,0.17968857877017594,1.0,0.9400000000000001,1.0,0.9020833333333332,1.0,0.9092460317460317,1.0,0.9928571428571429,0.8497869318181817,0.7315909090909091,0.3446236932265676,0.5948003047099086,0.9066558441558442,0.682797619047619,0.6407196969696971,0.425,0.7390512377199683,0.49062049062049057,0.9073142135642136,0.7994047619047618,1.0,0.9381818181818182,0.04350994683624221,0.21211709491584713,1.0,0.9425000000000001,1.0,0.8916666666666666,1.0,0.9062103174603175,1.0,0.9761904761904763
1,0.02,0.1,0.6837121212121212,0.6659090909090908,0.6323453824348341,0.7330092041997998,0.68125,0.2,0.10359848484848486,0.05208333333333333,0.17684752747252747,0.08249999999999999,0.5641143578643579,0.51875,1.0,0.9815909090909092,0.012221336010983071,0.10445235173338144,1.0,0.99,1.0,0.9604166666666666,1.0,0.9715873015873016,1.0,1.0,0.8497869318181817,0.7315909090909091,0.3446236932265676,0.5948003047099086,0.9066558441558442,0.682797619047619,0.6407196969696971,0.425,0.7390512377199683,0.49062049062049057,0.9073142135642136,0.7994047619047618,0.9627604166666668,0.8359090909090909,0.14721752429117055,0.36735375668867826,0.9881818181818183,0.8516666666666666,0.9041666666666666,0.68125,0.9432411314848386,0.718829365079365,0.995508658008658,0.9422619047619047
1,0.02,0.5,0.6837121212121212,0.6659090909090908,0.6323453824348341,0.7330092041997998,0.68125,0.2,0.10359848484848486,0.05208333333333333,0.17684752747252747,0.08249999999999999,0.5641143578643579,0.51875,1.0,0.9540909090909091,0.013289841366465877,0.1668686557565197,1.0,0.9625,1.0,0.9166666666666666,1.0,0.9308134920634921,1.0,0.9946428571428573,0.8497869318181817,0.7315909090909091,0.3446236932265676,0.5948003047099086,0.9066558441558442,0.682797619047619,0.6407196969696971,0.425,0.7390512377199683,0.49062049062049057,0.9073142135642136,0.7994047619047618,1.0,0.9470454545454545,0.04553380835326781,0.2212688314884085,1.0,0.95375,1.0,0.9020833333333332,1.0,0.919761904761905,1.0,0.9726190476190476
1,0.02,1.0,0.6837121212121212,0.6659090909090908,0.6323453824348341,0.7330092041997998,0.68125,0.2,0.10359848484848486,0.05208333333333333,0.17684752747252747,0.08249999999999999,0.5641143578643579,0.51875,1.0,0.9400000000000001,0.014100430801648795,0.17968857877017594,1.0,0.9400000000000001,1.0,0.9020833333333332,1.0,0.9092460317460317,1.0,0.9928571428571429,0.8497869318181817,0.7315909090909091,0.3446236932265676,0.5948003047099086,0.9066558441558442,0.682797619047619,0.6407196969696971,0.425,0.7390512377199683,0.49062049062049057,0.9073142135642136,0.7994047619047618,1.0,0.9381818181818182,0.04350994683624221,0.21211709491584713,1.0,0.9425000000000001,1.0,0.8916666666666666,1.0,0.9062103174603175,1.0,0.9761904761904763
1,0.05,0.1,0.6837121212121212,0.6659090909090908,0.6323453824348341,0.7330092041997998,0.68125,0.2,0.10359848484848486,0.05208333333333333,0.17684752747252747,0.08249999999999999,0.5641143578643579,0.51875,1.0,0.9815909090909092,0.012221336010983071,0.10445235173338144,1.0,0.99,1.0,0.9604166666666666,1.0,0.9715873015873016,1.0,1.0,0.8497869318181817,0.7315909090909091,0.3446236932265676,0.5948003047099086,0.9066558441558442,0.682797619047619,0.6407196969696971,0.425,0.7390512377199683,0.49062049062049057,0.9073142135642136,0.7994047619047618,0.9627604166666668,0.8359090909090909,0.14721752429117055,0.36735375668867826,0.9881818181818183,0.8516666666666666,0.9041666666666666,0.68125,0.9432411314848386,0.718829365079365,0.995508658008658,0.9422619047619047
1,0.05,0.5,0.6837121212121212,0.6659090909090908,0.6323453824348341,0.7330092041997998,0.68125,0.2,0.10359848484848486,0.05208333333333333,0.17684752747252747,0.08249999999999999,0.5641143578643579,0.51875,1.0,0.9540909090909091,0.013289841366465877,0.1668686557565197,1.0,0.9625,1.0,0.9166666666666666,1.0,0.9308134920634921,1.0,0.9946428571428573,0.8497869318181817,0.7315909090909091,0.3446236932265676,0.5948003047099086,0.9066558441558442,0.682797619047619,0.6407196969696971,0.425,0.7390512377199683,0.49062049062049057,0.9073142135642136,0.7994047619047618,1.0,0.9470454545454545,0.04553380835326781,0.2212688314884085,1.0,0.95375,1.0,0.9020833333333332,1.0,0.919761904761905,1.0,0.9726190476190476
1,0.05,1.0,0.6837121212121212,0.6659090909090908,0.6323453824348341,0.7330092041997998,0.68125,0.2,0.10359848484848486,0.05208333333333333,0.17684752747252747,0.08249999999999999,0.5641143578643579,0.51875,1.0,0.9400000000000001,0.014100430801648795,0.17968857877017594,1.0,0.9400000000000001,1.0,0.9020833333333332,1.0,0.9092460317460317,1.0,0.9928571428571429,0.8497869318181817,0.7315909090909091,0.3446236932265676,0.5948003047099086,0.9066558441558442,0.682797619047619,0.6407196969696971,0.425,0.7390512377199683,0.49062049062049057,0.9073142135642136,0.7994047619047618,1.0,0.9381818181818182,0.04350994683624221,0.21211709491584713,1.0,0.9425000000000001,1.0,0.8916666666666666,1.0,0.9062103174603175,1.0,0.9761904761904763
1,0.1,0.1,0.6837121212121212,0.6659090909090908,0.6323453824348341,0.7330092041997998,0.68125,0.2,0.10359848484848486,0.05208333333333333,0.17684752747252747,0.08249999999999999,0.5641143578643579,0.51875,1.0,0.9815909090909092,0.012221336010983071,0.10445235173338144,1.0,0.99,1.0,0.9604166666666666,1.0,0.9715873015873016,1.0,1.0,0.8497869318181817,0.7315909090909091,0.3446236932265676,0.5948003047099086,0.9066558441558442,0.682797619047619,0.6407196969696971,0.425,0.7390512377199683,0.49062049062049057,0.9073142135642136,0.7994047619047618,0.9627604166666668,0.8359090909090909,0.14721752429117055,0.36735375668867826,0.9881818181818183,0.8516666666666666,0.9041666666666666,0.68125,0.9432411314848386,0.718829365079365,0.995508658008658,0.9422619047619047
1,0.1,0.5,0.6837121212121212,0.6659090909090908,0.6323453824348341,0.7330092041997998,0.68125,0.2,0.10359848484848486,0.05208333333333333,0.17684752747252747,0.08249999999999999,0.5641143578643579,0.51875,1.0,0.9540909090909091,0.013289841366465877,0.1668686557565197,1.0,0.9625,1.0,0.9166666666666666,1.0,0.9308134920634921,1.0,0.9946428571428573,0.8497869318181817,0.7315909090909091,0.3446236932265676,0.5948003047099086,0.9066558441558442,0.682797619047619,0.6407196969696971,0.425,0.7390512377199683,0.49062049062049057,0.9073142135642136,0.7994047619047618,1.0,0.9470454545454545,0.04553380835326781,0.2212688314884085,1.0,0.95375,1.0,0.9020833333333332,1.0,0.919761904761905,1.0,0.9726190476190476
1,0.1,1.0,0.6837121212121212,0.6659090909090908,0.6323453824348341,0.7330092041997998,0.68125,0.2,0.10359848484848486,0.05208333333333333,0.17684752747252747,0.08249999999999999,0.5641143578643579,0.51875,1.0,0.9400000000000001,0.014100430801648795,0.17968857877017594,1.0,0.9400000000000001,1.0,0.9020833333333332,1.0,0.9092460317460317,1.0,0.9928571428571429,0.8497869318181817,0.7315909090909091,0.3446236932265676,0.5948003047099086,0.9066558441558442,0.682797619047619,0.6407196969696971,0.425,0.7390512377199683,0.49062049062049057,0.9073142135642136,0.7994047619047618,1.0,0.9381818181818182,0.04350994683624221,0.21211709491584713,1.0,0.9425000000000001,1.0,0.8916666666666666,1.0,0.9062103174603175,1.0,0.9761904761904763
1,0.2,0.1,0.6837121212121212,0.6659090909090908,0.6323453824348341,0.7330092041997998,0.68125,0.2,0.10359848484848486,0.05208333333333333,0.17684752747252747,0.08249999999999999,0.5641143578643579,0.51875,1.0,0.9815909090909092,0.012221336010983071,0.10445235173338144,1.0,0.99,1.0,0.9604166666666666,1.0,0.9715873015873016,1.0,1.0,0.8497869318181817,0.7315909090909091,0.3446236932265676,0.5948003047099086,0.9066558441558442,0.682797619047619,0.6407196969696971,0.425,0.7390512377199683,0.49062049062049057,0.9073142135642136,0.7994047619047618,0.9627604166666668,0.8359090909090909,0.14721752429117055,0.36735375668867826,0.9881818181818183,0.8516666666666666,0.9041666666666666,0.68125,0.9432411314848386,0.718829365079365,0.995508658008658,0.9422619047619047
1,0.2,0.5,0.6837121212121212,0.6659090909090908,0.6323453824348341,0.7330092041997998,0.68125,0.2,0.10359848484848486,0.05208333333333333,0.17684752747252747,0.08249999999999999,0.5641143578643579,0.51875,1.0,0.9540909090909091,0.013289841366465877,0.1668686557565197,1.0,0.9625,1.0,0.9166666666666666,1.0,0.9308134920634921,1.0,0.9946428571428573,0.8497869318181817,0.7315909090909091,0.3446236932265676,0.5948003047099086,0.9066558441558442,0.682797619047619,0.6407196969696971,0.425,0.7390512377199683,0.49062049062049057,0.9073142135642136,0.7994047619047618,1.0,0.9470454545454545,0.04553380835326781,0.2212688314884085,1.0,0.95375,1.0,0.9020833333333332,1.0,0.919761904761905,1.0,0.9726190476190476
1,0.2,1.0,0.6837121212121212,0.6659090909090908,0.6323453824348341,0.7330092041997998,0.68125,0.2,0.10359848484848486,0.05208333333333333,0.17684752747252747,0.08249999999999999,0.5641143578643579,0.51875,1.0,0.9400000000000001,0.014100430801648795,0.17968857877017594,1.0,0.9400000000000001,1.0,0.9020833333333332,1.0,0.9092460317460317,1.0,0.9928571428571429,0.8497869318181817,0.7315909090909091,0.3446236932265676,0.5948003047099086,0.9066558441558442,0.682797619047619,0.6407196969696971,0.425,0.7390512377199683,0.49062049062049057,0.9073142135642136,0.7994047619047618,1.0,0.9381818181818182,0.04350994683624221,0.21211709491584713,1.0,0.9425000000000001,1.0,0.8916666666666666,1.0,0.9062103174603175,1.0,0.9761904761904763
2,0.01,0.1,0.8611505681818181,0.7990909090909091,0.4235431502830753,0.48956049135487234,0.9571690115440117,0.7647023809523809,0.6363636363636364,0.5208333333333333,0.7520814254208721,0.5934199134199133,0.8801136363636364,0.8303571428571429,1.0,0.9815909090909092,0.012221336010983071,0.10445235173338144,1.0,0.99,1.0,0.9604166666666666,1.0,0.9715873015873016,1.0,1.0,0.9325520833333332,0.7693181818181818,0.2069009970349991,0.536764007034693,0.9714427933177934,0.7316666666666667,0.8327651515151515,0.5541666666666666,0.8912465798884563,0.5900000000000001,0.9800414862914864,0.8366071428571429,0.9627604166666668,0.8359090909090909,0.14721752429117055,0.36735375668867826,0.9881818181818183,0.8516666666666666,0.9041666666666666,0.68125,0.9432411314848386,0.718829365079365,0.995508658008658,0.9422619047619047
2,0.01,0.5,0.8611505681818181,0.7990909090909091,0.4235431502830753,0.48956049135487234,0.9571690115440117,0.7647023809523809,0.6363636363636364,0.5208333333333333,0.7520814254208721,0.5934199134199133,0.8801136363636364,0.8303571428571429,1.0,0.9540909090909091,0.013289841366465877,0.1668686557565197,1.0,0.9625,1.0,0.9166666666666666,1.0,0.9308134920634921,1.0,0.9946428571428573,0.9325520833333332,0.7693181818181818,0.2069009970349991,0.536764007034693,0.9714427933177934,0.7316666666666667,0.8327651515151515,0.5541666666666666,0.8912465798884563,0.5900000000000001,0.9800414862914864,0.8366071428571429,1.0,0.9470454545454545,0.04553380835326781,0.2212688314884085,1.0,0.95375,1.0,0.9020833333333332,1.0,0.919761904761905,1.0,0.9726190476190476
2,0.01,1.0,0.8611505681818181,0.7990909090909091,0.4235431502830753,0.48956049135487234,0.9571690115440117,0.7647023809523809,0.6363636363636364,0.5208333333333333,0.7520814254208721,0.5934199134199133,0.8801136363636364,0.8303571428571429,1.0,0.9400000000000001,0.014100430801648795,0.17968857877017594,1.0,0.9400000000000001,1.0,0.9020833333333332,1.0,0.9092460317460317,1.0,0.9928571428571429,0.9325520833333332,0.7693181818181818,0.2069009970349991,0.536764007034693,0.9714427933177934,0.7316666666666667,0.8327651515151515,0.5541666666666666,0.8912465798884563,0.5900000000000001,0.9800414862914864,0.8366071428571429,1.0,0.9381818181818182,0.04350994683624221,0.21211709491584713,1.0,0.9425000000000001,1.0,0.8916666666666666,1.0,0.9062103174603175,1.0,0.9761904761904763
2,0.02,0.1,0.8611505681818181,0.7990909090909091,0.4235431502830753,0.48956049135487234,0.9571690115440117,0.7647023809523809,0.6363636363636364,0.5208333333333333,0.7520814254208721,0.5934199134199133,0.8801136363636364,0.8303571428571429,1.0,0.9815909090909092,0.012221336010983071,0.10445235173338144,1.0,0.99,1.0,0.9604166666666666,1.0,0.9715873015873016,1.0,1.0,0.9325520833333332,0.7693181818181818,0.2069009970349991,0.536764007034693,0.9714427933177934,0.7316666666666667,0.8327651515151515,0.5541666666666666,0.8912465798884563,0.5900000000000001,0.9800414862914864,0.8366071428571429,0.9627604166666668,0.8359090909090909,0.14721752429117055,0.36735375668867826,0.9881818181818183,0.8516666666666666,0.9041666666666666,0.68125,0.9432411314848386,0.718829365079365,0.995508658008658,0.9422619047619047
2,0.02,0.5,0.8611505681818181,0.7990909090909091,0.4235431502830753,0.48956049135487234,0.9571690115440117,0.7647023809523809,0.6363636363636364,0.5208333333333333,0.7520814254208721,0.5934199134199133,0.8801136363636364,0.8303571428571429,1.0,0.9540909090909091,0.013289841366465877,0.1668686557565197,1.0,0.9625,1.0,0.9166666666666666,1.0,0.9308134920634921,1.0,0.9946428571428573,0.9325520833333332,0.7693181818181818,0.2069009970349991,0.536764007034693,0.9714427933177934,0.7316666666666667,0.8327651515151515,0.5541666666666666,0.8912465798884563,0.5900000000000001,0.9800414862914864,0.8366071428571429,1.0,0.9470454545454545,0.04553380835326781,0.2212688314884085,1.0,0.95375,1.0,0.9020833333333332,1.0,0.919761904761905,1.0,0.9726190476190476
2,0.02,1.0,0.8611505681818181,0.7990909090909091,0.4235431502830753,0.48956049135487234,0.9571690115440117,0.7647023809523809,0.6363636363636364,0.5208333333333333,0.7520814254208721,0.5934199134199133,0.8801136363636364,0.8303571428571429,1.0,0.9400000000000001,0.014100430801648795,0.17968857877017594,1.0,0.9400000000000001,1.0,0.9020833333333332,1.0,0.9092460317460317,1.0,0.9928571428571429,0.9325520833333332,0.7693181818181818,0.2069009970349991,0.536764007034693,0.9714427933177934,0.7316666666666667,0.8327651515151515,0.5541666666666666,0.8912465798884563,0.5900000000000001,0.9800414862914864,0.8366071428571429,1.0,0.9381818181818182,0.04350994683624221,0.21211709491584713,1.0,0.9425000000000001,1.0,0.8916666666666666,1.0,0.9062103174603175,1.0,0.9761904761904763
2,0.05,0.1,0.8611505681818181,0.7990909090909091,0.4235431502830753,0.48956049135487234,0.9571690115440117,0.7647023809523809,0.6363636363636364,0.5208333333333333,0.7520814254208721,0.5934199134199133,0.8801136363636364,0.8303571428571429,1.0,0.9815909090909092,0.012221336010983071,0.10445235173338144,1.0,0.99,1.0,0.9604166666666666,1.0,0.9715873015873016,1.0,1.0,0.9325520833333332,0.7693181818181818,0.2069009970349991,0.536764007034693,0.9714427933177934,0.7316666666666667,0.8327651515151515,0.5541666666666666,0.8912465798884563,0.5900000000000001,0.9800414862914864,0.8366071428571429,0.9627604166666668,0.8359090909090909,0.14721752429117055,0.36735375668867826,0.9881818181818183,0.8516666666666666,0.9041666666666666,0.68125,0.9432411314848386,0.718829365079365,0.995508658008658,0.9422619047619047
2,0.05,0.5,0.8611505681818181,0.7990909090909091,0.4235431502830753,0.48956049135487234,0.9571690115440117,0.7647023809523809,0.6363636363636364,0.5208333333333333,0.7520814254208721,0.5934199134199133,0.8801136363636364,0.8303571428571429,1.0,0.9540909090909091,0.013289841366465877,0.1668686557565197,1.0,0.9625,1.0,0.9166666666666666,1.0,0.9308134920634921,1.0,0.9946428571428573,0.9325520833333332,0.7693181818181818,0.2069009970349991,0.536764007034693,0.9714427933177934,0.7316666666666667,0.8327651515151515,0.5541666666666666,0.8912465798884563,0.5900000000000001,0.9800414862914864,0.8366071428571429,1.0,0.9470454545454545,0.04553380835326781,0.2212688314884085,1.0,0.95375,1.0,0.9020833333333332,1.0,0.919761904761905,1.0,0.9726190476190476
2,0.05,1.0,0.8611505681818181,0.7990909090909091,0.4235431502830753,0.48956049135487234,0.9571690115440117,0.7647023809523809,0.6363636363636364,0.5208333333333333,0.7520814254208721,0.5934199134199133,0.8801136363636364,0.8303571428571429,1.0,0.9400000000000001,0.014100430801648795,0.17968857877017594,1.0,0.9400000000000001,1.0,0.9020833333333332,1.0,0.9092460317460317,1.0,0.9928571428571429,0.9325520833333332,0.7693181818181818,0.2069009970349991,0.536764007034693,0.9714427933177934,0.7316666666666667,0.8327651515151515,0.5541666666666666,0.8912465798884563,0.5900000000000001,0.9800414862914864,0.8366071428571429,1.0,0.9381818181818182,0.04350994683624221,0.21211709491584713,1.0,0.9425000000000001,1.0,0.8916666666666666,1.0,0.9062103174603175,1.0,0.9761904761904763
2,0.1,0.1,0.8611505681818181,0.7990909090909091,0.4235431502830753,0.48956049135487234,0.9571690115440117,0.7647023809523809,0.6363636363636364,0.5208333333333333,0.7520814254208721,0.5934199134199133,0.8801136363636364,0.8303571428571429,1.0,0.9815909090909092,0.012221336010983071,0.10445235173338144,1.0,0.99,1.0,0.9604166666666666,1.0,0.9715873015873016,1.0,1.0,0.9325520833333332,0.7693181818181818,0.2069009970349991,0.536764007034693,0.9714427933177934,0.7316666666666667,0.8327651515151515,0.5541666666666666,0.8912465798884563,0.5900000000000001,0.9800414862914864,0.8366071428571429,0.9627604166666668,0.8359090909090909,0.14721752429117055,0.36735375668867826,0.9881818181818183,0.8516666666666666,0.9041666666666666,0.68125,0.9432411314848386,0.718829365079365,0.995508658008658,0.9422619047619047
2,0.1,0.5,0.8611505681818181,0.7990909090909091,0.4235431502830753,0.48956049135487234,0.9571690115440117,0.7647023809523809,0.6363636363636364,0.5208333333333333,0.7520814254208721,0.5934199134199133,0.8801136363636364,0.8303571428571429,1.0,0.9540909090909091,0.013289841366465877,0.1668686557565197,1.0,0.9625,1.0,0.9166666666666666,1.0,0.9308134920634921,1.0,0.9946428571428573,0.9325520833333332,0.7693181818181818,0.2069009970349991,0.536764007034693,0.9714427933177934,0.7316666666666667,0.8327651515151515,0.5541666666666666,0.8912465798884563,0.5900000000000001,0.9800414862914864,0.8366071428571429,1.0,0.9470454545454545,0.04553380835326781,0.2212688314884085,1.0,0.95375,1.0,0.9020833333333332,1.0,0.919761904761905,1.0,0.9726190476190476
2,0.1,1.0,0.8611505681818181,0.7990909090909091,0.4235431502830753,0.48956049135487234,0.9571690115440117,0.7647023809523809,0.6363636363636364,0.5208333333333333,0.7520814254208721,0.5934199134199133,0.8801136363636364,0.8303571428571429,1.0,0.9400000000000001,0.014100430801648795,0.17968857877017594,1.0,0.9400000000000001,1.0,0.9020833333333332,1.0,0.9092460317460317,1.0,0.9928571428571429,0.9325520833333332,0.7693181818181818,0.2069009970349991,0.536764007034693,0.9714427933177934,0.7316666666666667,0.8327651515151515,0.5541666666666666,0.8912465798884563,0.5900000000000001,0.9800414862914864,0.8366071428571429,1.0,0.9381818181818182,0.04350994683624221,0.21211709491584713,1.0,0.9425000000000001,1.0,0.8916666666666666,1.0,0.9062103174603175,1.0,0.9761904761904763
2,0.2,0.1,0.8611505681818181,0.7990909090909091,0.4235431502830753,0.48956049135487234,0.9571690115440117,0.7647023809523809,0.6363636363636364,0.5208333333333333,0.7520814254208721,0.5934199134199133,0.8801136363636364,0.8303571428571429,1.0,0.9815909090909092,0.012221336010983071,0.10445235173338144,1.0,0.99,1.0,0.9604166666666666,1.0,0.9715873015873016,1.0,1.0,0.9325520833333332,0.7693181818181818,0.2069009970349991,0.536764007034693,0.9714427933177934,0.7316666666666667,0.8327651515151515,0.5541666666666666,0.8912465798884563,0.5900000000000001,0.9800414862914864,0.8366071428571429,0.9627604166666668,0.8359090909090909,0.14721752429117055,0.36735375668867826,0.9881818181818183,0.8516666666666666,0.9041666666666666,0.68125,0.9432411314848386,0.718829365079365,0.995508658008658,0.9422619047619047
2,0.2,0.5,0.8611505681818181,0.7990909090909091,0.4235431502830753,0.48956049135487234,0.9571690115440117,0.7647023809523809,0.6363636363636364,0.5208333333333333,0.7520814254208721,0.5934199134199133,0.8801136363636364,0.8303571428571429,1.0,0.9540909090909091,0.013289841366465877,0.1668686557565197,1.0,0.9625,1.0,0.9166666666666666,1.0,0.9308134920634921,1.0,0.9946428571428573,0.9325520833333332,0.7693181818181818,0.2069009970349991,0.536764007034693,0.9714427933177934,0.7316666666666667,0.8327651515151515,0.5541666666666666,0.8912465798884563,0.5900000000000001,0.9800414862914864,0.8366071428571429,1.0,0.9470454545454545,0.04553380835326781,0.2212688314884085,1.0,0.95375,1.0,0.9020833333333332,1.0,0.919761904761905,1.0,0.9726190476190476
2,0.2,1.0,0.8611505681818181,0.7990909090909091,0.4235431502830753,0.48956049135487234,0.9571690115440117,0.7647023809523809,0.6363636363636364,0.5208333333333333,0.7520814254208721,0.5934199134199133,0.8801136363636364,0.8303571428571429,1.0,0.9400000000000001,0.014100430801648795,0.17968857877017594,1.0,0.9400000000000001,1.0,0.9020833333333332,1.0,0.9092460317460317,1.0,0.9928571428571429,0.9325520833333332,0.7693181818181818,0.2069009970349991,0.536764007034693,0.9714427933177934,0.7316666666666667,0.8327651515151515,0.5541666666666666,0.8912465798884563,0.5900000000000001,0.9800414862914864,0.8366071428571429,1.0,0.9381818181818182,0.04350994683624221,0.21211709491584713,1.0,0.9425000000000001,1.0,0.8916666666666666,1.0,0.9062103174603175,1.0,0.9761904761904763
4,0.01,0.1,0.9604876893939395,0.9377272727272727,0.15029916362295442,0.2073355560329638,1.0,0.9887499999999999,0.8867424242424242,0.8375,0.9387135328439676,0.8976984126984128,0.9981601731601731,0.981547619047619,1.0,0.9815909090909092,0.012221336010983071,0.10445235173338144,1.0,0.99,1.0,0.9604166666666666,1.0,0.9715873015873016,1.0,1.0,0.9891808712121211,0.8459090909090909,0.10652659914805215,0.41120617643589885,1.0,0.83125,0.9691287878787879,0.7104166666666666,0.9836128364389232,0.7373214285714286,0.9997835497835498,0.9014880952380953,0.9627604166666668,0.8359090909090909,0.14721752429117055,0.36735375668867826,0.9881818181818183,0.8516666666666666,0.9041666666666666,0.68125,0.9432411314848386,0.718829365079365,0.995508658008658,0.9422619047619047
4,0.01,0.5,0.9604876893939395,0.9377272727272727,0.15029916362295442,0.2073355560329638,1.0,0.9887499999999999,0.8867424242424242,0.8375,0.9387135328439676,0.8976984126984128,0.9981601731601731,0.981547619047619,1.0,0.9540909090909091,0.013289841366465877,0.1668686557565197,1.0,0.9625,1.0,0.9166666666666666,1.0,0.9308134920634921,1.0,0.9946428571428573,0.9891808712121211,0.8459090909090909,0.10652659914805215,0.41120617643589885,1.0,0.83125,0.9691287878787879,0.7104166666666666,0.9836128364389232,0.7373214285714286,0.9997835497835498,0.9014880952380953,1.0,0.9470454545454545,0.04553380835326781,0.2212688314884085,1.0,0.95375,1.0,0.9020833333333332,1.0,0.919761904761905,1.0,0.9726190476190476
4,0.01,1.0,0.9604876893939395,0.9377272727272727,0.15029916362295442,0.2073355560329638,1.0,0.9887499999999999,0.8867424242424242,0.8375,0.9387135328439676,0.8976984126984128,0.9981601731601731,0.981547619047619,1.0,0.9400000000000001,0.014100430801648795,0.17968857877017594,1.0,0.9400000000000001,1.0,0.9020833333333332,1.0,0.9092460317460317,1.0,0.9928571428571429,0.9891808712121211,0.8459090909090909,0.10652659914805215,0.41120617643589885,1.0,0.83125,0.9691287878787879,0.7104166666666666,0.9836128364389232,0.7373214285714286,0.9997835497835498,0.9014880952380953,1.0,0.9381818181818182,0.04350994683624221,0.21211709491584713,1.0,0.9425000000000001,1.0,0.8916666666666666,1.0,0.9062103174603175,1.0,0.9761904761904763
4,0.02,0.1,0.9604876893939395,0.9377272727272727,0.15029916362295442,0.2073355560329638,1.0,0.9887499999999999,0.8867424242424242,0.8375,0.9387135328439676,0.8976984126984128,0.9981601731601731,0.981547619047619,1.0,0.9815909090909092,0.012221336010983071,0.10445235173338144,1.0,0.99,1.0,0.9604166666666666,1.0,0.9715873015873016,1.0,1.0,0.9891808712121211,0.8459090909090909,0.10652659914805215,0.41120617643589885,1.0,0.83125,0.9691287878787879,0.7104166666666666,0.9836128364389232,0.7373214285714286,0.9997835497835498,0.9014880952380953,0.9627604166666668,0.8359090909090909,0.14721752429117055,0.36735375668867826,0.9881818181818183,0.8516666666666666,0.9041666666666666,0.68125,0.9432411314848386,0.718829365079365,0.995508658008658,0.9422619047619047
4,0.02,0.5,0.9604876893939395,0.9377272727272727,0.15029916362295442,0.2073355560329638,1.0,0.9887499999999999,0.8867424242424242,0.8375,0.9387135328439676,0.8976984126984128,0.9981601731601731,0.981547619047619,1.0,0.9540909090909091,0.013289841366465877,0.1668686557565197,1.0,0.9625,1.0,0.9166666666666666,1.0,0.9308134920634921,1.0,0.9946428571428573,0.9891808712121211,0.8459090909090909,0.10652659914805215,0.41120617643589885,1.0,0.83125,0.9691287878787879,0.7104166666666666,0.9836128364389232,0.7373214285714286,0.9997835497835498,0.9014880952380953,1.0,0.9470454545454545,0.04553380835326781,0.2212688314884085,1.0,0.95375,1.0,0.9020833333333332,1.0,0.919761904761905,1.0,0.9726190476190476
4,0.02,1.0,0.9604876893939395,0.9377272727272727,0.15029916362295442,0.2073355560329638,1.0,0.9887499999999999,0.8867424242424242,0.8375,0.9387135328439676,0.8976984126984128,0.9981601731601731,0.981547619047619,1.0,0.9400000000000001,0.014100430801648795,0.17968857877017594,1.0,0.9400000000000001,1.0,0.9020833333333332,1.0,0.9092460317460317,1.0,0.9928571428571429,0.9891808712121211,0.8459090909090909,0.10652659914805215,0.41120617643589885,1.0,0.83125,0.9691287878787879,0.7104166666666666,0.9836128364389232,0.7373214285714286,0.9997835497835498,0.9014880952380953,1.0,0.9381818181818182,0.04350994683624221,0.21211709491584713,1.0,0.9425000000000001,1.0,0.8916666666666666,1.0,0.9062103174603175,1.0,0.9761904761904763
4,0.05,0.1,0.9604876893939395,0.9377272727272727,0.15029916362295442,0.2073355560329638,1.0,0.9887499999999999,0.8867424242424242,0.8375,0.9387135328439676,0.8976984126984128,0.9981601731601731,0.981547619047619,1.0,0.9815909090909092,0.012221336010983071,0.10445235173338144,1.0,0.99,1.0,0.9604166666666666,1.0,0.9715873015873016,1.0,1.0,0.9891808712121211,0.8459090909090909,0.10652659914805215,0.41120617643589885,1.0,0.83125,0.9691287878787879,0.7104166666666666,0.9836128364389232,0.7373214285714286,0.9997835497835498,0.9014880952380953,0.9627604166666668,0.8359090909090909,0.14721752429117055,0.36735375668867826,0.9881818181818183,0.8516666666666666,0.9041666666666666,0.68125,0.9432411314848386,0.718829365079365,0.995508658008658,0.9422619047619047
4,0.05,0.5,0.9604876893939395,0.9377272727272727,0.15029916362295442,0.2073355560329638,1.0,0.9887499999999999,0.8867424242424242,0.8375,0.9387135328439676,0.8976984126984128,0.9981601731601731,0.981547619047619,1.0,0.9540909090909091,0.013289841366465877,0.1668686557565197,1.0,0.9625,1.0,0.9166666666666666,1.0,0.9308134920634921,1.0,0.9946428571428573,0.9891808712121211,0.8459090909090909,0.10652659914805215,0.41120617643589885,1.0,0.83125,0.9691287878787879,0.7104166666666666,0.9836128364389232,0.7373214285714286,0.9997835497835498,0.9014880952380953,1.0,0.9470454545454545,0.04553380835326781,0.2212688314884085,1.0,0.95375,1.0,0.9020833333333332,1.0,0.919761904761905,1.0,0.9726190476190476
4,0.05,1.0,0.9604876893939395,0.9377272727272727,0.15029916362295442,0.2073355560329638,1.0,0.9887499999999999,0.8867424242424242,0.8375,0.9387135328439676,0.8976984126984128,0.9981601731601731,0.981547619047619,1.0,0.9400000000000001,0.014100430801648795,0.17968857877017594,1.0,0.9400000000000001,1.0,0.9020833333333332,1.0,0.9092460317460317,1.0,0.9928571428571429,0.9891808712121211,0.8459090909090909,0.10652659914805215,0.41120617643589885,1.0,0.83125,0.9691287878787879,0.7104166666666666,0.9836128364389232,0.7373214285714286,0.9997835497835498,0.9014880952380953,1.0,0.9381818181818182,0.04350994683624221,0.21211709491584713,1.0,0.9425000000000001,1.0,0.8916666666666666,1.0,0.9062103174603175,1.0,0.9761904761904763
4,0.1,0.1,0.9604876893939395,0.9377272727272727,0.15029916362295442,0.2073355560329638,1.0,0.9887499999999999,0.8867424242424242,0.8375,0.9387135328439676,0.8976984126984128,0.9981601731601731,0.981547619047619,1.0,0.9815909090909092,0.012221336010983071,0.10445235173338144,1.0,0.99,1.0,0.9604166666666666,1.0,0.9715873015873016,1.0,1.0,0.9891808712121211,0.8459090909090909,0.10652659914805215,0.41120617643589885,1.0,0.83125,0.9691287878787879,0.7104166666666666,0.9836128364389232,0.7373214285714286,0.9997835497835498,0.9014880952380953,0.9627604166666668,0.8359090909090909,0.14721752429117055,0.36735375668867826,0.9881818181818183,0.8516666666666666,0.9041666666666666,0.68125,0.9432411314848386,0.718829365079365,0.995508658008658,0.9422619047619047
4,0.1,0.5,0.9604876893939395,0.9377272727272727,0.15029916362295442,0.2073355560329638,1.0,0.9887499999999999,0.8867424242424242,0.8375,0.9387135328439676,0.8976984126984128,0.9981601731601731,0.981547619047619,1.0,0.9540909090909091,0.013289841366465877,0.1668686557565197,1.0,0.9625,1.0,0.9166666666666666,1.0,0.9308134920634921,1.0,0.9946428571428573,0.9891808712121211,0.8459090909090909,0.10652659914805215,0.41120617643589885,1.0,0.83125,0.9691287878787879,0.7104166666666666,0.9836128364389232,0.7373214285714286,0.9997835497835498,0.9014880952380953,1.0,0.9470454545454545,0.04553380835326781,0.2212688314884085,1.0,0.95375,1.0,0.9020833333333332,1.0,0.919761904761905,1.0,0.9726190476190476
4,0.1,1.0,0.9604876893939395,0.9377272727272727,0.15029916362295442,0.2073355560329638,1.0,0.9887499999999999,0.8867424242424242,0.8375,0.9387135328439676,0.8976984126984128,0.9981601731601731,0.981547619047619,1.0,0.9400000000000001,0.014100430801648795,0.17968857877017594,1.0,0.9400000000000001,1.0,0.9020833333333332,1.0,0.9092460317460317,1.0,0.9928571428571429,0.9891808712121211,0.8459090909090909,0.10652659914805215,0.41120617643589885,1.0,0.83125,0.9691287878787879,0.7104166666666666,0.9836128364389232,0.7373214285714286,0.9997835497835498,0.9014880952380953,1.0,0.9381818181818182,0.04350994683624221,0.21211709491584713,1.0,0.9425000000000001,1.0,0.8916666666666666,1.0,0.9062103174603175,1.0,0.9761904761904763
4,0.2,0.1,0.9604876893939395,0.9377272727272727,0.15029916362295442,0.2073355560329638,1.0,0.9887499999999999,0.8867424242424242,0.8375,0.9387135328439676,0.8976984126984128,0.9981601731601731,0.981547619047619,1.0,0.9815909090909092,0.012221336010983071,0.10445235173338144,1.0,0.99,1.0,0.9604166666666666,1.0,0.9715873015873016,1.0,1.0,0.9891808712121211,0.8459090909090909,0.10652659914805215,0.41120617643589885,1.0,0.83125,0.9691287878787879,0.7104166666666666,0.9836128364389232,0.7373214285714286,0.9997835497835498,0.9014880952380953,0.9627604166666668,0.8359090909090909,0.14721752429117055,0.36735375668867826,0.9881818181818183,0.8516666666666666,0.9041666666666666,0.68125,0.9432411314848386,0.718829365079365,0.995508658008658,0.9422619047619047
4,0.2,0.5,0.9604876893939395,0.9377272727272727,0.15029916362295442,0.2073355560329638,1.0,0.9887499999999999,0.8867424242424242,0.8375,0.9387135328439676,0.8976984126984128,0.9981601731601731,0.981547619047619,1.0,0.9540909090909091,0.013289841366465877,0.1668686557565197,1.0,0.9625,1.0,0.9166666666666666,1.0,0.9308134920634921,1.0,0.9946428571428573,0.9891808712121211,0.8459090909090909,0.10652659914805215,0.41120617643589885,1.0,0.83125,0.9691287878787879,0.7104166666666666,0.9836128364389232,0.7373214285714286,0.9997835497835498,0.9014880952380953,1.0,0.9470454545454545,0.04553380835326781,0.2212688314884085,1.0,0.95375,1.0,0.9020833333333332,1.0,0.919761904761905,1.0,0.9726190476190476
4,0.2,1.0,0.9604876893939395,0.9377272727272727,0.15029916362295442,0.2073355560329638,1.0,0.9887499999999999,0.8867424242424242,0.8375,0.9387135328439676,0.8976984126984128,0.9981601731601731,0.981547619047619,1.0,0.9400000000000001,0.014100430801648795,0.17968857877017594,1.0,0.9400000000000001,1.0,0.9020833333333332,1.0,0.9092460317460317,1.0,0.9928571428571429,0.9891808712121211,0.8459090909090909,0.10652659914805215,0.41120617643589885,1.0,0.83125,0.9691287878787879,0.7104166666666666,0.9836128364389232,0.7373214285714286,0.9997835497835498,0.9014880952380953,1.0,0.9381818181818182,0.04350994683624221,0.21211709491584713,1.0,0.9425000000000001,1.0,0.8916666666666666,1.0,0.9062103174603175,1.0,0.9761904761904763
8,0.01,0.1,0.9853219696969695,0.9609090909090909,0.10253228778523653,0.16038728544853123,1.0,1.0,0.9581439393939395,0.8895833333333332,0.978105590062112,0.934047619047619,1.0,0.9913690476190476,1.0,0.9815909090909092,0.012221336010983071,0.10445235173338144,1.0,0.99,1.0,0.9604166666666666,1.0,0.9715873015873016,1.0,1.0,0.99921875,0.8568181818181817,0.07995572356814988,0.38164211854879404,1.0,0.8670833333333332,0.9977272727272727,0.7145833333333333,0.9988095238095237,0.7543253968253968,1.0,0.9136904761904763,0.9627604166666668,0.8359090909090909,0.14721752429117055,0.36735375668867826,0.9881818181818183,0.8516666666666666,0.9041666666666666,0.68125,0.9432411314848386,0.718829365079365,0.995508658008658,0.9422619047619047
8,0.01,0.5,0.9853219696969695,0.9609090909090909,0.10253228778523653,0.16038728544853123,1.0,1.0,0.9581439393939395,0.8895833333333332,0.978105590062112,0.934047619047619,1.0,0.9913690476190476,1.0,0.9540909090909091,0.013289841366465877,0.1668686557565197,1.0,0.9625,1.0,0.9166666666666666,1.0,0.9308134920634921,1.0,0.9946428571428573,0.99921875,0.8568181818181817,0.07995572356814988,0.38164211854879404,1.0,0.8670833333333332,0.9977272727272727,0.7145833333333333,0.9988095238095237,0.7543253968253968,1.0,0.9136904761904763,1.0,0.9470454545454545,0.04553380835326781,0.2212688314884085,1.0,0.95375,1.0,0.9020833333333332,1.0,0.919761904761905,1.0,0.9726190476190476
8,0.01,1.0,0.9853219696969695,0.9609090909090909,0.10253228778523653,0.16038728544853123,1.0,1.0,0.9581439393939395,0.8895833333333332,0.978105590062112,0.934047619047619,1.0,0.9913690476190476,1.0,0.9400000000000001,0.014100430801648795,0.17968857877017594,1.0,0.9400000000000001,1.0,0.9020833333333332,1.0,0.9092460317460317,1.0,0.9928571428571429,0.99921875,0.8568181818181817,0.07995572356814988,0.38164211854879404,1.0,0.8670833333333332,0.9977272727272727,0.7145833333333333,0.9988095238095237,0.7543253968253968,1.0,0.9136904761904763,1.0,0.9381818181818182,0.04350994683624221,0.21211709491584713,1.0,0.9425000000000001,1.0,0.8916666666666666,1.0,0.9062103174603175,1.0,0.9761904761904763
8,0.02,0.1,0.9853219696969695,0.9609090909090909,0.10253228778523653,0.16038728544853123,1.0,1.0,0.9581439393939395,0.8895833333333332,0.978105590062112,0.934047619047619,1.0,0.9913690476190476,1.0,0.9815909090909092,0.012221336010983071,0.10445235173338144,1.0,0.99,1.0,0.9604166666666666,1.0,0.9715873015873016,1.0,1.0,0.99921875,0.8568181818181817,0.07995572356814988,0.38164211854879404,1.0,0.8670833333333332,0.9977272727272727,0.7145833333333333,0.9988095238095237,0.7543253968253968,1.0,0.9136904761904763,0.9627604166666668,0.8359090909090909,0.14721752429117055,0.36735375668867826,0.9881818181818183,0.8516666666666666,0.9041666666666666,0.68125,0.9432411314848386,0.718829365079365,0.995508658008658,0.9422619047619047
8,0.02,0.5,0.9853219696969695,0.9609090909090909,0.10253228778523653,0.16038728544853123,1.0,1.0,0.9581439393939395,0.8895833333333332,0.978105590062112,0.934047619047619,1.0,0.9913690476190476,1.0,0.9540909090909091,0.013289841366465877,0.1668686557565197,1.0,0.9625,1.0,0.9166666666666666,1.0,0.9308134920634921,1.0,0.9946428571428573,0.99921875,0.8568181818181817,0.07995572356814988,0.38164211854879404,1.0,0.8670833333333332,0.9977272727272727,0.7145833333333333,0.9988095238095237,0.7543253968253968,1.0,0.9136904761904763,1.0,0.9470454545454545,0.04553380835326781,0.2212688314884085,1.0,0.95375,1.0,0.9020833333333332,1.0,0.919761904761905,1.0,0.9726190476190476
8,0.02,1.0,0.9853219696969695,0.9609090909090909,0.10253228778523653,0.16038728544853123,1.0,1.0,0.9581439393939395,0.8895833333333332,0.978105590062112,0.934047619047619,1.0,0.9913690476190476,1.0,0.9400000000000001,0.014100430801648795,0.17968857877017594,1.0,0.9400000000000001,1.0,0.9020833333333332,1.0,0.9092460317460317,1.0,0.9928571428571429,0.99921875,0.8568181818181817,0.07995572356814988,0.38164211854879404,1.0,0.8670833333333332,0.9977272727272727,0.7145833333333333,0.9988095238095237,0.7543253968253968,1.0,0.9136904761904763,1.0,0.9381818181818182,0.04350994683624221,0.21211709491584713,1.0,0.9425000000000001,1.0,0.8916666666666666,1.0,0.9062103174603175,1.0,0.9761904761904763
8,0.05,0.1,0.9853219696969695,0.9609090909090909,0.10253228778523653,0.16038728544853123,1.0,1.0,0.9581439393939395,0.8895833333333332,0.978105590062112,0.934047619047619,1.0,0.9913690476190476,1.0,0.9815909090909092,0.012221336010983071,0.10445235173338144,1.0,0.99,1.0,0.9604166666666666,1.0,0.9715873015873016,1.0,1.0,0.99921875,0.8568181818181817,0.07995572356814988,0.38164211854879404,1.0,0.8670833333333332,0.9977272727272727,0.7145833333333333,0.9988095238095237,0.7543253968253968,1.0,0.9136904761904763,0.9627604166666668,0.8359090909090909,0.14721752429117055,0.36735375668867826,0.9881818181818183,0.8516666666666666,0.9041666666666666,0.68125,0.9432411314848386,0.718829365079365,0.995508658008658,0.9422619047619047
8,0.05,0.5,0.9853219696969695,0.9609090909090909,0.10253228778523653,0.16038728544853123,1.0,1.0,0.9581439393939395,0.8895833333333332,0.978105590062112,0.934047619047619,1.0,0.9913690476190476,1.0,0.9540909090909091,0.013289841366465877,0.1668686557565197,1.0,0.9625,1.0,0.9166666666666666,1.0,0.9308134920634921,1.0,0.9946428571428573,0.99921875,0.8568181818181817,0.07995572356814988,0.38164211854879404,1.0,0.8670833333333332,0.9977272727272727,0.7145833333333333,0.9988095238095237,0.7543253968253968,1.0,0.9136904761904763,1.0,0.9470454545454545,0.04553380835326781,0.2212688314884085,1.0,0.95375,1.0,0.9020833333333332,1.0,0.919761904761905,1.0,0.9726190476190476
8,0.05,1.0,0.9853219696969695,0.9609090909090909,0.10253228778523653,0.16038728544853123,1.0,1.0,0.9581439393939395,0.8895833333333332,0.978105590062112,0.934047619047619,1.0,0.9913690476190476,1.0,0.9400000000000001,0.014100430801648795,0.17968857877017594,1.0,0.9400000000000001,1.0,0.9020833333333332,1.0,0.9092460317460317,1.0,0.9928571428571429,0.99921875,0.8568181818181817,0.07995572356814988,0.38164211854879404,1.0,0.8670833333333332,0.9977272727272727,0.7145833333333333,0.9988095238095237,0.7543253968253968,1.0,0.9136904761904763,1.0,0.9381818181818182,0.04350994683624221,0.21211709491584713,1.0,0.9425000000000001,1.0,0.8916666666666666,1.0,0.9062103174603175,1.0,0.9761904761904763
8,0.1,0.1,0.9853219696969695,0.9609090909090909,0.10253228778523653,0.16038728544853123,1.0,1.0,0.9581439393939395,0.8895833333333332,0.978105590062112,0.934047619047619,1.0,0.9913690476190476,1.0,0.9815909090909092,0.012221336010983071,0.10445235173338144,1.0,0.99,1.0,0.9604166666666666,1.0,0.9715873015873016,1.0,1.0,0.99921875,0.8568181818181817,0.07995572356814988,0.38164211854879404,1.0,0.8670833333333332,0.9977272727272727,0.7145833333333333,0.9988095238095237,0.7543253968253968,1.0,0.9136904761904763,0.9627604166666668,0.8359090909090909,0.14721752429117055,0.36735375668867826,0.9881818181818183,0.8516666666666666,0.9041666666666666,0.68125,0.9432411314848386,0.718829365079365,0.995508658008658,0.9422619047619047
8,0.1,0.5,0.9853219696969695,0.9609090909090909,0.10253228778523653,0.16038728544853123,1.0,1.0,0.9581439393939395,0.8895833333333332,0.978105590062112,0.934047619047619,1.0,0.9913690476190476,1.0,0.9540909090909091,0.013289841366465877,0.1668686557565197,1.0,0.9625,1.0,0.9166666666666666,1.0,0.9308134920634921,1.0,0.9946428571428573,0.99921875,0.8568181818181817,0.07995572356814988,0.38164211854879404,1.0,0.8670833333333332,0.9977272727272727,0.7145833333333333,0.9988095238095237,0.7543253968253968,1.0,0.9136904761904763,1.0,0.9470454545454545,0.04553380835326781,0.2212688314884085,1.0,0.95375,1.0,0.9020833333333332,1.0,0.919761904761905,1.0,0.9726190476190476
8,0.1,1.0,0.9853219696969695,0.9609090909090909,0.10253228778523653,0.16038728544853123,1.0,1.0,0.9581439393939395,0.8895833333333332,0.978105590062112,0.934047619047619,1.0,0.9913690476190476,1.0,0.9400000000000001,0.014100430801648795,0.17968857877017594,1.0,0.9400000000000001,1.0,0.9020833333333332,1.0,0.9092460317460317,1.0,0.9928571428571429,0.99921875,0.8568181818181817,0.07995572356814988,0.38164211854879404,1.0,0.8670833333333332,0.9977272727272727,0.7145833333333333,0.9988095238095237,0.7543253968253968,1.0,0.9136904761904763,1.0,0.9381818181818182,0.04350994683624221,0.21211709491584713,1.0,0.9425000000000001,1.0,0.8916666666666666,1.0,0.9062103174603175,1.0,0.9761904761904763
8,0.2,0.1,0.9853219696969695,0.9609090909090909,0.10253228778523653,0.16038728544853123,1.0,1.0,0.9581439393939395,0.8895833333333332,0.978105590062112,0.934047619047619,1.0,0.9913690476190476,1.0,0.9815909090909092,0.012221336010983071,0.10445235173338144,1.0,0.99,1.0,0.9604166666666666,1.0,0.9715873015873016,1.0,1.0,0.99921875,0.8568181818181817,0.07995572356814988,0.38164211854879404,1.0,0.8670833333333332,0.9977272727272727,0.7145833333333333,0.9988095238095237,0.7543253968253968,1.0,0.9136904761904763,0.9627604166666668,0.8359090909090909,0.14721752429117055,0.36735375668867826,0.9881818181818183,0.8516666666666666,0.9041666666666666,0.68125,0.9432411314848386,0.718829365079365,0.995508658008658,0.9422619047619047
8,0.2,0.5,0.9853219696969695,0.9609090909090909,0.10253228778523653,0.16038728544853123,1.0,1.0,0.9581439393939395,0.8895833333333332,0.978105590062112,0.934047619047619,1.0,0.9913690476190476,1.0,0.9540909090909091,0.013289841366465877,0.1668686557565197,1.0,0.9625,1.0,0.9166666666666666,1.0,0.9308134920634921,1.0,0.9946428571428573,0.99921875,0.8568181818181817,0.07995572356814988,0.38164211854879404,1.0,0.8670833333333332,0.9977272727272727,0.7145833333333333,0.9988095238095237,0.7543253968253968,1.0,0.9136904761904763,1.0,0.9470454545454545,0.04553380835326781,0.2212688314884085,1.0,0.95375,1.0,0.9020833333333332,1.0,0.919761904761905,1.0,0.9726190476190476
8,0.2,1.0,0.9853219696969695,0.9609090909090909,0.10253228778523653,0.16038728544853123,1.0,1.0,0.9581439393939395,0.8895833333333332,0.978105590062112,0.934047619047619,1.0,0.9913690476190476,1.0,0.9400000000000001,0.014100430801648795,0.17968857877017594,1.0,0.9400000000000001,1.0,0.9020833333333332,1.0,0.9092460317460317,1.0,0.9928571428571429,0.99921875,0.8568181818181817,0.07995572356814988,0.38164211854879404,1.0,0.8670833333333332,0.9977272727272727,0.7145833333333333,0.9988095238095237,0.7543253968253968,1.0,0.9136904761904763,1.0,0.9381818181818182,0.04350994683624221,0.21211709491584713,1.0,0.9425000000000001,1.0,0.8916666666666666,1.0,0.9062103174603175,1.0,0.9761904761904763
16,0.01,0.1,1.0,0.9881818181818183,0.05344896918001664,0.09470066753542702,1.0,1.0,1.0,0.9645833333333332,1.0,0.9792857142857143,1.0,1.0,1.0,0.9815909090909092,0.012221336010983071,0.10445235173338144,1.0,0.99,1.0,0.9604166666666666,1.0,0.9715873015873016,1.0,1.0,1.0,0.8679545454545454,0.060452864514457014,0.3200615121613092,1.0,0.8800000000000001,1.0,0.7375,1.0,0.7793253968253968,1.0,0.9348214285714285,0.9627604166666668,0.8359090909090909,0.14721752429117055,0.36735375668867826,0.9881818181818183,0.8516666666666666,0.9041666666666666,0.68125,0.9432411314848386,0.718829365079365,0.995508658008658,0.9422619047619047
16,0.01,0.5,1.0,0.9881818181818183,0.05344896918001664,0.09470066753542702,1.0,1.0,1.0,0.9645833333333332,1.0,0.9792857142857143,1.0,1.0,1.0,0.9540909090909091,0.013289841366465877,0.1668686557565197,1.0,0.9625,1.0,0.9166666666666666,1.0,0.9308134920634921,1.0,0.9946428571428573,1.0,0.8679545454545454,0.060452864514457014,0.3200615121613092,1.0,0.8800000000000001,1.0,0.7375,1.0,0.7793253968253968,1.0,0.9348214285714285,1.0,0.9470454545454545,0.04553380835326781,0.2212688314884085,1.0,0.95375,1.0,0.9020833333333332,1.0,0.919761904761905,1.0,0.9726190476190476
16,0.01,1.0,1.0,0.9881818181818183,0.05344896918001664,0.09470066753542702,1.0,1.0,1.0,0.9645833333333332,1.0,0.9792857142857143,1.0,1.0,1.0,0.9400000000000001,0.014100430801648795,0.17968857877017594,1.0,0.9400000000000001,1.0,0.9020833333333332,1.0,0.9092460317460317,1.0,0.9928571428571429,1.0,0.8679545454545454,0.060452864514457014,0.3200615121613092,1.0,0.8800000000000001,1.0,0.7375,1.0,0.7793253968253968,1.0,0.9348214285714285,1.0,0.9381818181818182,0.04350994683624221,0.21211709491584713,1.0,0.9425000000000001,1.0,0.8916666666666666,1.0,0.9062103174603175,1.0,0.9761904761904763
16,0.02,0.1,1.0,0.9881818181818183,0.05344896918001664,0.09470066753542702,1.0,1.0,1.0,0.9645833333333332,1.0,0.9792857142857143,1.0,1.0,1.0,0.9815909090909092,0.012221336010983071,0.10445235173338144,1.0,0.99,1.0,0.9604166666666666,1.0,0.9715873015873016,1.0,1.0,1.0,0.8679545454545454,0.060452864514457014,0.3200615121613092,1.0,0.8800000000000001,1.0,0.7375,1.0,0.7793253968253968,1.0,0.9348214285714285,0.9627604166666668,0.8359090909090909,0.14721752429117055,0.36735375668867826,0.9881818181818183,0.8516666666666666,0.9041666666666666,0.68125,0.9432411314848386,0.718829365079365,0.995508658008658,0.9422619047619047
16,0.02,0.5,1.0,0.9881818181818183,0.05344896918001664,0.09470066753542702,1.0,1.0,1.0,0.9645833333333332,1.0,0.9792857142857143,1.0,1.0,1.0,0.9540909090909091,0.013289841366465877,0.1668686557565197,1.0,0.9625,1.0,0.9166666666666666,1.0,0.9308134920634921,1.0,0.9946428571428573,1.0,0.8679545454545454,0.060452864514457014,0.3200615121613092,1.0,0.8800000000000001,1.0,0.7375,1.0,0.7793253968253968,1.0,0.9348214285714285,1.0,0.9470454545454545,0.04553380835326781,0.2212688314884085,1.0,0.95375,1.0,0.9020833333333332,1.0,0.919761904761905,1.0,0.9726190476190476
16,0.02,1.0,1.0,0.9881818181818183,0.05344896918001664,0.09470066753542702,1.0,1.0,1.0,0.9645833333333332,1.0,0.9792857142857143,1.0,1.0,1.0,0.9400000000000001,0.014100430801648795,0.17968857877017594,1.0,0.9400000000000001,1.0,0.9020833333333332,1.0,0.9092460317460317,1.0,0.9928571428571429,1.0,0.8679545454545454,0.060452864514457014,0.3200615121613092,1.0,0.8800000000000001,1.0,0.7375,1.0,0.7793253968253968,1.0,0.9348214285714285,1.0,0.9381818181818182,0.04350994683624221,0.21211709491584713,1.0,0.9425000000000001,1.0,0.8916666666666666,1.0,0.9062103174603175,1.0,0.9761904761904763
16,0.05,0.1,1.0,0.9881818181818183,0.05344896918001664,0.09470066753542702,1.0,1.0,1.0,0.9645833333333332,1.0,0.9792857142857143,1.0,1.0,1.0,0.9815909090909092,0.012221336010983071,0.10445235173338144,1.0,0.99,1.0,0.9604166666666666,1.0,0.9715873015873016,1.0,1.0,1.0,0.8679545454545454,0.060452864514457014,0.3200615121613092,1.0,0.8800000000000001,1.0,0.7375,1.0,0.7793253968253968,1.0,0.9348214285714285,0.9627604166666668,0.8359090909090909,0.14721752429117055,0.36735375668867826,0.9881818181818183,0.8516666666666666,0.9041666666666666,0.68125,0.9432411314848386,0.718829365079365,0.995508658008658,0.9422619047619047
16,0.05,0.5,1.0,0.9881818181818183,0.05344896918001664,0.09470066753542702,1.0,1.0,1.0,0.9645833333333332,1.0,0.9792857142857143,1.0,1.0,1.0,0.9540909090909091,0.013289841366465877,0.1668686557565197,1.0,0.9625,1.0,0.9166666666666666,1.0,0.9308134920634921,1.0,0.9946428571428573,1.0,0.8679545454545454,0.060452864514457014,0.3200615121613092,1.0,0.8800000000000001,1.0,0.7375,1.0,0.7793253968253968,1.0,0.9348214285714285,1.0,0.9470454545454545,0.04553380835326781,0.2212688314884085,1.0,0.95375,1.0,0.9020833333333332,1.0,0.919761904761905,1.0,0.9726190476190476
16,0.05,1.0,1.0,0.9881818181818183,0.05344896918001664,0.09470066753542702,1.0,1.0,1.0,0.9645833333333332,1.0,0.9792857142857143,1.0,1.0,1.0,0.9400000000000001,0.014100430801648795,0.17968857877017594,1.0,0.9400000000000001,1.0,0.9020833333333332,1.0,0.9092460317460317,1.0,0.9928571428571429,1.0,0.8679545454545454,0.060452864514457014,0.3200615121613092,1.0,0.8800000000000001,1.0,0.7375,1.0,0.7793253968253968,1.0,0.9348214285714285,1.0,0.9381818181818182,0.04350994683624221,0.21211709491584713,1.0,0.9425000000000001,1.0,0.8916666666666666,1.0,0.9062103174603175,1.0,0.9761904761904763
16,0.1,0.1,1.0,0.9881818181818183,0.05344896918001664,0.09470066753542702,1.0,1.0,1.0,0.9645833333333332,1.0,0.9792857142857143,1.0,1.0,1.0,0.9815909090909092,0.012221336010983071,0.10445235173338144,1.0,0.99,1.0,0.9604166666666666,1.0,0.9715873015873016,1.0,1.0,1.0,0.8679545454545454,0.060452864514457014,0.3200615121613092,1.0,0.8800000000000001,1.0,0.7375,1.0,0.7793253968253968,1.0,0.9348214285714285,0.9627604166666668,0.8359090909090909,0.14721752429117055,0.36735375668867826,0.9881818181818183,0.8516666666666666,0.9041666666666666,0.68125,0.9432411314848386,0.718829365079365,0.995508658008658,0.9422619047619047
16,0.1,0.5,1.0,0.9881818181818183,0.05344896918001664,0.09470066753542702,1.0,1.0,1.0,0.9645833333333332,1.0,0.9792857142857143,1.0,1.0,1.0,0.9540909090909091,0.013289841366465877,0.1668686557565197,1.0,0.9625,1.0,0.9166666666666666,1.0,0.9308134920634921,1.0,0.9946428571428573,1.0,0.8679545454545454,0.060452864514457014,0.3200615121613092,1.0,0.8800000000000001,1.0,0.7375,1.0,0.7793253968253968,1.0,0.9348214285714285,1.0,0.9470454545454545,0.04553380835326781,0.2212688314884085,1.0,0.95375,1.0,0.9020833333333332,1.0,0.919761904761905,1.0,0.9726190476190476
16,0.1,1.0,1.0,0.9881818181818183,0.05344896918001664,0.09470066753542702,1.0,1.0,1.0,0.9645833333333332,1.0,0.9792857142857143,1.0,1.0,1.0,0.9400000000000001,0.014100430801648795,0.17968857877017594,1.0,0.9400000000000001,1.0,0.9020833333333332,1.0,0.9092460317460317,1.0,0.9928571428571429,1.0,0.8679545454545454,0.060452864514457014,0.3200615121613092,1.0,0.8800000000000001,1.0,0.7375,1.0,0.7793253968253968,1.0,0.9348214285714285,1.0,0.9381818181818182,0.04350994683624221,0.21211709491584713,1.0,0.9425000000000001,1.0,0.8916666666666666,1.0,0.9062103174603175,1.0,0.9761904761904763
16,0.2,0.1,1.0,0.9881818181818183,0.05344896918001664,0.09470066753542702,1.0,1.0,1.0,0.9645833333333332,1.0,0.9792857142857143,1.0,1.0,1.0,0.9815909090909092,0.012221336010983071,0.10445235173338144,1.0,0.99,1.0,0.9604166666666666,1.0,0.9715873015873016,1.0,1.0,1.0,0.8679545454545454,0.060452864514457014,0.3200615121613092,1.0,0.8800000000000001,1.0,0.7375,1.0,0.7793253968253968,1.0,0.9348214285714285,0.9627604166666668,0.8359090909090909,0.14721752429117055,0.36735375668867826,0.9881818181818183,0.8516666666666666,0.9041666666666666,0.68125,0.9432411314848386,0.718829365079365,0.995508658008658,0.9422619047619047
16,0.2,0.5,1.0,0.9881818181818183,0.05344896918001664,0.09470066753542702,1.0,1.0,1.0,0.9645833333333332,1.0,0.9792857142857143,1.0,1.0,1.0,0.9540909090909091,0.013289841366465877,0.1668686557565197,1.0,0.9625,1.0,0.9166666666666666,1.0,0.9308134920634921,1.0,0.9946428571428573,1.0,0.8679545454545454,0.060452864514457014,0.3200615121613092,1.0,0.8800000000000001,1.0,0.7375,1.0,0.7793253968253968,1.0,0.9348214285714285,1.0,0.9470454545454545,0.04553380835326781,0.2212688314884085,1.0,0.95375,1.0,0.9020833333333332,1.0,0.919761904761905,1.0,0.9726190476190476
16,0.2,1.0,1.0,0.9881818181818183,0.05344896918001664,0.09470066753542702,1.0,1.0,1.0,0.9645833333333332,1.0,0.9792857142857143,1.0,1.0,1.0,0.9400000000000001,0.014100430801648795,0.17968857877017594,1.0,0.9400000000000001,1.0,0.9020833333333332,1.0,0.9092460317460317,1.0,0.9928571428571429,1.0,0.8679545454545454,0.060452864514457014,0.3200615121613092,1.0,0.8800000000000001,1.0,0.7375,1.0,0.7793253968253968,1.0,0.9348214285714285,1.0,0.9381818181818182,0.04350994683624221,0.21211709491584713,1.0,0.9425000000000001,1.0,0.8916666666666666,1.0,0.9062103174603175,1.0,0.9761904761904763
32,0.01,0.1,1.0,1.0,0.043889622055919585,0.08159062234898908,1.0,1.0,1.0,1.0,1.0,1.0,1.0,1.0,1.0,0.9815909090909092,0.012221336010983071,0.10445235173338144,1.0,0.99,1.0,0.9604166666666666,1.0,0.9715873015873016,1.0,1.0,1.0,0.8913636363636364,0.047950831260420455,0.2748694790701548,1.0,0.8954166666666667,1.0,0.79375,1.0,0.8209523809523809,1.0,0.9580357142857144,0.9627604166666668,0.8359090909090909,0.14721752429117055,0.36735375668867826,0.9881818181818183,0.8516666666666666,0.9041666666666666,0.68125,0.9432411314848386,0.718829365079365,0.995508658008658,0.9422619047619047
32,0.01,0.5,1.0,1.0,0.043889622055919585,0.08159062234898908,1.0,1.0,1.0,1.0,1.0,1.0,1.0,1.0,1.0,0.9540909090909091,0.013289841366465877,0.1668686557565197,1.0,0.9625,1.0,0.9166666666666666,1.0,0.9308134920634921,1.0,0.9946428571428573,1.0,0.8913636363636364,0.047950831260420455,0.2748694790701548,1.0,0.8954166666666667,1.0,0.79375,1.0,0.8209523809523809,1.0,0.9580357142857144,1.0,0.9470454545454545,0.04553380835326781,0.2212688314884085,1.0,0.95375,1.0,0.9020833333333332,1.0,0.919761904761905,1.0,0.9726190476190476
32,0.01,1.0,1.0,1.0,0.043889622055919585,0.08159062234898908,1.0,1.0,1.0,1.0,1.0,1.0,1.0,1.0,1.0,0.9400000000000001,0.014100430801648795,0.17968857877017594,1.0,0.9400000000000001,1.0,0.9020833333333332,1.0,0.9092460317460317,1.0,0.9928571428571429,1.0,0.8913636363636364,0.047950831260420455,0.2748694790701548,1.0,0.8954166666666667,1.0,0.79375,1.0,0.8209523809523809,1.0,0.9580357142857144,1.0,0.9381818181818182,0.04350994683624221,0.21211709491584713,1.0,0.9425000000000001,1.0,0.8916666666666666,1.0,0.9062103174603175,1.0,0.9761904761904763
32,0.02,0.1,1.0,1.0,0.043889622055919585,0.08159062234898908,1.0,1.0,1.0,1.0,1.0,1.0,1.0,1.0,1.0,0.9815909090909092,0.012221336010983071,0.10445235173338144,1.0,0.99,1.0,0.9604166666666666,1.0,0.9715873015873016,1.0,1.0,1.0,0.8913636363636364,0.047950831260420455,0.2748694790701548,1.0,0.8954166666666667,1.0,0.79375,1.0,0.8209523809523809,1.0,0.9580357142857144,0.9627604166666668,0.8359090909090909,0.14721752429117055,0.36735375668867826,0.9881818181818183,0.8516666666666666,0.9041666666666666,0.68125,0.9432411314848386,0.718829365079365,0.995508658008658,0.9422619047619047
32,0.02,0.5,1.0,1.0,0.043889622055919585,0.08159062234898908,1.0,1.0,1.0,1.0,1.0,1.0,1.0,1.0,1.0,0.9540909090909091,0.013289841366465877,0.1668686557565197,1.0,0.9625,1.0,0.9166666666666666,1.0,0.9308134920634921,1.0,0.9946428571428573,1.0,0.8913636363636364,0.047950831260420455,0.2748694790701548,1.0,0.8954166666666667,1.0,0.79375,1.0,0.8209523809523809,1.0,0.9580357142857144,1.0,0.9470454545454545,0.04553380835326781,0.2212688314884085,1.0,0.95375,1.0,0.9020833333333332,1.0,0.919761904761905,1.0,0.9726190476190476
32,0.02,1.0,1.0,1.0,0.043889622055919585,0.08159062234898908,1.0,1.0,1.0,1.0,1.0,1.0,1.0,1.0,1.0,0.9400000000000001,0.014100430801648795,0.17968857877017594,1.0,0.9400000000000001,1.0,0.9020833333333332,1.0,0.9092460317460317,1.0,0.9928571428571429,1.0,0.8913636363636364,0.047950831260420455,0.2748694790701548,1.0,0.8954166666666667,1.0,0.79375,1.0,0.8209523809523809,1.0,0.9580357142857144,1.0,0.9381818181818182,0.04350994683624221,0.21211709491584713,1.0,0.9425000000000001,1.0,0.8916666666666666,1.0,0.9062103174603175,1.0,0.9761904761904763
32,0.05,0.1,1.0,1.0,0.043889622055919585,0.08159062234898908,1.0,1.0,1.0,1.0,1.0,1.0,1.0,1.0,1.0,0.9815909090909092,0.012221336010983071,0.10445235173338144,1.0,0.99,1.0,0.9604166666666666,1.0,0.9715873015873016,1.0,1.0,1.0,0.8913636363636364,0.047950831260420455,0.2748694790701548,1.0,0.8954166666666667,1.0,0.79375,1.0,0.8209523809523809,1.0,0.9580357142857144,0.9627604166666668,0.8359090909090909,0.14721752429117055,0.36735375668867826,0.9881818181818183,0.8516666666666666,0.9041666666666666,0.68125,0.9432411314848386,0.718829365079365,0.995508658008658,0.9422619047619047
32,0.05,0.5,1.0,1.0,0.043889622055919585,0.08159062234898908,1.0,1.0,1.0,1.0,1.0,1.0,1.0,1.0,1.0,0.9540909090909091,0.013289841366465877,0.1668686557565197,1.0,0.9625,1.0,0.9166666666666666,1.0,0.9308134920634921,1.0,0.9946428571428573,1.0,0.8913636363636364,0.047950831260420455,0.2748694790701548,1.0,0.8954166666666667,1.0,0.79375,1.0,0.8209523809523809,1.0,0.9580357142857144,1.0,0.9470454545454545,0.04553380835326781,0.2212688314884085,1.0,0.95375,1.0,0.9020833333333332,1.0,0.919761904761905,1.0,0.9726190476190476
32,0.05,1.0,1.0,1.0,0.043889622055919585,0.08159062234898908,1.0,1.0,1.0,1.0,1.0,1.0,1.0,1.0,1.0,0.9400000000000001,0.014100430801648795,0.17968857877017594,1.0,0.9400000000000001,1.0,0.9020833333333332,1.0,0.9092460317460317,1.0,0.9928571428571429,1.0,0.8913636363636364,0.047950831260420455,0.2748694790701548,1.0,0.8954166666666667,1.0,0.79375,1.0,0.8209523809523809,1.0,0.9580357142857144,1.0,0.9381818181818182,0.04350994683624221,0.21211709491584713,1.0,0.9425000000000001,1.0,0.8916666666666666,1.0,0.9062103174603175,1.0,0.9761904761904763
32,0.1,0.1,1.0,1.0,0.043889622055919585,0.08159062234898908,1.0,1.0,1.0,1.0,1.0,1.0,1.0,1.0,1.0,0.9815909090909092,0.012221336010983071,0.10445235173338144,1.0,0.99,1.0,0.9604166666666666,1.0,0.9715873015873016,1.0,1.0,1.0,0.8913636363636364,0.047950831260420455,0.2748694790701548,1.0,0.8954166666666667,1.0,0.79375,1.0,0.8209523809523809,1.0,0.9580357142857144,0.9627604166666668,0.8359090909090909,0.14721752429117055,0.36735375668867826,0.9881818181818183,0.8516666666666666,0.9041666666666666,0.68125,0.9432411314848386,0.718829365079365,0.995508658008658,0.9422619047619047
32,0.1,0.5,1.0,1.0,0.043889622055919585,0.08159062234898908,1.0,1.0,1.0,1.0,1.0,1.0,1.0,1.0,1.0,0.9540909090909091,0.013289841366465877,0.1668686557565197,1.0,0.9625,1.0,0.9166666666666666,1.0,0.9308134920634921,1.0,0.9946428571428573,1.0,0.8913636363636364,0.047950831260420455,0.2748694790701548,1.0,0.8954166666666667,1.0,0.79375,1.0,0.8209523809523809,1.0,0.9580357142857144,1.0,0.9470454545454545,0.04553380835326781,0.2212688314884085,1.0,0.95375,1.0,0.9020833333333332,1.0,0.919761904761905,1.0,0.9726190476190476
32,0.1,1.0,1.0,1.0,0.043889622055919585,0.08159062234898908,1.0,1.0,1.0,1.0,1.0,1.0,1.0,1.0,1.0,0.9400000000000001,0.014100430801648795,0.17968857877017594,1.0,0.9400000000000001,1.0,0.9020833333333332,1.0,0.9092460317460317,1.0,0.9928571428571429,1.0,0.8913636363636364,0.047950831260420455,0.2748694790701548,1.0,0.8954166666666667,1.0,0.79375,1.0,0.8209523809523809,1.0,0.9580357142857144,1.0,0.9381818181818182,0.04350994683624221,0.21211709491584713,1.0,0.9425000000000001,1.0,0.8916666666666666,1.0,0.9062103174603175,1.0,0.9761904761904763
32,0.2,0.1,1.0,1.0,0.043889622055919585,0.08159062234898908,1.0,1.0,1.0,1.0,1.0,1.0,1.0,1.0,1.0,0.9815909090909092,0.012221336010983071,0.10445235173338144,1.0,0.99,1.0,0.9604166666666666,1.0,0.9715873015873016,1.0,1.0,1.0,0.8913636363636364,0.047950831260420455,0.2748694790701548,1.0,0.8954166666666667,1.0,0.79375,1.0,0.8209523809523809,1.0,0.9580357142857144,0.9627604166666668,0.8359090909090909,0.14721752429117055,0.36735375668867826,0.9881818181818183,0.8516666666666666,0.9041666666666666,0.68125,0.9432411314848386,0.718829365079365,0.995508658008658,0.9422619047619047
32,0.2,0.5,1.0,1.0,0.043889622055919585,0.08159062234898908,1.0,1.0,1.0,1.0,1.0,1.0,1.0,1.0,1.0,0.9540909090909091,0.013289841366465877,0.1668686557565197,1.0,0.9625,1.0,0.9166666666666666,1.0,0.9308134920634921,1.0,0.9946428571428573,1.0,0.8913636363636364,0.047950831260420455,0.2748694790701548,1.0,0.8954166666666667,1.0,0.79375,1.0,0.8209523809523809,1.0,0.9580357142857144,1.0,0.9470454545454545,0.04553380835326781,0.2212688314884085,1.0,0.95375,1.0,0.9020833333333332,1.0,0.919761904761905,1.0,0.9726190476190476
32,0.2,1.0,1.0,1.0,0.043889622055919585,0.08159062234898908,1.0,1.0,1.0,1.0,1.0,1.0,1.0,1.0,1.0,0.9400000000000001,0.014100430801648795,0.17968857877017594,1.0,0.9400000000000001,1.0,0.9020833333333332,1.0,0.9092460317460317,1.0,0.9928571428571429,1.0,0.8913636363636364,0.047950831260420455,0.2748694790701548,1.0,0.8954166666666667,1.0,0.79375,1.0,0.8209523809523809,1.0,0.9580357142857144,1.0,0.9381818181818182,0.04350994683624221,0.21211709491584713,1.0,0.9425000000000001,1.0,0.8916666666666666,1.0,0.9062103174603175,1.0,0.9761904761904763
64,0.01,0.1,1.0,1.0,0.03687580191812369,0.07024314547367111,1.0,1.0,1.0,1.0,1.0,1.0,1.0,1.0,1.0,0.9815909090909092,0.012221336010983071,0.10445235173338144,1.0,0.99,1.0,0.9604166666666666,1.0,0.9715873015873016,1.0,1.0,1.0,0.9168181818181818,0.04285080764522294,0.2298911432040957,1.0,0.9191666666666667,1.0,0.8541666666666666,1.0,0.867420634920635,1.0,0.9690476190476189,0.9627604166666668,0.8359090909090909,0.14721752429117055,0.36735375668867826,0.9881818181818183,0.8516666666666666,0.9041666666666666,0.68125,0.9432411314848386,0.718829365079365,0.995508658008658,0.9422619047619047
64,0.01,0.5,1.0,1.0,0.03687580191812369,0.07024314547367111,1.0,1.0,1.0,1.0,1.0,1.0,1.0,1.0,1.0,0.9540909090909091,0.013289841366465877,0.1668686557565197,1.0,0.9625,1.0,0.9166666666666666,1.0,0.9308134920634921,1.0,0.9946428571428573,1.0,0.9168181818181818,0.04285080764522294,0.2298911432040957,1.0,0.9191666666666667,1.0,0.8541666666666666,1.0,0.867420634920635,1.0,0.9690476190476189,1.0,0.9470454545454545,0.04553380835326781,0.2212688314884085,1.0,0.95375,1.0,0.9020833333333332,1.0,0.919761904761905,1.0,0.9726190476190476
64,0.01,1.0,1.0,1.0,0.03687580191812369,0.07024314547367111,1.0,1.0,1.0,1.0,1.0,1.0,1.0,1.0,1.0,0.9400000000000001,0.014100430801648795,0.17968857877017594,1.0,0.9400000000000001,1.0,0.9020833333333332,1.0,0.9092460317460317,1.0,0.9928571428571429,1.0,0.9168181818181818,0.04285080764522294,0.2298911432040957,1.0,0.9191666666666667,1.0,0.8541666666666666,1.0,0.867420634920635,1.0,0.9690476190476189,1.0,0.9381818181818182,0.04350994683624221,0.21211709491584713,1.0,0.9425000000000001,1.0,0.8916666666666666,1.0,0.9062103174603175,1.0,0.9761904761904763
64,0.02,0.1,1.0,1.0,0.03687580191812369,0.07024314547367111,1.0,1.0,1.0,1.0,1.0,1.0,1.0,1.0,1.0,0.9815909090909092,0.012221336010983071,0.10445235173338144,1.0,0.99,1.0,0.9604166666666666,1.0,0.9715873015873016,1.0,1.0,1.0,0.9168181818181818,0.04285080764522294,0.2298911432040957,1.0,0.9191666666666667,1.0,0.8541666666666666,1.0,0.867420634920635,1.0,0.9690476190476189,0.9627604166666668,0.8359090909090909,0.14721752429117055,0.36735375668867826,0.9881818181818183,0.8516666666666666,0.9041666666666666,0.68125,0.9432411314848386,0.718829365079365,0.995508658008658,0.9422619047619047
64,0.02,0.5,1.0,1.0,0.03687580191812369,0.07024314547367111,1.0,1.0,1.0,1.0,1.0,1.0,1.0,1.0,1.0,0.9540909090909091,0.013289841366465877,0.1668686557565197,1.0,0.9625,1.0,0.9166666666666666,1.0,0.9308134920634921,1.0,0.9946428571428573,1.0,0.9168181818181818,0.04285080764522294,0.2298911432040957,1.0,0.9191666666666667,1.0,0.8541666666666666,1.0,0.867420634920635,1.0,0.9690476190476189,1.0,0.9470454545454545,0.04553380835326781,0.2212688314884085,1.0,0.95375,1.0,0.9020833333333332,1.0,0.919761904761905,1.0,0.9726190476190476
64,0.02,1.0,1.0,1.0,0.03687580191812369,0.07024314547367111,1.0,1.0,1.0,1.0,1.0,1.0,1.0,1.0,1.0,0.9400000000000001,0.014100430801648795,0.17968857877017594,1.0,0.9400000000000001,1.0,0.9020833333333332,1.0,0.9092460317460317,1.0,0.9928571428571429,1.0,0.9168181818181818,0.04285080764522294,0.2298911432040957,1.0,0.9191666666666667,1.0,0.8541666666666666,1.0,0.867420634920635,1.0,0.9690476190476189,1.0,0.9381818181818182,0.04350994683624221,0.21211709491584713,1.0,0.9425000000000001,1.0,0.8916666666666666,1.0,0.9062103174603175,1.0,0.9761904761904763
64,0.05,0.1,1.0,1.0,0.03687580191812369,0.07024314547367111,1.0,1.0,1.0,1.0,1.0,1.0,1.0,1.0,1.0,0.9815909090909092,0.012221336010983071,0.10445235173338144,1.0,0.99,1.0,0.9604166666666666,1.0,0.9715873015873016,1.0,1.0,1.0,0.9168181818181818,0.04285080764522294,0.2298911432040957,1.0,0.9191666666666667,1.0,0.8541666666666666,1.0,0.867420634920635,1.0,0.9690476190476189,0.9627604166666668,0.8359090909090909,0.14721752429117055,0.36735375668867826,0.9881818181818183,0.8516666666666666,0.9041666666666666,0.68125,0.9432411314848386,0.718829365079365,0.995508658008658,0.9422619047619047
64,0.05,0.5,1.0,1.0,0.03687580191812369,0.07024314547367111,1.0,1.0,1.0,1.0,1.0,1.0,1.0,1.0,1.0,0.9540909090909091,0.013289841366465877,0.1668686557565197,1.0,0.9625,1.0,0.9166666666666666,1.0,0.9308134920634921,1.0,0.9946428571428573,1.0,0.9168181818181818,0.04285080764522294,0.2298911432040957,1.0,0.9191666666666667,1.0,0.8541666666666666,1.0,0.867420634920635,1.0,0.9690476190476189,1.0,0.9470454545454545,0.04553380835326781,0.2212688314884085,1.0,0.95375,1.0,0.9020833333333332,1.0,0.919761904761905,1.0,0.9726190476190476
64,0.05,1.0,1.0,1.0,0.03687580191812369,0.07024314547367111,1.0,1.0,1.0,1.0,1.0,1.0,1.0,1.0,1.0,0.9400000000000001,0.014100430801648795,0.17968857877017594,1.0,0.9400000000000001,1.0,0.9020833333333332,1.0,0.9092460317460317,1.0,0.9928571428571429,1.0,0.9168181818181818,0.04285080764522294,0.2298911432040957,1.0,0.9191666666666667,1.0,0.8541666666666666,1.0,0.867420634920635,1.0,0.9690476190476189,1.0,0.9381818181818182,0.04350994683624221,0.21211709491584713,1.0,0.9425000000000001,1.0,0.8916666666666666,1.0,0.9062103174603175,1.0,0.9761904761904763
64,0.1,0.1,1.0,1.0,0.03687580191812369,0.07024314547367111,1.0,1.0,1.0,1.0,1.0,1.0,1.0,1.0,1.0,0.9815909090909092,0.012221336010983071,0.10445235173338144,1.0,0.99,1.0,0.9604166666666666,1.0,0.9715873015873016,1.0,1.0,1.0,0.9168181818181818,0.04285080764522294,0.2298911432040957,1.0,0.9191666666666667,1.0,0.8541666666666666,1.0,0.867420634920635,1.0,0.9690476190476189,0.9627604166666668,0.8359090909090909,0.14721752429117055,0.36735375668867826,0.9881818181818183,0.8516666666666666,0.9041666666666666,0.68125,0.9432411314848386,0.718829365079365,0.995508658008658,0.9422619047619047
64,0.1,0.5,1.0,1.0,0.03687580191812369,0.07024314547367111,1.0,1.0,1.0,1.0,1.0,1.0,1.0,1.0,1.0,0.9540909090909091,0.013289841366465877,0.1668686557565197,1.0,0.9625,1.0,0.9166666666666666,1.0,0.9308134920634921,1.0,0.9946428571428573,1.0,0.9168181818181818,0.04285080764522294,0.2298911432040957,1.0,0.9191666666666667,1.0,0.8541666666666666,1.0,0.867420634920635,1.0,0.9690476190476189,1.0,0.9470454545454545,0.04553380835326781,0.2212688314884085,1.0,0.95375,1.0,0.9020833333333332,1.0,0.919761904761905,1.0,0.9726190476190476
64,0.1,1.0,1.0,1.0,0.03687580191812369,0.07024314547367111,1.0,1.0,1.0,1.0,1.0,1.0,1.0,1.0,1.0,0.9400000000000001,0.014100430801648795,0.17968857877017594,1.0,0.9400000000000001,1.0,0.9020833333333332,1.0,0.9092460317460317,1.0,0.9928571428571429,1.0,0.9168181818181818,0.04285080764522294,0.2298911432040957,1.0,0.9191666666666667,1.0,0.8541666666666666,1.0,0.867420634920635,1.0,0.9690476190476189,1.0,0.9381818181818182,0.04350994683624221,0.21211709491584713,1.0,0.9425000000000001,1.0,0.8916666666666666,1.0,0.9062103174603175,1.0,0.9761904761904763
64,0.2,0.1,1.0,1.0,0.03687580191812369,0.07024314547367111,1.0,1.0,1.0,1.0,1.0,1.0,1.0,1.0,1.0,0.9815909090909092,0.012221336010983071,0.10445235173338144,1.0,0.99,1.0,0.9604166666666666,1.0,0.9715873015873016,1.0,1.0,1.0,0.9168181818181818,0.04285080764522294,0.2298911432040957,1.0,0.9191666666666667,1.0,0.8541666666666666,1.0,0.867420634920635,1.0,0.9690476190476189,0.9627604166666668,0.8359090909090909,0.14721752429117055,0.36735375668867826,0.9881818181818183,0.8516666666666666,0.9041666666666666,0.68125,0.9432411314848386,0.718829365079365,0.995508658008658,0.9422619047619047
64,0.2,0.5,1.0,1.0,0.03687580191812369,0.07024314547367111,1.0,1.0,1.0,1.0,1.0,1.0,1.0,1.0,1.0,0.9540909090909091,0.013289841366465877,0.1668686557565197,1.0,0.9625,1.0,0.9166666666666666,1.0,0.9308134920634921,1.0,0.9946428571428573,1.0,0.9168181818181818,0.04285080764522294,0.2298911432040957,1.0,0.9191666666666667,1.0,0.8541666666666666,1.0,0.867420634920635,1.0,0.9690476190476189,1.0,0.9470454545454545,0.04553380835326781,0.2212688314884085,1.0,0.95375,1.0,0.9020833333333332,1.0,0.919761904761905,1.0,0.9726190476190476
64,0.2,1.0,1.0,1.0,0.03687580191812369,0.07024314547367111,1.0,1.0,1.0,1.0,1.0,1.0,1.0,1.0,1.0,0.9400000000000001,0.014100430801648795,0.17968857877017594,1.0,0.9400000000000001,1.0,0.9020833333333332,1.0,0.9092460317460317,1.0,0.9928571428571429,1.0,0.9168181818181818,0.04285080764522294,0.2298911432040957,1.0,0.9191666666666667,1.0,0.8541666666666666,1.0,0.867420634920635,1.0,0.9690476190476189,1.0,0.9381818181818182,0.04350994683624221,0.21211709491584713,1.0,0.9425000000000001,1.0,0.8916666666666666,1.0,0.9062103174603175,1.0,0.9761904761904763
128,0.01,0.1,1.0,0.9977272727272727,0.03168279164966224,0.07092713263651855,1.0,1.0,1.0,0.99375,1.0,0.9964285714285716,1.0,1.0,1.0,0.9815909090909092,0.012221336010983071,0.10445235173338144,1.0,0.99,1.0,0.9604166666666666,1.0,0.9715873015873016,1.0,1.0,1.0,0.9379545454545454,0.039945669851932146,0.20455094524833708,1.0,0.9354166666666666,1.0,0.8958333333333333,1.0,0.9058730158730158,1.0,0.9863095238095237,0.9627604166666668,0.8359090909090909,0.14721752429117055,0.36735375668867826,0.9881818181818183,0.8516666666666666,0.9041666666666666,0.68125,0.9432411314848386,0.718829365079365,0.995508658008658,0.9422619047619047
128,0.01,0.5,1.0,0.9977272727272727,0.03168279164966224,0.07092713263651855,1.0,1.0,1.0,0.99375,1.0,0.9964285714285716,1.0,1.0,1.0,0.9540909090909091,0.013289841366465877,0.1668686557565197,1.0,0.9625,1.0,0.9166666666666666,1.0,0.9308134920634921,1.0,0.9946428571428573,1.0,0.9379545454545454,0.039945669851932146,0.20455094524833708,1.0,0.9354166666666666,1.0,0.8958333333333333,1.0,0.9058730158730158,1.0,0.9863095238095237,1.0,0.9470454545454545,0.04553380835326781,0.2212688314884085,1.0,0.95375,1.0,0.9020833333333332,1.0,0.919761904761905,1.0,0.9726190476190476
128,0.01,1.0,1.0,0.9977272727272727,0.03168279164966224,0.07092713263651855,1.0,1.0,1.0,0.99375,1.0,0.9964285714285716,1.0,1.0,1.0,0.9400000000000001,0.014100430801648795,0.17968857877017594,1.0,0.9400000000000001,1.0,0.9020833333333332,1.0,0.9092460317460317,1.0,0.9928571428571429,1.0,0.9379545454545454,0.039945669851932146,0.20455094524833708,1.0,0.9354166666666666,1.0,0.8958333333333333,1.0,0.9058730158730158,1.0,0.9863095238095237,1.0,0.9381818181818182,0.04350994683624221,0.21211709491584713,1.0,0.9425000000000001,1.0,0.8916666666666666,1.0,0.9062103174603175,1.0,0.9761904761904763
128,0.02,0.1,1.0,0.9977272727272727,0.03168279164966224,0.07092713263651855,1.0,1.0,1.0,0.99375,1.0,0.9964285714285716,1.0,1.0,1.0,0.9815909090909092,0.012221336010983071,0.10445235173338144,1.0,0.99,1.0,0.9604166666666666,1.0,0.9715873015873016,1.0,1.0,1.0,0.9379545454545454,0.039945669851932146,0.20455094524833708,1.0,0.9354166666666666,1.0,0.8958333333333333,1.0,0.9058730158730158,1.0,0.9863095238095237,0.9627604166666668,0.8359090909090909,0.14721752429117055,0.36735375668867826,0.9881818181818183,0.8516666666666666,0.9041666666666666,0.68125,0.9432411314848386,0.718829365079365,0.995508658008658,0.9422619047619047
128,0.02,0.5,1.0,0.9977272727272727,0.03168279164966224,0.07092713263651855,1.0,1.0,1.0,0.99375,1.0,0.9964285714285716,1.0,1.0,1.0,0.9540909090909091,0.013289841366465877,0.1668686557565197,1.0,0.9625,1.0,0.9166666666666666,1.0,0.9308134920634921,1.0,0.9946428571428573,1.0,0.9379545454545454,0.039945669851932146,0.20455094524833708,1.0,0.9354166666666666,1.0,0.8958333333333333,1.0,0.9058730158730158,1.0,0.9863095238095237,1.0,0.9470454545454545,0.04553380835326781,0.2212688314884085,1.0,0.95375,1.0,0.9020833333333332,1.0,0.919761904761905,1.0,0.9726190476190476
128,0.02,1.0,1.0,0.9977272727272727,0.03168279164966224,0.07092713263651855,1.0,1.0,1.0,0.99375,1.0,0.9964285714285716,1.0,1.0,1.0,0.9400000000000001,0.014100430801648795,0.17968857877017594,1.0,0.9400000000000001,1.0,0.9020833333333332,1.0,0.9092460317460317,1.0,0.9928571428571429,1.0,0.9379545454545454,0.039945669851932146,0.20455094524833708,1.0,0.9354166666666666,1.0,0.8958333333333333,1.0,0.9058730158730158,1.0,0.9863095238095237,1.0,0.9381818181818182,0.04350994683624221,0.21211709491584713,1.0,0.9425000000000001,1.0,0.8916666666666666,1.0,0.9062103174603175,1.0,0.9761904761904763
128,0.05,0.1,1.0,0.9977272727272727,0.03168279164966224,0.07092713263651855,1.0,1.0,1.0,0.99375,1.0,0.9964285714285716,1.0,1.0,1.0,0.9815909090909092,0.012221336010983071,0.10445235173338144,1.0,0.99,1.0,0.9604166666666666,1.0,0.9715873015873016,1.0,1.0,1.0,0.9379545454545454,0.039945669851932146,0.20455094524833708,1.0,0.9354166666666666,1.0,0.8958333333333333,1.0,0.9058730158730158,1.0,0.9863095238095237,0.9627604166666668,0.8359090909090909,0.14721752429117055,0.36735375668867826,0.9881818181818183,0.8516666666666666,0.9041666666666666,0.68125,0.9432411314848386,0.718829365079365,0.995508658008658,0.9422619047619047
128,0.05,0.5,1.0,0.9977272727272727,0.03168279164966224,0.07092713263651855,1.0,1.0,1.0,0.99375,1.0,0.9964285714285716,1.0,1.0,1.0,0.9540909090909091,0.013289841366465877,0.1668686557565197,1.0,0.9625,1.0,0.9166666666666666,1.0,0.9308134920634921,1.0,0.9946428571428573,1.0,0.9379545454545454,0.039945669851932146,0.20455094524833708,1.0,0.9354166666666666,1.0,0.8958333333333333,1.0,0.9058730158730158,1.0,0.9863095238095237,1.0,0.9470454545454545,0.04553380835326781,0.2212688314884085,1.0,0.95375,1.0,0.9020833333333332,1.0,0.919761904761905,1.0,0.9726190476190476
128,0.05,1.0,1.0,0.9977272727272727,0.03168279164966224,0.07092713263651855,1.0,1.0,1.0,0.99375,1.0,0.9964285714285716,1.0,1.0,1.0,0.9400000000000001,0.014100430801648795,0.17968857877017594,1.0,0.9400000000000001,1.0,0.9020833333333332,1.0,0.9092460317460317,1.0,0.9928571428571429,1.0,0.9379545454545454,0.039945669851932146,0.20455094524833708,1.0,0.9354166666666666,1.0,0.8958333333333333,1.0,0.9058730158730158,1.0,0.9863095238095237,1.0,0.9381818181818182,0.04350994683624221,0.21211709491584713,1.0,0.9425000000000001,1.0,0.8916666666666666,1.0,0.9062103174603175,1.0,0.9761904761904763
128,0.1,0.1,1.0,0.9977272727272727,0.03168279164966224,0.07092713263651855,1.0,1.0,1.0,0.99375,1.0,0.9964285714285716,1.0,1.0,1.0,0.9815909090909092,0.012221336010983071,0.10445235173338144,1.0,0.99,1.0,0.9604166666666666,1.0,0.9715873015873016,1.0,1.0,1.0,0.9379545454545454,0.039945669851932146,0.20455094524833708,1.0,0.9354166666666666,1.0,0.8958333333333333,1.0,0.9058730158730158,1.0,0.9863095238095237,0.9627604166666668,0.8359090909090909,0.14721752429117055,0.36735375668867826,0.9881818181818183,0.8516666666666666,0.9041666666666666,0.68125,0.9432411314848386,0.718829365079365,0.995508658008658,0.9422619047619047
128,0.1,0.5,1.0,0.9977272727272727,0.03168279164966224,0.07092713263651855,1.0,1.0,1.0,0.99375,1.0,0.9964285714285716,1.0,1.0,1.0,0.9540909090909091,0.013289841366465877,0.1668686557565197,1.0,0.9625,1.0,0.9166666666666666,1.0,0.9308134920634921,1.0,0.9946428571428573,1.0,0.9379545454545454,0.039945669851932146,0.20455094524833708,1.0,0.9354166666666666,1.0,0.8958333333333333,1.0,0.9058730158730158,1.0,0.9863095238095237,1.0,0.9470454545454545,0.04553380835326781,0.2212688314884085,1.0,0.95375,1.0,0.9020833333333332,1.0,0.919761904761905,1.0,0.9726190476190476
128,0.1,1.0,1.0,0.9977272727272727,0.03168279164966224,0.07092713263651855,1.0,1.0,1.0,0.99375,1.0,0.9964285714285716,1.0,1.0,1.0,0.9400000000000001,0.014100430801648795,0.17968857877017594,1.0,0.9400000000000001,1.0,0.9020833333333332,1.0,0.9092460317460317,1.0,0.9928571428571429,1.0,0.9379545454545454,0.039945669851932146,0.20455094524833708,1.0,0.9354166666666666,1.0,0.8958333333333333,1.0,0.9058730158730158,1.0,0.9863095238095237,1.0,0.9381818181818182,0.04350994683624221,0.21211709491584713,1.0,0.9425000000000001,1.0,0.8916666666666666,1.0,0.9062103174603175,1.0,0.9761904761904763
128,0.2,0.1,1.0,0.9977272727272727,0.03168279164966224,0.07092713263651855,1.0,1.0,1.0,0.99375,1.0,0.9964285714285716,1.0,1.0,1.0,0.9815909090909092,0.012221336010983071,0.10445235173338144,1.0,0.99,1.0,0.9604166666666666,1.0,0.9715873015873016,1.0,1.0,1.0,0.9379545454545454,0.039945669851932146,0.20455094524833708,1.0,0.9354166666666666,1.0,0.8958333333333333,1.0,0.9058730158730158,1.0,0.9863095238095237,0.9627604166666668,0.8359090909090909,0.14721752429117055,0.36735375668867826,0.9881818181818183,0.8516666666666666,0.9041666666666666,0.68125,0.9432411314848386,0.718829365079365,0.995508658008658,0.9422619047619047
128,0.2,0.5,1.0,0.9977272727272727,0.03168279164966224,0.07092713263651855,1.0,1.0,1.0,0.99375,1.0,0.9964285714285716,1.0,1.0,1.0,0.9540909090909091,0.013289841366465877,0.1668686557565197,1.0,0.9625,1.0,0.9166666666666666,1.0,0.9308134920634921,1.0,0.9946428571428573,1.0,0.9379545454545454,0.039945669851932146,0.20455094524833708,1.0,0.9354166666666666,1.0,0.8958333333333333,1.0,0.9058730158730158,1.0,0.9863095238095237,1.0,0.9470454545454545,0.04553380835326781,0.2212688314884085,1.0,0.95375,1.0,0.9020833333333332,1.0,0.919761904761905,1.0,0.9726190476190476
128,0.2,1.0,1.0,0.9977272727272727,0.03168279164966224,0.07092713263651855,1.0,1.0,1.0,0.99375,1.0,0.9964285714285716,1.0,1.0,1.0,0.9400000000000001,0.014100430801648795,0.17968857877017594,1.0,0.9400000000000001,1.0,0.9020833333333332,1.0,0.9092460317460317,1.0,0.9928571428571429,1.0,0.9379545454545454,0.039945669851932146,0.20455094524833708,1.0,0.9354166666666666,1.0,0.8958333333333333,1.0,0.9058730158730158,1.0,0.9863095238095237,1.0,0.9381818181818182,0.04350994683624221,0.21211709491584713,1.0,0.9425000000000001,1.0,0.8916666666666666,1.0,0.9062103174603175,1.0,0.9761904761904763
256,0.01,0.1,1.0,0.9886363636363636,0.02685900702273643,0.08379823526247068,1.0,1.0,1.0,0.96875,1.0,0.9821428571428573,1.0,0.9991071428571429,1.0,0.9815909090909092,0.012221336010983071,0.10445235173338144,1.0,0.99,1.0,0.9604166666666666,1.0,0.9715873015873016,1.0,1.0,1.0,0.9472727272727273,0.03688103895845439,0.19649503499470133,1.0,0.9475,1.0,0.9104166666666667,1.0,0.9185119047619048,1.0,0.9901785714285716,0.9627604166666668,0.8359090909090909,0.14721752429117055,0.36735375668867826,0.9881818181818183,0.8516666666666666,0.9041666666666666,0.68125,0.9432411314848386,0.718829365079365,0.995508658008658,0.9422619047619047
256,0.01,0.5,1.0,0.9886363636363636,0.02685900702273643,0.08379823526247068,1.0,1.0,1.0,0.96875,1.0,0.9821428571428573,1.0,0.9991071428571429,1.0,0.9540909090909091,0.013289841366465877,0.1668686557565197,1.0,0.9625,1.0,0.9166666666666666,1.0,0.9308134920634921,1.0,0.9946428571428573,1.0,0.9472727272727273,0.03688103895845439,0.19649503499470133,1.0,0.9475,1.0,0.9104166666666667,1.0,0.9185119047619048,1.0,0.9901785714285716,1.0,0.9470454545454545,0.04553380835326781,0.2212688314884085,1.0,0.95375,1.0,0.9020833333333332,1.0,0.919761904761905,1.0,0.9726190476190476
256,0.01,1.0,1.0,0.9886363636363636,0.02685900702273643,0.08379823526247068,1.0,1.0,1.0,0.96875,1.0,0.9821428571428573,1.0,0.9991071428571429,1.0,0.9400000000000001,0.014100430801648795,0.17968857877017594,1.0,0.9400000000000001,1.0,0.9020833333333332,1.0,0.9092460317460317,1.0,0.9928571428571429,1.0,0.9472727272727273,0.03688103895845439,0.19649503499470133,1.0,0.9475,1.0,0.9104166666666667,1.0,0.9185119047619048,1.0,0.9901785714285716,1.0,0.9381818181818182,0.04350994683624221,0.21211709491584713,1.0,0.9425000000000001,1.0,0.8916666666666666,1.0,0.9062103174603175,1.0,0.9761904761904763
256,0.02,0.1,1.0,0.9886363636363636,0.02685900702273643,0.08379823526247068,1.0,1.0,1.0,0.96875,1.0,0.9821428571428573,1.0,0.9991071428571429,1.0,0.9815909090909092,0.012221336010983071,0.10445235173338144,1.0,0.99,1.0,0.9604166666666666,1.0,0.9715873015873016,1.0,1.0,1.0,0.9472727272727273,0.03688103895845439,0.19649503499470133,1.0,0.9475,1.0,0.9104166666666667,1.0,0.9185119047619048,1.0,0.9901785714285716,0.9627604166666668,0.8359090909090909,0.14721752429117055,0.36735375668867826,0.9881818181818183,0.8516666666666666,0.9041666666666666,0.68125,0.9432411314848386,0.718829365079365,0.995508658008658,0.9422619047619047
256,0.02,0.5,1.0,0.9886363636363636,0.02685900702273643,0.08379823526247068,1.0,1.0,1.0,0.96875,1.0,0.9821428571428573,1.0,0.9991071428571429,1.0,0.9540909090909091,0.013289841366465877,0.1668686557565197,1.0,0.9625,1.0,0.9166666666666666,1.0,0.9308134920634921,1.0,0.9946428571428573,1.0,0.9472727272727273,0.03688103895845439,0.19649503499470133,1.0,0.9475,1.0,0.9104166666666667,1.0,0.9185119047619048,1.0,0.9901785714285716,1.0,0.9470454545454545,0.04553380835326781,0.2212688314884085,1.0,0.95375,1.0,0.9020833333333332,1.0,0.919761904761905,1.0,0.9726190476190476
256,0.02,1.0,1.0,0.9886363636363636,0.02685900702273643,0.08379823526247068,1.0,1.0,1.0,0.96875,1.0,0.9821428571428573,1.0,0.9991071428571429,1.0,0.9400000000000001,0.014100430801648795,0.17968857877017594,1.0,0.9400000000000001,1.0,0.9020833333333332,1.0,0.9092460317460317,1.0,0.9928571428571429,1.0,0.9472727272727273,0.03688103895845439,0.19649503499470133,1.0,0.9475,1.0,0.9104166666666667,1.0,0.9185119047619048,1.0,0.9901785714285716,1.0,0.9381818181818182,0.04350994683624221,0.21211709491584713,1.0,0.9425000000000001,1.0,0.8916666666666666,1.0,0.9062103174603175,1.0,0.9761904761904763
256,0.05,0.1,1.0,0.9886363636363636,0.02685900702273643,0.08379823526247068,1.0,1.0,1.0,0.96875,1.0,0.9821428571428573,1.0,0.9991071428571429,1.0,0.9815909090909092,0.012221336010983071,0.10445235173338144,1.0,0.99,1.0,0.9604166666666666,1.0,0.9715873015873016,1.0,1.0,1.0,0.9472727272727273,0.03688103895845439,0.19649503499470133,1.0,0.9475,1.0,0.9104166666666667,1.0,0.9185119047619048,1.0,0.9901785714285716,0.9627604166666668,0.8359090909090909,0.14721752429117055,0.36735375668867826,0.9881818181818183,0.8516666666666666,0.9041666666666666,0.68125,0.9432411314848386,0.718829365079365,0.995508658008658,0.9422619047619047
256,0.05,0.5,1.0,0.9886363636363636,0.02685900702273643,0.08379823526247068,1.0,1.0,1.0,0.96875,1.0,0.9821428571428573,1.0,0.9991071428571429,1.0,0.9540909090909091,0.013289841366465877,0.1668686557565197,1.0,0.9625,1.0,0.9166666666666666,1.0,0.9308134920634921,1.0,0.9946428571428573,1.0,0.9472727272727273,0.03688103895845439,0.19649503499470133,1.0,0.9475,1.0,0.9104166666666667,1.0,0.9185119047619048,1.0,0.9901785714285716,1.0,0.9470454545454545,0.04553380835326781,0.2212688314884085,1.0,0.95375,1.0,0.9020833333333332,1.0,0.919761904761905,1.0,0.9726190476190476
256,0.05,1.0,1.0,0.9886363636363636,0.02685900702273643,0.08379823526247068,1.0,1.0,1.0,0.96875,1.0,0.9821428571428573,1.0,0.9991071428571429,1.0,0.9400000000000001,0.014100430801648795,0.17968857877017594,1.0,0.9400000000000001,1.0,0.9020833333333332,1.0,0.9092460317460317,1.0,0.9928571428571429,1.0,0.9472727272727273,0.03688103895845439,0.19649503499470133,1.0,0.9475,1.0,0.9104166666666667,1.0,0.9185119047619048,1.0,0.9901785714285716,1.0,0.9381818181818182,0.04350994683624221,0.21211709491584713,1.0,0.9425000000000001,1.0,0.8916666666666666,1.0,0.9062103174603175,1.0,0.9761904761904763
256,0.1,0.1,1.0,0.9886363636363636,0.02685900702273643,0.08379823526247068,1.0,1.0,1.0,0.96875,1.0,0.9821428571428573,1.0,0.9991071428571429,1.0,0.9815909090909092,0.012221336010983071,0.10445235173338144,1.0,0.99,1.0,0.9604166666666666,1.0,0.9715873015873016,1.0,1.0,1.0,0.9472727272727273,0.03688103895845439,0.19649503499470133,1.0,0.9475,1.0,0.9104166666666667,1.0,0.9185119047619048,1.0,0.9901785714285716,0.9627604166666668,0.8359090909090909,0.14721752429117055,0.36735375668867826,0.9881818181818183,0.8516666666666666,0.9041666666666666,0.68125,0.9432411314848386,0.718829365079365,0.995508658008658,0.9422619047619047
256,0.1,0.5,1.0,0.9886363636363636,0.02685900702273643,0.08379823526247068,1.0,1.0,1.0,0.96875,1.0,0.9821428571428573,1.0,0.9991071428571429,1.0,0.9540909090909091,0.013289841366465877,0.1668686557565197,1.0,0.9625,1.0,0.9166666666666666,1.0,0.9308134920634921,1.0,0.9946428571428573,1.0,0.9472727272727273,0.03688103895845439,0.19649503499470133,1.0,0.9475,1.0,0.9104166666666667,1.0,0.9185119047619048,1.0,0.9901785714285716,1.0,0.9470454545454545,0.04553380835326781,0.2212688314884085,1.0,0.95375,1.0,0.9020833333333332,1.0,0.919761904761905,1.0,0.9726190476190476
256,0.1,1.0,1.0,0.9886363636363636,0.02685900702273643,0.08379823526247068,1.0,1.0,1.0,0.96875,1.0,0.9821428571428573,1.0,0.9991071428571429,1.0,0.9400000000000001,0.014100430801648795,0.17968857877017594,1.0,0.9400000000000001,1.0,0.9020833333333332,1.0,0.9092460317460317,1.0,0.9928571428571429,1.0,0.9472727272727273,0.03688103895845439,0.19649503499470133,1.0,0.9475,1.0,0.9104166666666667,1.0,0.9185119047619048,1.0,0.9901785714285716,1.0,0.9381818181818182,0.04350994683624221,0.21211709491584713,1.0,0.9425000000000001,1.0,0.8916666666666666,1.0,0.9062103174603175,1.0,0.9761904761904763
256,0.2,0.1,1.0,0.9886363636363636,0.02685900702273643,0.08379823526247068,1.0,1.0,1.0,0.96875,1.0,0.9821428571428573,1.0,0.9991071428571429,1.0,0.9815909090909092,0.012221336010983071,0.10445235173338144,1.0,0.99,1.0,0.9604166666666666,1.0,0.9715873015873016,1.0,1.0,1.0,0.9472727272727273,0.03688103895845439,0.19649503499470133,1.0,0.9475,1.0,0.9104166666666667,1.0,0.9185119047619048,1.0,0.9901785714285716,0.9627604166666668,0.8359090909090909,0.14721752429117055,0.36735375668867826,0.9881818181818183,0.8516666666666666,0.9041666666666666,0.68125,0.9432411314848386,0.718829365079365,0.995508658008658,0.9422619047619047
256,0.2,0.5,1.0,0.9886363636363636,0.02685900702273643,0.08379823526247068,1.0,1.0,1.0,0.96875,1.0,0.9821428571428573,1.0,0.9991071428571429,1.0,0.9540909090909091,0.013289841366465877,0.1668686557565197,1.0,0.9625,1.0,0.9166666666666666,1.0,0.9308134920634921,1.0,0.9946428571428573,1.0,0.9472727272727273,0.03688103895845439,0.19649503499470133,1.0,0.9475,1.0,0.9104166666666667,1.0,0.9185119047619048,1.0,0.9901785714285716,1.0,0.9470454545454545,0.04553380835326781,0.2212688314884085,1.0,0.95375,1.0,0.9020833333333332,1.0,0.919761904761905,1.0,0.9726190476190476
256,0.2,1.0,1.0,0.9886363636363636,0.02685900702273643,0.08379823526247068,1.0,1.0,1.0,0.96875,1.0,0.9821428571428573,1.0,0.9991071428571429,1.0,0.9400000000000001,0.014100430801648795,0.17968857877017594,1.0,0.9400000000000001,1.0,0.9020833333333332,1.0,0.9092460317460317,1.0,0.9928571428571429,1.0,0.9472727272727273,0.03688103895845439,0.19649503499470133,1.0,0.9475,1.0,0.9104166666666667,1.0,0.9185119047619048,1.0,0.9901785714285716,1.0,0.9381818181818182,0.04350994683624221,0.21211709491584713,1.0,0.9425000000000001,1.0,0.8916666666666666,1.0,0.9062103174603175,1.0,0.9761904761904763
512,0.01,0.1,1.0,0.9954545454545455,0.02372269266124042,0.06712467650403373,1.0,1.0,1.0,0.9875,1.0,0.9928571428571429,1.0,1.0,1.0,0.9815909090909092,0.012221336010983071,0.10445235173338144,1.0,0.99,1.0,0.9604166666666666,1.0,0.9715873015873016,1.0,1.0,1.0,0.945,0.0354772668682435,0.19739343310522228,1.0,0.9537500000000001,1.0,0.8958333333333333,1.0,0.9135119047619048,1.0,0.992559523809524,0.9627604166666668,0.8359090909090909,0.14721752429117055,0.36735375668867826,0.9881818181818183,0.8516666666666666,0.9041666666666666,0.68125,0.9432411314848386,0.718829365079365,0.995508658008658,0.9422619047619047
512,0.01,0.5,1.0,0.9954545454545455,0.02372269266124042,0.06712467650403373,1.0,1.0,1.0,0.9875,1.0,0.9928571428571429,1.0,1.0,1.0,0.9540909090909091,0.013289841366465877,0.1668686557565197,1.0,0.9625,1.0,0.9166666666666666,1.0,0.9308134920634921,1.0,0.9946428571428573,1.0,0.945,0.0354772668682435,0.19739343310522228,1.0,0.9537500000000001,1.0,0.8958333333333333,1.0,0.9135119047619048,1.0,0.992559523809524,1.0,0.9470454545454545,0.04553380835326781,0.2212688314884085,1.0,0.95375,1.0,0.9020833333333332,1.0,0.919761904761905,1.0,0.9726190476190476
512,0.01,1.0,1.0,0.9954545454545455,0.02372269266124042,0.06712467650403373,1.0,1.0,1.0,0.9875,1.0,0.9928571428571429,1.0,1.0,1.0,0.9400000000000001,0.014100430801648795,0.17968857877017594,1.0,0.9400000000000001,1.0,0.9020833333333332,1.0,0.9092460317460317,1.0,0.9928571428571429,1.0,0.945,0.0354772668682435,0.19739343310522228,1.0,0.9537500000000001,1.0,0.8958333333333333,1.0,0.9135119047619048,1.0,0.992559523809524,1.0,0.9381818181818182,0.04350994683624221,0.21211709491584713,1.0,0.9425000000000001,1.0,0.8916666666666666,1.0,0.9062103174603175,1.0,0.9761904761904763
512,0.02,0.1,1.0,0.9954545454545455,0.02372269266124042,0.06712467650403373,1.0,1.0,1.0,0.9875,1.0,0.9928571428571429,1.0,1.0,1.0,0.9815909090909092,0.012221336010983071,0.10445235173338144,1.0,0.99,1.0,0.9604166666666666,1.0,0.9715873015873016,1.0,1.0,1.0,0.945,0.0354772668682435,0.19739343310522228,1.0,0.9537500000000001,1.0,0.8958333333333333,1.0,0.9135119047619048,1.0,0.992559523809524,0.9627604166666668,0.8359090909090909,0.14721752429117055,0.36735375668867826,0.9881818181818183,0.8516666666666666,0.9041666666666666,0.68125,0.9432411314848386,0.718829365079365,0.995508658008658,0.9422619047619047
512,0.02,0.5,1.0,0.9954545454545455,0.02372269266124042,0.06712467650403373,1.0,1.0,1.0,0.9875,1.0,0.9928571428571429,1.0,1.0,1.0,0.9540909090909091,0.013289841366465877,0.1668686557565197,1.0,0.9625,1.0,0.9166666666666666,1.0,0.9308134920634921,1.0,0.9946428571428573,1.0,0.945,0.0354772668682435,0.19739343310522228,1.0,0.9537500000000001,1.0,0.8958333333333333,1.0,0.9135119047619048,1.0,0.992559523809524,1.0,0.9470454545454545,0.04553380835326781,0.2212688314884085,1.0,0.95375,1.0,0.9020833333333332,1.0,0.919761904761905,1.0,0.9726190476190476
512,0.02,1.0,1.0,0.9954545454545455,0.02372269266124042,0.06712467650403373,1.0,1.0,1.0,0.9875,1.0,0.9928571428571429,1.0,1.0,1.0,0.9400000000000001,0.014100430801648795,0.17968857877017594,1.0,0.9400000000000001,1.0,0.9020833333333332,1.0,0.9092460317460317,1.0,0.9928571428571429,1.0,0.945,0.0354772668682435,0.19739343310522228,1.0,0.9537500000000001,1.0,0.8958333333333333,1.0,0.9135119047619048,1.0,0.992559523809524,1.0,0.9381818181818182,0.04350994683624221,0.21211709491584713,1.0,0.9425000000000001,1.0,0.8916666666666666,1.0,0.9062103174603175,1.0,0.9761904761904763
512,0.05,0.1,1.0,0.9954545454545455,0.02372269266124042,0.06712467650403373,1.0,1.0,1.0,0.9875,1.0,0.9928571428571429,1.0,1.0,1.0,0.9815909090909092,0.012221336010983071,0.10445235173338144,1.0,0.99,1.0,0.9604166666666666,1.0,0.9715873015873016,1.0,1.0,1.0,0.945,0.0354772668682435,0.19739343310522228,1.0,0.9537500000000001,1.0,0.8958333333333333,1.0,0.9135119047619048,1.0,0.992559523809524,0.9627604166666668,0.8359090909090909,0.14721752429117055,0.36735375668867826,0.9881818181818183,0.8516666666666666,0.9041666666666666,0.68125,0.9432411314848386,0.718829365079365,0.995508658008658,0.9422619047619047
512,0.05,0.5,1.0,0.9954545454545455,0.02372269266124042,0.06712467650403373,1.0,1.0,1.0,0.9875,1.0,0.9928571428571429,1.0,1.0,1.0,0.9540909090909091,0.013289841366465877,0.1668686557565197,1.0,0.9625,1.0,0.9166666666666666,1.0,0.9308134920634921,1.0,0.9946428571428573,1.0,0.945,0.0354772668682435,0.19739343310522228,1.0,0.9537500000000001,1.0,0.8958333333333333,1.0,0.9135119047619048,1.0,0.992559523809524,1.0,0.9470454545454545,0.04553380835326781,0.2212688314884085,1.0,0.95375,1.0,0.9020833333333332,1.0,0.919761904761905,1.0,0.9726190476190476
512,0.05,1.0,1.0,0.9954545454545455,0.02372269266124042,0.06712467650403373,1.0,1.0,1.0,0.9875,1.0,0.9928571428571429,1.0,1.0,1.0,0.9400000000000001,0.014100430801648795,0.17968857877017594,1.0,0.9400000000000001,1.0,0.9020833333333332,1.0,0.9092460317460317,1.0,0.9928571428571429,1.0,0.945,0.0354772668682435,0.19739343310522228,1.0,0.9537500000000001,1.0,0.8958333333333333,1.0,0.9135119047619048,1.0,0.992559523809524,1.0,0.9381818181818182,0.04350994683624221,0.21211709491584713,1.0,0.9425000000000001,1.0,0.8916666666666666,1.0,0.9062103174603175,1.0,0.9761904761904763
512,0.1,0.1,1.0,0.9954545454545455,0.02372269266124042,0.06712467650403373,1.0,1.0,1.0,0.9875,1.0,0.9928571428571429,1.0,1.0,1.0,0.9815909090909092,0.012221336010983071,0.10445235173338144,1.0,0.99,1.0,0.9604166666666666,1.0,0.9715873015873016,1.0,1.0,1.0,0.945,0.0354772668682435,0.19739343310522228,1.0,0.9537500000000001,1.0,0.8958333333333333,1.0,0.9135119047619048,1.0,0.992559523809524,0.9627604166666668,0.8359090909090909,0.14721752429117055,0.36735375668867826,0.9881818181818183,0.8516666666666666,0.9041666666666666,0.68125,0.9432411314848386,0.718829365079365,0.995508658008658,0.9422619047619047
512,0.1,0.5,1.0,0.9954545454545455,0.02372269266124042,0.06712467650403373,1.0,1.0,1.0,0.9875,1.0,0.9928571428571429,1.0,1.0,1.0,0.9540909090909091,0.013289841366465877,0.1668686557565197,1.0,0.9625,1.0,0.9166666666666666,1.0,0.9308134920634921,1.0,0.9946428571428573,1.0,0.945,0.0354772668682435,0.19739343310522228,1.0,0.9537500000000001,1.0,0.8958333333333333,1.0,0.9135119047619048,1.0,0.992559523809524,1.0,0.9470454545454545,0.04553380835326781,0.2212688314884085,1.0,0.95375,1.0,0.9020833333333332,1.0,0.919761904761905,1.0,0.9726190476190476
512,0.1,1.0,1.0,0.9954545454545455,0.02372269266124042,0.06712467650403373,1.0,1.0,1.0,0.9875,1.0,0.9928571428571429,1.0,1.0,1.0,0.9400000000000001,0.014100430801648795,0.17968857877017594,1.0,0.9400000000000001,1.0,0.9020833333333332,1.0,0.9092460317460317,1.0,0.9928571428571429,1.0,0.945,0.0354772668682435,0.19739343310522228,1.0,0.9537500000000001,1.0,0.8958333333333333,1.0,0.9135119047619048,1.0,0.992559523809524,1.0,0.9381818181818182,0.04350994683624221,0.21211709491584713,1.0,0.9425000000000001,1.0,0.8916666666666666,1.0,0.9062103174603175,1.0,0.9761904761904763
512,0.2,0.1,1.0,0.9954545454545455,0.02372269266124042,0.06712467650403373,1.0,1.0,1.0,0.9875,1.0,0.9928571428571429,1.0,1.0,1.0,0.9815909090909092,0.012221336010983071,0.10445235173338144,1.0,0.99,1.0,0.9604166666666666,1.0,0.9715873015873016,1.0,1.0,1.0,0.945,0.0354772668682435,0.19739343310522228,1.0,0.9537500000000001,1.0,0.8958333333333333,1.0,0.9135119047619048,1.0,0.992559523809524,0.9627604166666668,0.8359090909090909,0.14721752429117055,0.36735375668867826,0.9881818181818183,0.8516666666666666,0.9041666666666666,0.68125,0.9432411314848386,0.718829365079365,0.995508658008658,0.9422619047619047
512,0.2,0.5,1.0,0.9954545454545455,0.02372269266124042,0.06712467650403373,1.0,1.0,1.0,0.9875,1.0,0.9928571428571429,1.0,1.0,1.0,0.9540909090909091,0.013289841366465877,0.1668686557565197,1.0,0.9625,1.0,0.9166666666666666,1.0,0.9308134920634921,1.0,0.9946428571428573,1.0,0.945,0.0354772668682435,0.19739343310522228,1.0,0.9537500000000001,1.0,0.8958333333333333,1.0,0.9135119047619048,1.0,0.992559523809524,1.0,0.9470454545454545,0.04553380835326781,0.2212688314884085,1.0,0.95375,1.0,0.9020833333333332,1.0,0.919761904761905,1.0,0.9726190476190476
512,0.2,1.0,1.0,0.9954545454545455,0.02372269266124042,0.06712467650403373,1.0,1.0,1.0,0.9875,1.0,0.9928571428571429,1.0,1.0,1.0,0.9400000000000001,0.014100430801648795,0.17968857877017594,1.0,0.9400000000000001,1.0,0.9020833333333332,1.0,0.9092460317460317,1.0,0.9928571428571429,1.0,0.945,0.0354772668682435,0.19739343310522228,1.0,0.9537500000000001,1.0,0.8958333333333333,1.0,0.9135119047619048,1.0,0.992559523809524,1.0,0.9381818181818182,0.04350994683624221,0.21211709491584713,1.0,0.9425000000000001,1.0,0.8916666666666666,1.0,0.9062103174603175,1.0,0.9761904761904763
1024,0.01,0.1,1.0,1.0,0.02172436468924258,0.06139520872285711,1.0,1.0,1.0,1.0,1.0,1.0,1.0,1.0,1.0,0.9815909090909092,0.012221336010983071,0.10445235173338144,1.0,0.99,1.0,0.9604166666666666,1.0,0.9715873015873016,1.0,1.0,1.0,0.9518181818181818,0.030022980359581824,0.1959535947459789,1.0,0.9775,1.0,0.8895833333333332,1.0,0.9207539682539683,1.0,0.9928571428571429,0.9627604166666668,0.8359090909090909,0.14721752429117055,0.36735375668867826,0.9881818181818183,0.8516666666666666,0.9041666666666666,0.68125,0.9432411314848386,0.718829365079365,0.995508658008658,0.9422619047619047
1024,0.01,0.5,1.0,1.0,0.02172436468924258,0.06139520872285711,1.0,1.0,1.0,1.0,1.0,1.0,1.0,1.0,1.0,0.9540909090909091,0.013289841366465877,0.1668686557565197,1.0,0.9625,1.0,0.9166666666666666,1.0,0.9308134920634921,1.0,0.9946428571428573,1.0,0.9518181818181818,0.030022980359581824,0.1959535947459789,1.0,0.9775,1.0,0.8895833333333332,1.0,0.9207539682539683,1.0,0.9928571428571429,1.0,0.9470454545454545,0.04553380835326781,0.2212688314884085,1.0,0.95375,1.0,0.9020833333333332,1.0,0.919761904761905,1.0,0.9726190476190476
1024,0.01,1.0,1.0,1.0,0.02172436468924258,0.06139520872285711,1.0,1.0,1.0,1.0,1.0,1.0,1.0,1.0,1.0,0.9400000000000001,0.014100430801648795,0.17968857877017594,1.0,0.9400000000000001,1.0,0.9020833333333332,1.0,0.9092460317460317,1.0,0.9928571428571429,1.0,0.9518181818181818,0.030022980359581824,0.1959535947459789,1.0,0.9775,1.0,0.8895833333333332,1.0,0.9207539682539683,1.0,0.9928571428571429,1.0,0.9381818181818182,0.04350994683624221,0.21211709491584713,1.0,0.9425000000000001,1.0,0.8916666666666666,1.0,0.9062103174603175,1.0,0.9761904761904763
1024,0.02,0.1,1.0,1.0,0.02172436468924258,0.06139520872285711,1.0,1.0,1.0,1.0,1.0,1.0,1.0,1.0,1.0,0.9815909090909092,0.012221336010983071,0.10445235173338144,1.0,0.99,1.0,0.9604166666666666,1.0,0.9715873015873016,1.0,1.0,1.0,0.9518181818181818,0.030022980359581824,0.1959535947459789,1.0,0.9775,1.0,0.8895833333333332,1.0,0.9207539682539683,1.0,0.9928571428571429,0.9627604166666668,0.8359090909090909,0.14721752429117055,0.36735375668867826,0.9881818181818183,0.8516666666666666,0.9041666666666666,0.68125,0.9432411314848386,0.718829365079365,0.995508658008658,0.9422619047619047
1024,0.02,0.5,1.0,1.0,0.02172436468924258,0.06139520872285711,1.0,1.0,1.0,1.0,1.0,1.0,1.0,1.0,1.0,0.9540909090909091,0.013289841366465877,0.1668686557565197,1.0,0.9625,1.0,0.9166666666666666,1.0,0.9308134920634921,1.0,0.9946428571428573,1.0,0.9518181818181818,0.030022980359581824,0.1959535947459789,1.0,0.9775,1.0,0.8895833333333332,1.0,0.9207539682539683,1.0,0.9928571428571429,1.0,0.9470454545454545,0.04553380835326781,0.2212688314884085,1.0,0.95375,1.0,0.9020833333333332,1.0,0.919761904761905,1.0,0.9726190476190476
1024,0.02,1.0,1.0,1.0,0.02172436468924258,0.06139520872285711,1.0,1.0,1.0,1.0,1.0,1.0,1.0,1.0,1.0,0.9400000000000001,0.014100430801648795,0.17968857877017594,1.0,0.9400000000000001,1.0,0.9020833333333332,1.0,0.9092460317460317,1.0,0.9928571428571429,1.0,0.9518181818181818,0.030022980359581824,0.1959535947459789,1.0,0.9775,1.0,0.8895833333333332,1.0,0.9207539682539683,1.0,0.9928571428571429,1.0,0.9381818181818182,0.04350994683624221,0.21211709491584713,1.0,0.9425000000000001,1.0,0.8916666666666666,1.0,0.9062103174603175,1.0,0.9761904761904763
1024,0.05,0.1,1.0,1.0,0.02172436468924258,0.06139520872285711,1.0,1.0,1.0,1.0,1.0,1.0,1.0,1.0,1.0,0.9815909090909092,0.012221336010983071,0.10445235173338144,1.0,0.99,1.0,0.9604166666666666,1.0,0.9715873015873016,1.0,1.0,1.0,0.9518181818181818,0.030022980359581824,0.1959535947459789,1.0,0.9775,1.0,0.8895833333333332,1.0,0.9207539682539683,1.0,0.9928571428571429,0.9627604166666668,0.8359090909090909,0.14721752429117055,0.36735375668867826,0.9881818181818183,0.8516666666666666,0.9041666666666666,0.68125,0.9432411314848386,0.718829365079365,0.995508658008658,0.9422619047619047
1024,0.05,0.5,1.0,1.0,0.02172436468924258,0.06139520872285711,1.0,1.0,1.0,1.0,1.0,1.0,1.0,1.0,1.0,0.9540909090909091,0.013289841366465877,0.1668686557565197,1.0,0.9625,1.0,0.9166666666666666,1.0,0.9308134920634921,1.0,0.9946428571428573,1.0,0.9518181818181818,0.030022980359581824,0.1959535947459789,1.0,0.9775,1.0,0.8895833333333332,1.0,0.9207539682539683,1.0,0.9928571428571429,1.0,0.9470454545454545,0.04553380835326781,0.2212688314884085,1.0,0.95375,1.0,0.9020833333333332,1.0,0.919761904761905,1.0,0.9726190476190476
1024,0.05,1.0,1.0,1.0,0.02172436468924258,0.06139520872285711,1.0,1.0,1.0,1.0,1.0,1.0,1.0,1.0,1.0,0.9400000000000001,0.014100430801648795,0.17968857877017594,1.0,0.9400000000000001,1.0,0.9020833333333332,1.0,0.9092460317460317,1.0,0.9928571428571429,1.0,0.9518181818181818,0.030022980359581824,0.1959535947459789,1.0,0.9775,1.0,0.8895833333333332,1.0,0.9207539682539683,1.0,0.9928571428571429,1.0,0.9381818181818182,0.04350994683624221,0.21211709491584713,1.0,0.9425000000000001,1.0,0.8916666666666666,1.0,0.9062103174603175,1.0,0.9761904761904763
1024,0.1,0.1,1.0,1.0,0.02172436468924258,0.06139520872285711,1.0,1.0,1.0,1.0,1.0,1.0,1.0,1.0,1.0,0.9815909090909092,0.012221336010983071,0.10445235173338144,1.0,0.99,1.0,0.9604166666666666,1.0,0.9715873015873016,1.0,1.0,1.0,0.9518181818181818,0.030022980359581824,0.1959535947459789,1.0,0.9775,1.0,0.8895833333333332,1.0,0.9207539682539683,1.0,0.9928571428571429,0.9627604166666668,0.8359090909090909,0.14721752429117055,0.36735375668867826,0.9881818181818183,0.8516666666666666,0.9041666666666666,0.68125,0.9432411314848386,0.718829365079365,0.995508658008658,0.9422619047619047
1024,0.1,0.5,1.0,1.0,0.02172436468924258,0.06139520872285711,1.0,1.0,1.0,1.0,1.0,1.0,1.0,1.0,1.0,0.9540909090909091,0.013289841366465877,0.1668686557565197,1.0,0.9625,1.0,0.9166666666666666,1.0,0.9308134920634921,1.0,0.9946428571428573,1.0,0.9518181818181818,0.030022980359581824,0.1959535947459789,1.0,0.9775,1.0,0.8895833333333332,1.0,0.9207539682539683,1.0,0.9928571428571429,1.0,0.9470454545454545,0.04553380835326781,0.2212688314884085,1.0,0.95375,1.0,0.9020833333333332,1.0,0.919761904761905,1.0,0.9726190476190476
1024,0.1,1.0,1.0,1.0,0.02172436468924258,0.06139520872285711,1.0,1.0,1.0,1.0,1.0,1.0,1.0,1.0,1.0,0.9400000000000001,0.014100430801648795,0.17968857877017594,1.0,0.9400000000000001,1.0,0.9020833333333332,1.0,0.9092460317460317,1.0,0.9928571428571429,1.0,0.9518181818181818,0.030022980359581824,0.1959535947459789,1.0,0.9775,1.0,0.8895833333333332,1.0,0.9207539682539683,1.0,0.9928571428571429,1.0,0.9381818181818182,0.04350994683624221,0.21211709491584713,1.0,0.9425000000000001,1.0,0.8916666666666666,1.0,0.9062103174603175,1.0,0.9761904761904763
1024,0.2,0.1,1.0,1.0,0.02172436468924258,0.06139520872285711,1.0,1.0,1.0,1.0,1.0,1.0,1.0,1.0,1.0,0.9815909090909092,0.012221336010983071,0.10445235173338144,1.0,0.99,1.0,0.9604166666666666,1.0,0.9715873015873016,1.0,1.0,1.0,0.9518181818181818,0.030022980359581824,0.1959535947459789,1.0,0.9775,1.0,0.8895833333333332,1.0,0.9207539682539683,1.0,0.9928571428571429,0.9627604166666668,0.8359090909090909,0.14721752429117055,0.36735375668867826,0.9881818181818183,0.8516666666666666,0.9041666666666666,0.68125,0.9432411314848386,0.718829365079365,0.995508658008658,0.9422619047619047
1024,0.2,0.5,1.0,1.0,0.02172436468924258,0.06139520872285711,1.0,1.0,1.0,1.0,1.0,1.0,1.0,1.0,1.0,0.9540909090909091,0.013289841366465877,0.1668686557565197,1.0,0.9625,1.0,0.9166666666666666,1.0,0.9308134920634921,1.0,0.9946428571428573,1.0,0.9518181818181818,0.030022980359581824,0.1959535947459789,1.0,0.9775,1.0,0.8895833333333332,1.0,0.9207539682539683,1.0,0.9928571428571429,1.0,0.9470454545454545,0.04553380835326781,0.2212688314884085,1.0,0.95375,1.0,0.9020833333333332,1.0,0.919761904761905,1.0,0.9726190476190476
1024,0.2,1.0,1.0,1.0,0.02172436468924258,0.06139520872285711,1.0,1.0,1.0,1.0,1.0,1.0,1.0,1.0,1.0,0.9400000000000001,0.014100430801648795,0.17968857877017594,1.0,0.9400000000000001,1.0,0.9020833333333332,1.0,0.9092460317460317,1.0,0.9928571428571429,1.0,0.9518181818181818,0.030022980359581824,0.1959535947459789,1.0,0.9775,1.0,0.8895833333333332,1.0,0.9207539682539683,1.0,0.9928571428571429,1.0,0.9381818181818182,0.04350994683624221,0.21211709491584713,1.0,0.9425000000000001,1.0,0.8916666666666666,1.0,0.9062103174603175,1.0,0.9761904761904763
2048,0.01,0.1,1.0,1.0,0.01648419460284939,0.06749265301779163,1.0,1.0,1.0,1.0,1.0,1.0,1.0,1.0,1.0,0.9815909090909092,0.012221336010983071,0.10445235173338144,1.0,0.99,1.0,0.9604166666666666,1.0,0.9715873015873016,1.0,1.0,1.0,0.9495454545454546,0.02329021411444323,0.1963640283730787,1.0,0.9737500000000001,1.0,0.8895833333333332,1.0,0.9190674603174603,1.0,0.9919642857142857,0.9627604166666668,0.8359090909090909,0.14721752429117055,0.36735375668867826,0.9881818181818183,0.8516666666666666,0.9041666666666666,0.68125,0.9432411314848386,0.718829365079365,0.995508658008658,0.9422619047619047
2048,0.01,0.5,1.0,1.0,0.01648419460284939,0.06749265301779163,1.0,1.0,1.0,1.0,1.0,1.0,1.0,1.0,1.0,0.9540909090909091,0.013289841366465877,0.1668686557565197,1.0,0.9625,1.0,0.9166666666666666,1.0,0.9308134920634921,1.0,0.9946428571428573,1.0,0.9495454545454546,0.02329021411444323,0.1963640283730787,1.0,0.9737500000000001,1.0,0.8895833333333332,1.0,0.9190674603174603,1.0,0.9919642857142857,1.0,0.9470454545454545,0.04553380835326781,0.2212688314884085,1.0,0.95375,1.0,0.9020833333333332,1.0,0.919761904761905,1.0,0.9726190476190476
2048,0.01,1.0,1.0,1.0,0.01648419460284939,0.06749265301779163,1.0,1.0,1.0,1.0,1.0,1.0,1.0,1.0,1.0,0.9400000000000001,0.014100430801648795,0.17968857877017594,1.0,0.9400000000000001,1.0,0.9020833333333332,1.0,0.9092460317460317,1.0,0.9928571428571429,1.0,0.9495454545454546,0.02329021411444323,0.1963640283730787,1.0,0.9737500000000001,1.0,0.8895833333333332,1.0,0.9190674603174603,1.0,0.9919642857142857,1.0,0.9381818181818182,0.04350994683624221,0.21211709491584713,1.0,0.9425000000000001,1.0,0.8916666666666666,1.0,0.9062103174603175,1.0,0.9761904761904763
2048,0.02,0.1,1.0,1.0,0.01648419460284939,0.06749265301779163,1.0,1.0,1.0,1.0,1.0,1.0,1.0,1.0,1.0,0.9815909090909092,0.012221336010983071,0.10445235173338144,1.0,0.99,1.0,0.9604166666666666,1.0,0.9715873015873016,1.0,1.0,1.0,0.9495454545454546,0.02329021411444323,0.1963640283730787,1.0,0.9737500000000001,1.0,0.8895833333333332,1.0,0.9190674603174603,1.0,0.9919642857142857,0.9627604166666668,0.8359090909090909,0.14721752429117055,0.36735375668867826,0.9881818181818183,0.8516666666666666,0.9041666666666666,0.68125,0.9432411314848386,0.718829365079365,0.995508658008658,0.9422619047619047
2048,0.02,0.5,1.0,1.0,0.01648419460284939,0.06749265301779163,1.0,1.0,1.0,1.0,1.0,1.0,1.0,1.0,1.0,0.9540909090909091,0.013289841366465877,0.1668686557565197,1.0,0.9625,1.0,0.9166666666666666,1.0,0.9308134920634921,1.0,0.9946428571428573,1.0,0.9495454545454546,0.02329021411444323,0.1963640283730787,1.0,0.9737500000000001,1.0,0.8895833333333332,1.0,0.9190674603174603,1.0,0.9919642857142857,1.0,0.9470454545454545,0.04553380835326781,0.2212688314884085,1.0,0.95375,1.0,0.9020833333333332,1.0,0.919761904761905,1.0,0.9726190476190476
2048,0.02,1.0,1.0,1.0,0.01648419460284939,0.06749265301779163,1.0,1.0,1.0,1.0,1.0,1.0,1.0,1.0,1.0,0.9400000000000001,0.014100430801648795,0.17968857877017594,1.0,0.9400000000000001,1.0,0.9020833333333332,1.0,0.9092460317460317,1.0,0.9928571428571429,1.0,0.9495454545454546,0.02329021411444323,0.1963640283730787,1.0,0.9737500000000001,1.0,0.8895833333333332,1.0,0.9190674603174603,1.0,0.9919642857142857,1.0,0.9381818181818182,0.04350994683624221,0.21211709491584713,1.0,0.9425000000000001,1.0,0.8916666666666666,1.0,0.9062103174603175,1.0,0.9761904761904763
2048,0.05,0.1,1.0,1.0,0.01648419460284939,0.06749265301779163,1.0,1.0,1.0,1.0,1.0,1.0,1.0,1.0,1.0,0.9815909090909092,0.012221336010983071,0.10445235173338144,1.0,0.99,1.0,0.9604166666666666,1.0,0.9715873015873016,1.0,1.0,1.0,0.9495454545454546,0.02329021411444323,0.1963640283730787,1.0,0.9737500000000001,1.0,0.8895833333333332,1.0,0.9190674603174603,1.0,0.9919642857142857,0.9627604166666668,0.8359090909090909,0.14721752429117055,0.36735375668867826,0.9881818181818183,0.8516666666666666,0.9041666666666666,0.68125,0.9432411314848386,0.718829365079365,0.995508658008658,0.9422619047619047
2048,0.05,0.5,1.0,1.0,0.01648419460284939,0.06749265301779163,1.0,1.0,1.0,1.0,1.0,1.0,1.0,1.0,1.0,0.9540909090909091,0.013289841366465877,0.1668686557565197,1.0,0.9625,1.0,0.9166666666666666,1.0,0.9308134920634921,1.0,0.9946428571428573,1.0,0.9495454545454546,0.02329021411444323,0.1963640283730787,1.0,0.9737500000000001,1.0,0.8895833333333332,1.0,0.9190674603174603,1.0,0.9919642857142857,1.0,0.9470454545454545,0.04553380835326781,0.2212688314884085,1.0,0.95375,1.0,0.9020833333333332,1.0,0.919761904761905,1.0,0.9726190476190476
2048,0.05,1.0,1.0,1.0,0.01648419460284939,0.06749265301779163,1.0,1.0,1.0,1.0,1.0,1.0,1.0,1.0,1.0,0.9400000000000001,0.014100430801648795,0.17968857877017594,1.0,0.9400000000000001,1.0,0.9020833333333332,1.0,0.9092460317460317,1.0,0.9928571428571429,1.0,0.9495454545454546,0.02329021411444323,0.1963640283730787,1.0,0.9737500000000001,1.0,0.8895833333333332,1.0,0.9190674603174603,1.0,0.9919642857142857,1.0,0.9381818181818182,0.04350994683624221,0.21211709491584713,1.0,0.9425000000000001,1.0,0.8916666666666666,1.0,0.9062103174603175,1.0,0.9761904761904763
2048,0.1,0.1,1.0,1.0,0.01648419460284939,0.06749265301779163,1.0,1.0,1.0,1.0,1.0,1.0,1.0,1.0,1.0,0.9815909090909092,0.012221336010983071,0.10445235173338144,1.0,0.99,1.0,0.9604166666666666,1.0,0.9715873015873016,1.0,1.0,1.0,0.9495454545454546,0.02329021411444323,0.1963640283730787,1.0,0.9737500000000001,1.0,0.8895833333333332,1.0,0.9190674603174603,1.0,0.9919642857142857,0.9627604166666668,0.8359090909090909,0.14721752429117055,0.36735375668867826,0.9881818181818183,0.8516666666666666,0.9041666666666666,0.68125,0.9432411314848386,0.718829365079365,0.995508658008658,0.9422619047619047
2048,0.1,0.5,1.0,1.0,0.01648419460284939,0.06749265301779163,1.0,1.0,1.0,1.0,1.0,1.0,1.0,1.0,1.0,0.9540909090909091,0.013289841366465877,0.1668686557565197,1.0,0.9625,1.0,0.9166666666666666,1.0,0.9308134920634921,1.0,0.9946428571428573,1.0,0.9495454545454546,0.02329021411444323,0.1963640283730787,1.0,0.9737500000000001,1.0,0.8895833333333332,1.0,0.9190674603174603,1.0,0.9919642857142857,1.0,0.9470454545454545,0.04553380835326781,0.2212688314884085,1.0,0.95375,1.0,0.9020833333333332,1.0,0.919761904761905,1.0,0.9726190476190476
2048,0.1,1.0,1.0,1.0,0.01648419460284939,0.06749265301779163,1.0,1.0,1.0,1.0,1.0,1.0,1.0,1.0,1.0,0.9400000000000001,0.014100430801648795,0.17968857877017594,1.0,0.9400000000000001,1.0,0.9020833333333332,1.0,0.9092460317460317,1.0,0.9928571428571429,1.0,0.9495454545454546,0.02329021411444323,0.1963640283730787,1.0,0.9737500000000001,1.0,0.8895833333333332,1.0,0.9190674603174603,1.0,0.9919642857142857,1.0,0.9381818181818182,0.04350994683624221,0.21211709491584713,1.0,0.9425000000000001,1.0,0.8916666666666666,1.0,0.9062103174603175,1.0,0.9761904761904763
2048,0.2,0.1,1.0,1.0,0.01648419460284939,0.06749265301779163,1.0,1.0,1.0,1.0,1.0,1.0,1.0,1.0,1.0,0.9815909090909092,0.012221336010983071,0.10445235173338144,1.0,0.99,1.0,0.9604166666666666,1.0,0.9715873015873016,1.0,1.0,1.0,0.9495454545454546,0.02329021411444323,0.1963640283730787,1.0,0.9737500000000001,1.0,0.8895833333333332,1.0,0.9190674603174603,1.0,0.9919642857142857,0.9627604166666668,0.8359090909090909,0.14721752429117055,0.36735375668867826,0.9881818181818183,0.8516666666666666,0.9041666666666666,0.68125,0.9432411314848386,0.718829365079365,0.995508658008658,0.9422619047619047
2048,0.2,0.5,1.0,1.0,0.01648419460284939,0.06749265301779163,1.0,1.0,1.0,1.0,1.0,1.0,1.0,1.0,1.0,0.9540909090909091,0.013289841366465877,0.1668686557565197,1.0,0.9625,1.0,0.9166666666666666,1.0,0.9308134920634921,1.0,0.9946428571428573,1.0,0.9495454545454546,0.02329021411444323,0.1963640283730787,1.0,0.9737500000000001,1.0,0.8895833333333332,1.0,0.9190674603174603,1.0,0.9919642857142857,1.0,0.9470454545454545,0.04553380835326781,0.2212688314884085,1.0,0.95375,1.0,0.9020833333333332,1.0,0.919761904761905,1.0,0.9726190476190476
2048,0.2,1.0,1.0,1.0,0.01648419460284939,0.06749265301779163,1.0,1.0,1.0,1.0,1.0,1.0,1.0,1.0,1.0,0.9400000000000001,0.014100430801648795,0.17968857877017594,1.0,0.9400000000000001,1.0,0.9020833333333332,1.0,0.9092460317460317,1.0,0.9928571428571429,1.0,0.9495454545454546,0.02329021411444323,0.1963640283730787,1.0,0.9737500000000001,1.0,0.8895833333333332,1.0,0.9190674603174603,1.0,0.9919642857142857,1.0,0.9381818181818182,0.04350994683624221,0.21211709491584713,1.0,0.9425000000000001,1.0,0.8916666666666666,1.0,0.9062103174603175,1.0,0.9761904761904763
