n_genes,alpha,C,biased_rfe_train_acc,biased_rfe_val_acc,biased_rfe_train_loss,biased_rfe_val_loss,biased_rfe_train_precision,biased_rfe_val_precision,biased_rfe_train_recall,biased_rfe_val_recall,biased_rfe_train_f1_score,biased_rfe_val_f1_score,biased_rfe_train_roc_auc,biased_rfe_val_roc_auc,biased_lasso_train_acc,biased_lasso_val_acc,biased_lasso_train_loss,biased_lasso_val_loss,biased_lasso_train_precision,biased_lasso_val_precision,biased_lasso_train_recall,biased_lasso_val_recall,biased_lasso_train_f1_score,biased_lasso_val_f1_score,biased_lasso_train_roc_auc,biased_lasso_val_roc_auc,unbiased_rfe_train_acc,unbiased_rfe_val_acc,unbiased_rfe_train_loss,unbiased_rfe_val_loss,unbiased_rfe_train_precision,unbiased_rfe_val_precision,unbiased_rfe_train_recall,unbiased_rfe_val_recall,unbiased_rfe_train_f1_score,unbiased_rfe_val_f1_score,unbiased_rfe_train_roc_auc,unbiased_rfe_val_roc_auc,unbiased_lasso_train_acc,unbiased_lasso_val_acc,unbiased_lasso_train_loss,unbiased_lasso_val_loss,unbiased_lasso_train_precision,unbiased_lasso_val_precision,unbiased_lasso_train_recall,unbiased_lasso_val_recall,unbiased_lasso_train_f1_score,unbiased_lasso_val_f1_score,unbiased_lasso_train_roc_auc,unbiased_lasso_val_roc_auc
1,0.01,0.1,0.6837121212121212,0.6659090909090908,0.6323453824348341,0.7330092041997998,0.68125,0.2,0.10359848484848486,0.05208333333333333,0.17684752747252747,0.08249999999999999,0.5641143578643579,0.51875,1.0,0.9815909090909092,0.012221336010983071,0.10445235173338144,1.0,0.99,1.0,0.9604166666666666,1.0,0.9715873015873016,1.0,1.0,0.8497869318181817,0.7315909090909091,0.3446236932265676,0.5948003047099086,0.9066558441558442,0.682797619047619,0.6407196969696971,0.425,0.7390512377199683,0.49062049062049057,0.9073142135642136,0.7994047619047618,0.9627604166666668,0.8359090909090909,0.14721752429117055,0.36735375668867826,0.9881818181818183,0.8516666666666666,0.9041666666666666,0.68125,0.9432411314848386,0.718829365079365,0.995508658008658,0.9422619047619047
1,0.01,0.5,0.6837121212121212,0.6659090909090908,0.6323453824348341,0.7330092041997998,0.68125,0.2,0.10359848484848486,0.05208333333333333,0.17684752747252747,0.08249999999999999,0.5641143578643579,0.51875,1.0,0.9540909090909091,0.013289841366465877,0.1668686557565197,1.0,0.9625,1.0,0.9166666666666666,1.0,0.9308134920634921,1.0,0.9946428571428573,0.8497869318181817,0.7315909090909091,0.3446236932265676,0.5948003047099086,0.9066558441558442,0.682797619047619,0.6407196969696971,0.425,0.7390512377199683,0.49062049062049057,0.9073142135642136,0.7994047619047618,1.0,0.9470454545454545,0.04553380835326781,0.2212688314884085,1.0,0.95375,1.0,0.9020833333333332,1.0,0.919761904761905,1.0,0.9726190476190476
1,0.01,1.0,0.6837121212121212,0.6659090909090908,0.6323453824348341,0.7330092041997998,0.68125,0.2,0.10359848484848486,0.05208333333333333,0.17684752747252747,0.08249999999999999,0.5641143578643579,0.51875,1.0,0.9400000000000001,0.014100430801648795,0.17968857877017594,1.0,0.9400000000000001,1.0,0.9020833333333332,1.0,0.9092460317460317,1.0,0.9928571428571429,0.8497869318181817,0.7315909090909091,0.3446236932265676,0.5948003047099086,0.9066558441558442,0.682797619047619,0.6407196969696971,0.425,0.7390512377199683,0.49062049062049057,0.9073142135642136,0.7994047619047618,1.0,0.9381818181818182,0.04350994683624221,0.21211709491584713,1.0,0.9425000000000001,1.0,0.8916666666666666,1.0,0.9062103174603175,1.0,0.9761904761904763
1,0.02,0.1,0.6837121212121212,0.6659090909090908,0.6323453824348341,0.7330092041997998,0.68125,0.2,0.10359848484848486,0.05208333333333333,0.17684752747252747,0.08249999999999999,0.5641143578643579,0.51875,1.0,0.9815909090909092,0.012221336010983071,0.10445235173338144,1.0,0.99,1.0,0.9604166666666666,1.0,0.9715873015873016,1.0,1.0,0.8497869318181817,0.7315909090909091,0.3446236932265676,0.5948003047099086,0.9066558441558442,0.682797619047619,0.6407196969696971,0.425,0.7390512377199683,0.49062049062049057,0.9073142135642136,0.7994047619047618,0.9627604166666668,0.8359090909090909,0.14721752429117055,0.36735375668867826,0.9881818181818183,0.8516666666666666,0.9041666666666666,0.68125,0.9432411314848386,0.718829365079365,0.995508658008658,0.9422619047619047
1,0.02,0.5,0.6837121212121212,0.6659090909090908,0.6323453824348341,0.7330092041997998,0.68125,0.2,0.10359848484848486,0.05208333333333333,0.17684752747252747,0.08249999999999999,0.5641143578643579,0.51875,1.0,0.9540909090909091,0.013289841366465877,0.1668686557565197,1.0,0.9625,1.0,0.9166666666666666,1.0,0.9308134920634921,1.0,0.9946428571428573,0.8497869318181817,0.7315909090909091,0.3446236932265676,0.5948003047099086,0.9066558441558442,0.682797619047619,0.6407196969696971,0.425,0.7390512377199683,0.49062049062049057,0.9073142135642136,0.7994047619047618,1.0,0.9470454545454545,0.04553380835326781,0.2212688314884085,1.0,0.95375,1.0,0.9020833333333332,1.0,0.919761904761905,1.0,0.9726190476190476
1,0.02,1.0,0.6837121212121212,0.6659090909090908,0.6323453824348341,0.7330092041997998,0.68125,0.2,0.10359848484848486,0.05208333333333333,0.17684752747252747,0.08249999999999999,0.5641143578643579,0.51875,1.0,0.9400000000000001,0.014100430801648795,0.17968857877017594,1.0,0.9400000000000001,1.0,0.9020833333333332,1.0,0.9092460317460317,1.0,0.9928571428571429,0.8497869318181817,0.7315909090909091,0.3446236932265676,0.5948003047099086,0.9066558441558442,0.682797619047619,0.6407196969696971,0.425,0.7390512377199683,0.49062049062049057,0.9073142135642136,0.7994047619047618,1.0,0.9381818181818182,0.04350994683624221,0.21211709491584713,1.0,0.9425000000000001,1.0,0.8916666666666666,1.0,0.9062103174603175,1.0,0.9761904761904763
1,0.05,0.1,0.6837121212121212,0.6659090909090908,0.6323453824348341,0.7330092041997998,0.68125,0.2,0.10359848484848486,0.05208333333333333,0.17684752747252747,0.08249999999999999,0.5641143578643579,0.51875,1.0,0.9815909090909092,0.012221336010983071,0.10445235173338144,1.0,0.99,1.0,0.9604166666666666,1.0,0.9715873015873016,1.0,1.0,0.8497869318181817,0.7315909090909091,0.3446236932265676,0.5948003047099086,0.9066558441558442,0.682797619047619,0.6407196969696971,0.425,0.7390512377199683,0.49062049062049057,0.9073142135642136,0.7994047619047618,0.9627604166666668,0.8359090909090909,0.14721752429117055,0.36735375668867826,0.9881818181818183,0.8516666666666666,0.9041666666666666,0.68125,0.9432411314848386,0.718829365079365,0.995508658008658,0.9422619047619047
1,0.05,0.5,0.6837121212121212,0.6659090909090908,0.6323453824348341,0.7330092041997998,0.68125,0.2,0.10359848484848486,0.05208333333333333,0.17684752747252747,0.08249999999999999,0.5641143578643579,0.51875,1.0,0.9540909090909091,0.013289841366465877,0.1668686557565197,1.0,0.9625,1.0,0.9166666666666666,1.0,0.9308134920634921,1.0,0.9946428571428573,0.8497869318181817,0.7315909090909091,0.3446236932265676,0.5948003047099086,0.9066558441558442,0.682797619047619,0.6407196969696971,0.425,0.7390512377199683,0.49062049062049057,0.9073142135642136,0.7994047619047618,1.0,0.9470454545454545,0.04553380835326781,0.2212688314884085,1.0,0.95375,1.0,0.9020833333333332,1.0,0.919761904761905,1.0,0.9726190476190476
1,0.05,1.0,0.6837121212121212,0.6659090909090908,0.6323453824348341,0.7330092041997998,0.68125,0.2,0.10359848484848486,0.05208333333333333,0.17684752747252747,0.08249999999999999,0.5641143578643579,0.51875,1.0,0.9400000000000001,0.014100430801648795,0.17968857877017594,1.0,0.9400000000000001,1.0,0.9020833333333332,1.0,0.9092460317460317,1.0,0.9928571428571429,0.8497869318181817,0.7315909090909091,0.3446236932265676,0.5948003047099086,0.9066558441558442,0.682797619047619,0.6407196969696971,0.425,0.7390512377199683,0.49062049062049057,0.9073142135642136,0.7994047619047618,1.0,0.9381818181818182,0.04350994683624221,0.21211709491584713,1.0,0.9425000000000001,1.0,0.8916666666666666,1.0,0.9062103174603175,1.0,0.9761904761904763
1,0.1,0.1,0.6837121212121212,0.6659090909090908,0.6323453824348341,0.7330092041997998,0.68125,0.2,0.10359848484848486,0.05208333333333333,0.17684752747252747,0.08249999999999999,0.5641143578643579,0.51875,1.0,0.9815909090909092,0.012221336010983071,0.10445235173338144,1.0,0.99,1.0,0.9604166666666666,1.0,0.9715873015873016,1.0,1.0,0.8497869318181817,0.7315909090909091,0.3446236932265676,0.5948003047099086,0.9066558441558442,0.682797619047619,0.6407196969696971,0.425,0.7390512377199683,0.49062049062049057,0.9073142135642136,0.7994047619047618,0.9627604166666668,0.8359090909090909,0.14721752429117055,0.36735375668867826,0.9881818181818183,0.8516666666666666,0.9041666666666666,0.68125,0.9432411314848386,0.718829365079365,0.995508658008658,0.9422619047619047
1,0.1,0.5,0.6837121212121212,0.6659090909090908,0.6323453824348341,0.7330092041997998,0.68125,0.2,0.10359848484848486,0.05208333333333333,0.17684752747252747,0.08249999999999999,0.5641143578643579,0.51875,1.0,0.9540909090909091,0.013289841366465877,0.1668686557565197,1.0,0.9625,1.0,0.9166666666666666,1.0,0.9308134920634921,1.0,0.9946428571428573,0.8497869318181817,0.7315909090909091,0.3446236932265676,0.5948003047099086,0.9066558441558442,0.682797619047619,0.6407196969696971,0.425,0.7390512377199683,0.49062049062049057,0.9073142135642136,0.7994047619047618,1.0,0.9470454545454545,0.04553380835326781,0.2212688314884085,1.0,0.95375,1.0,0.9020833333333332,1.0,0.919761904761905,1.0,0.9726190476190476
1,0.1,1.0,0.6837121212121212,0.6659090909090908,0.6323453824348341,0.7330092041997998,0.68125,0.2,0.10359848484848486,0.05208333333333333,0.17684752747252747,0.08249999999999999,0.5641143578643579,0.51875,1.0,0.9400000000000001,0.014100430801648795,0.17968857877017594,1.0,0.9400000000000001,1.0,0.9020833333333332,1.0,0.9092460317460317,1.0,0.9928571428571429,0.8497869318181817,0.7315909090909091,0.3446236932265676,0.5948003047099086,0.9066558441558442,0.682797619047619,0.6407196969696971,0.425,0.7390512377199683,0.49062049062049057,0.9073142135642136,0.7994047619047618,1.0,0.9381818181818182,0.04350994683624221,0.21211709491584713,1.0,0.9425000000000001,1.0,0.8916666666666666,1.0,0.9062103174603175,1.0,0.9761904761904763
1,0.2,0.1,0.6837121212121212,0.6659090909090908,0.6323453824348341,0.7330092041997998,0.68125,0.2,0.10359848484848486,0.05208333333333333,0.17684752747252747,0.08249999999999999,0.5641143578643579,0.51875,1.0,0.9815909090909092,0.012221336010983071,0.10445235173338144,1.0,0.99,1.0,0.9604166666666666,1.0,0.9715873015873016,1.0,1.0,0.8497869318181817,0.7315909090909091,0.3446236932265676,0.5948003047099086,0.9066558441558442,0.682797619047619,0.6407196969696971,0.425,0.7390512377199683,0.49062049062049057,0.9073142135642136,0.7994047619047618,0.9627604166666668,0.8359090909090909,0.14721752429117055,0.36735375668867826,0.9881818181818183,0.8516666666666666,0.9041666666666666,0.68125,0.9432411314848386,0.718829365079365,0.995508658008658,0.9422619047619047
1,0.2,0.5,0.6837121212121212,0.6659090909090908,0.6323453824348341,0.7330092041997998,0.68125,0.2,0.10359848484848486,0.05208333333333333,0.17684752747252747,0.08249999999999999,0.5641143578643579,0.51875,1.0,0.9540909090909091,0.013289841366465877,0.1668686557565197,1.0,0.9625,1.0,0.9166666666666666,1.0,0.9308134920634921,1.0,0.9946428571428573,0.8497869318181817,0.7315909090909091,0.3446236932265676,0.5948003047099086,0.9066558441558442,0.682797619047619,0.6407196969696971,0.425,0.7390512377199683,0.49062049062049057,0.9073142135642136,0.7994047619047618,1.0,0.9470454545454545,0.04553380835326781,0.2212688314884085,1.0,0.95375,1.0,0.9020833333333332,1.0,0.919761904761905,1.0,0.9726190476190476
1,0.2,1.0,0.6837121212121212,0.6659090909090908,0.6323453824348341,0.7330092041997998,0.68125,0.2,0.10359848484848486,0.05208333333333333,0.17684752747252747,0.08249999999999999,0.5641143578643579,0.51875,1.0,0.9400000000000001,0.014100430801648795,0.17968857877017594,1.0,0.9400000000000001,1.0,0.9020833333333332,1.0,0.9092460317460317,1.0,0.9928571428571429,0.8497869318181817,0.7315909090909091,0.3446236932265676,0.5948003047099086,0.9066558441558442,0.682797619047619,0.6407196969696971,0.425,0.7390512377199683,0.49062049062049057,0.9073142135642136,0.7994047619047618,1.0,0.9381818181818182,0.04350994683624221,0.21211709491584713,1.0,0.9425000000000001,1.0,0.8916666666666666,1.0,0.9062103174603175,1.0,0.9761904761904763
2,0.01,0.1,0.8611505681818181,0.7990909090909091,0.4235431502830753,0.48956049135487234,0.9571690115440117,0.7647023809523809,0.6363636363636364,0.5208333333333333,0.7520814254208721,0.5934199134199133,0.8801136363636364,0.8303571428571429,1.0,0.9815909090909092,0.012221336010983071,0.10445235173338144,1.0,0.99,1.0,0.9604166666666666,1.0,0.9715873015873016,1.0,1.0,0.9325520833333332,0.7693181818181818,0.2069009970349991,0.536764007034693,0.9714427933177934,0.7316666666666667,0.8327651515151515,0.5541666666666666,0.8912465798884563,0.5900000000000001,0.9800414862914864,0.8366071428571429,0.9627604166666668,0.8359090909090909,0.14721752429117055,0.36735375668867826,0.9881818181818183,0.8516666666666666,0.9041666666666666,0.68125,0.9432411314848386,0.718829365079365,0.995508658008658,0.9422619047619047
2,0.01,0.5,0.8611505681818181,0.7990909090909091,0.4235431502830753,0.48956049135487234,0.9571690115440117,0.7647023809523809,0.6363636363636364,0.5208333333333333,0.7520814254208721,0.5934199134199133,0.8801136363636364,0.8303571428571429,1.0,0.9540909090909091,0.013289841366465877,0.1668686557565197,1.0,0.9625,1.0,0.9166666666666666,1.0,0.9308134920634921,1.0,0.9946428571428573,0.9325520833333332,0.7693181818181818,0.2069009970349991,0.536764007034693,0.9714427933177934,0.7316666666666667,0.8327651515151515,0.5541666666666666,0.8912465798884563,0.5900000000000001,0.9800414862914864,0.8366071428571429,1.0,0.9470454545454545,0.04553380835326781,0.2212688314884085,1.0,0.95375,1.0,0.9020833333333332,1.0,0.919761904761905,1.0,0.9726190476190476
2,0.01,1.0,0.8611505681818181,0.7990909090909091,0.4235431502830753,0.48956049135487234,0.9571690115440117,0.7647023809523809,0.6363636363636364,0.5208333333333333,0.7520814254208721,0.5934199134199133,0.8801136363636364,0.8303571428571429,1.0,0.9400000000000001,0.014100430801648795,0.17968857877017594,1.0,0.9400000000000001,1.0,0.9020833333333332,1.0,0.9092460317460317,1.0,0.9928571428571429,0.9325520833333332,0.7693181818181818,0.2069009970349991,0.536764007034693,0.9714427933177934,0.7316666666666667,0.8327651515151515,0.5541666666666666,0.8912465798884563,0.5900000000000001,0.9800414862914864,0.8366071428571429,1.0,0.9381818181818182,0.04350994683624221,0.21211709491584713,1.0,0.9425000000000001,1.0,0.8916666666666666,1.0,0.9062103174603175,1.0,0.9761904761904763
2,0.02,0.1,0.8611505681818181,0.7990909090909091,0.4235431502830753,0.48956049135487234,0.9571690115440117,0.7647023809523809,0.6363636363636364,0.5208333333333333,0.7520814254208721,0.5934199134199133,0.8801136363636364,0.8303571428571429,1.0,0.9815909090909092,0.012221336010983071,0.10445235173338144,1.0,0.99,1.0,0.9604166666666666,1.0,0.9715873015873016,1.0,1.0,0.9325520833333332,0.7693181818181818,0.2069009970349991,0.536764007034693,0.9714427933177934,0.7316666666666667,0.8327651515151515,0.5541666666666666,0.8912465798884563,0.5900000000000001,0.9800414862914864,0.8366071428571429,0.9627604166666668,0.8359090909090909,0.14721752429117055,0.36735375668867826,0.9881818181818183,0.8516666666666666,0.9041666666666666,0.68125,0.9432411314848386,0.718829365079365,0.995508658008658,0.9422619047619047
2,0.02,0.5,0.8611505681818181,0.7990909090909091,0.4235431502830753,0.48956049135487234,0.9571690115440117,0.7647023809523809,0.6363636363636364,0.5208333333333333,0.7520814254208721,0.5934199134199133,0.8801136363636364,0.8303571428571429,1.0,0.9540909090909091,0.013289841366465877,0.1668686557565197,1.0,0.9625,1.0,0.9166666666666666,1.0,0.9308134920634921,1.0,0.9946428571428573,0.9325520833333332,0.7693181818181818,0.2069009970349991,0.536764007034693,0.9714427933177934,0.7316666666666667,0.8327651515151515,0.5541666666666666,0.8912465798884563,0.5900000000000001,0.9800414862914864,0.8366071428571429,1.0,0.9470454545454545,0.04553380835326781,0.2212688314884085,1.0,0.95375,1.0,0.9020833333333332,1.0,0.919761904761905,1.0,0.9726190476190476
2,0.02,1.0,0.8611505681818181,0.7990909090909091,0.4235431502830753,0.48956049135487234,0.9571690115440117,0.7647023809523809,0.6363636363636364,0.5208333333333333,0.7520814254208721,0.5934199134199133,0.8801136363636364,0.8303571428571429,1.0,0.9400000000000001,0.014100430801648795,0.17968857877017594,1.0,0.9400000000000001,1.0,0.9020833333333332,1.0,0.9092460317460317,1.0,0.9928571428571429,0.9325520833333332,0.7693181818181818,0.2069009970349991,0.536764007034693,0.9714427933177934,0.7316666666666667,0.8327651515151515,0.5541666666666666,0.8912465798884563,0.5900000000000001,0.9800414862914864,0.8366071428571429,1.0,0.9381818181818182,0.04350994683624221,0.21211709491584713,1.0,0.9425000000000001,1.0,0.8916666666666666,1.0,0.9062103174603175,1.0,0.9761904761904763
2,0.05,0.1,0.8611505681818181,0.7990909090909091,0.4235431502830753,0.48956049135487234,0.9571690115440117,0.7647023809523809,0.6363636363636364,0.5208333333333333,0.7520814254208721,0.5934199134199133,0.8801136363636364,0.8303571428571429,1.0,0.9815909090909092,0.012221336010983071,0.10445235173338144,1.0,0.99,1.0,0.9604166666666666,1.0,0.9715873015873016,1.0,1.0,0.9325520833333332,0.7693181818181818,0.2069009970349991,0.536764007034693,0.9714427933177934,0.7316666666666667,0.8327651515151515,0.5541666666666666,0.8912465798884563,0.5900000000000001,0.9800414862914864,0.8366071428571429,0.9627604166666668,0.8359090909090909,0.14721752429117055,0.36735375668867826,0.9881818181818183,0.8516666666666666,0.9041666666666666,0.68125,0.9432411314848386,0.718829365079365,0.995508658008658,0.9422619047619047
2,0.05,0.5,0.8611505681818181,0.7990909090909091,0.4235431502830753,0.48956049135487234,0.9571690115440117,0.7647023809523809,0.6363636363636364,0.5208333333333333,0.7520814254208721,0.5934199134199133,0.8801136363636364,0.8303571428571429,1.0,0.9540909090909091,0.013289841366465877,0.1668686557565197,1.0,0.9625,1.0,0.9166666666666666,1.0,0.9308134920634921,1.0,0.9946428571428573,0.9325520833333332,0.7693181818181818,0.2069009970349991,0.536764007034693,0.9714427933177934,0.7316666666666667,0.8327651515151515,0.5541666666666666,0.8912465798884563,0.5900000000000001,0.9800414862914864,0.8366071428571429,1.0,0.9470454545454545,0.04553380835326781,0.2212688314884085,1.0,0.95375,1.0,0.9020833333333332,1.0,0.919761904761905,1.0,0.9726190476190476
2,0.05,1.0,0.8611505681818181,0.7990909090909091,0.4235431502830753,0.48956049135487234,0.9571690115440117,0.7647023809523809,0.6363636363636364,0.5208333333333333,0.7520814254208721,0.5934199134199133,0.8801136363636364,0.8303571428571429,1.0,0.9400000000000001,0.014100430801648795,0.17968857877017594,1.0,0.9400000000000001,1.0,0.9020833333333332,1.0,0.9092460317460317,1.0,0.9928571428571429,0.9325520833333332,0.7693181818181818,0.2069009970349991,0.536764007034693,0.9714427933177934,0.7316666666666667,0.8327651515151515,0.5541666666666666,0.8912465798884563,0.5900000000000001,0.9800414862914864,0.8366071428571429,1.0,0.9381818181818182,0.04350994683624221,0.21211709491584713,1.0,0.9425000000000001,1.0,0.8916666666666666,1.0,0.9062103174603175,1.0,0.9761904761904763
2,0.1,0.1,0.8611505681818181,0.7990909090909091,0.4235431502830753,0.48956049135487234,0.9571690115440117,0.7647023809523809,0.6363636363636364,0.5208333333333333,0.7520814254208721,0.5934199134199133,0.8801136363636364,0.8303571428571429,1.0,0.9815909090909092,0.012221336010983071,0.10445235173338144,1.0,0.99,1.0,0.9604166666666666,1.0,0.9715873015873016,1.0,1.0,0.9325520833333332,0.7693181818181818,0.2069009970349991,0.536764007034693,0.9714427933177934,0.7316666666666667,0.8327651515151515,0.5541666666666666,0.8912465798884563,0.5900000000000001,0.9800414862914864,0.8366071428571429,0.9627604166666668,0.8359090909090909,0.14721752429117055,0.36735375668867826,0.9881818181818183,0.8516666666666666,0.9041666666666666,0.68125,0.9432411314848386,0.718829365079365,0.995508658008658,0.9422619047619047
2,0.1,0.5,0.8611505681818181,0.7990909090909091,0.4235431502830753,0.48956049135487234,0.9571690115440117,0.7647023809523809,0.6363636363636364,0.5208333333333333,0.7520814254208721,0.5934199134199133,0.8801136363636364,0.8303571428571429,1.0,0.9540909090909091,0.013289841366465877,0.1668686557565197,1.0,0.9625,1.0,0.9166666666666666,1.0,0.9308134920634921,1.0,0.9946428571428573,0.9325520833333332,0.7693181818181818,0.2069009970349991,0.536764007034693,0.9714427933177934,0.7316666666666667,0.8327651515151515,0.5541666666666666,0.8912465798884563,0.5900000000000001,0.9800414862914864,0.8366071428571429,1.0,0.9470454545454545,0.04553380835326781,0.2212688314884085,1.0,0.95375,1.0,0.9020833333333332,1.0,0.919761904761905,1.0,0.9726190476190476
2,0.1,1.0,0.8611505681818181,0.7990909090909091,0.4235431502830753,0.48956049135487234,0.9571690115440117,0.7647023809523809,0.6363636363636364,0.5208333333333333,0.7520814254208721,0.5934199134199133,0.8801136363636364,0.8303571428571429,1.0,0.9400000000000001,0.014100430801648795,0.17968857877017594,1.0,0.9400000000000001,1.0,0.9020833333333332,1.0,0.9092460317460317,1.0,0.9928571428571429,0.9325520833333332,0.7693181818181818,0.2069009970349991,0.536764007034693,0.9714427933177934,0.7316666666666667,0.8327651515151515,0.5541666666666666,0.8912465798884563,0.5900000000000001,0.9800414862914864,0.8366071428571429,1.0,0.9381818181818182,0.04350994683624221,0.21211709491584713,1.0,0.9425000000000001,1.0,0.8916666666666666,1.0,0.9062103174603175,1.0,0.9761904761904763
2,0.2,0.1,0.8611505681818181,0.7990909090909091,0.4235431502830753,0.48956049135487234,0.9571690115440117,0.7647023809523809,0.6363636363636364,0.5208333333333333,0.7520814254208721,0.5934199134199133,0.8801136363636364,0.8303571428571429,1.0,0.9815909090909092,0.012221336010983071,0.10445235173338144,1.0,0.99,1.0,0.9604166666666666,1.0,0.9715873015873016,1.0,1.0,0.9325520833333332,0.7693181818181818,0.2069009970349991,0.536764007034693,0.9714427933177934,0.7316666666666667,0.8327651515151515,0.5541666666666666,0.8912465798884563,0.5900000000000001,0.9800414862914864,0.8366071428571429,0.9627604166666668,0.8359090909090909,0.14721752429117055,0.36735375668867826,0.9881818181818183,0.8516666666666666,0.9041666666666666,0.68125,0.9432411314848386,0.718829365079365,0.995508658008658,0.9422619047619047
2,0.2,0.5,0.8611505681818181,0.7990909090909091,0.4235431502830753,0.48956049135487234,0.9571690115440117,0.7647023809523809,0.6363636363636364,0.5208333333333333,0.7520814254208721,0.5934199134199133,0.8801136363636364,0.8303571428571429,1.0,0.9540909090909091,0.013289841366465877,0.1668686557565197,1.0,0.9625,1.0,0.9166666666666666,1.0,0.9308134920634921,1.0,0.9946428571428573,0.9325520833333332,0.7693181818181818,0.2069009970349991,0.536764007034693,0.9714427933177934,0.7316666666666667,0.8327651515151515,0.5541666666666666,0.8912465798884563,0.5900000000000001,0.9800414862914864,0.8366071428571429,1.0,0.9470454545454545,0.04553380835326781,0.2212688314884085,1.0,0.95375,1.0,0.9020833333333332,1.0,0.919761904761905,1.0,0.9726190476190476
2,0.2,1.0,0.8611505681818181,0.7990909090909091,0.4235431502830753,0.48956049135487234,0.9571690115440117,0.7647023809523809,0.6363636363636364,0.5208333333333333,0.7520814254208721,0.5934199134199133,0.8801136363636364,0.8303571428571429,1.0,0.9400000000000001,0.014100430801648795,0.17968857877017594,1.0,0.9400000000000001,1.0,0.9020833333333332,1.0,0.9092460317460317,1.0,0.9928571428571429,0.9325520833333332,0.7693181818181818,0.2069009970349991,0.536764007034693,0.9714427933177934,0.7316666666666667,0.8327651515151515,0.5541666666666666,0.8912465798884563,0.5900000000000001,0.9800414862914864,0.8366071428571429,1.0,0.9381818181818182,0.04350994683624221,0.21211709491584713,1.0,0.9425000000000001,1.0,0.8916666666666666,1.0,0.9062103174603175,1.0,0.9761904761904763
3,0.01,0.1,0.8977035984848485,0.8724999999999999,0.23056336100490152,0.27454555459092844,0.9974999999999999,0.9949999999999999,0.7089015151515152,0.6395833333333334,0.8270079610791685,0.7557936507936507,0.9956349206349205,0.9851190476190477,1.0,0.9815909090909092,0.012221336010983071,0.10445235173338144,1.0,0.99,1.0,0.9604166666666666,1.0,0.9715873015873016,1.0,1.0,0.9675426136363636,0.7925,0.1425240927122717,0.49006810590681066,0.9887208624708623,0.7525,0.9185606060606062,0.5979166666666667,0.9500366578501589,0.6367261904761905,0.9972132034632034,0.8654761904761905,0.9627604166666668,0.8359090909090909,0.14721752429117055,0.36735375668867826,0.9881818181818183,0.8516666666666666,0.9041666666666666,0.68125,0.9432411314848386,0.718829365079365,0.995508658008658,0.9422619047619047
3,0.01,0.5,0.8977035984848485,0.8724999999999999,0.23056336100490152,0.27454555459092844,0.9974999999999999,0.9949999999999999,0.7089015151515152,0.6395833333333334,0.8270079610791685,0.7557936507936507,0.9956349206349205,0.9851190476190477,1.0,0.9540909090909091,0.013289841366465877,0.1668686557565197,1.0,0.9625,1.0,0.9166666666666666,1.0,0.9308134920634921,1.0,0.9946428571428573,0.9675426136363636,0.7925,0.1425240927122717,0.49006810590681066,0.9887208624708623,0.7525,0.9185606060606062,0.5979166666666667,0.9500366578501589,0.6367261904761905,0.9972132034632034,0.8654761904761905,1.0,0.9470454545454545,0.04553380835326781,0.2212688314884085,1.0,0.95375,1.0,0.9020833333333332,1.0,0.919761904761905,1.0,0.9726190476190476
3,0.01,1.0,0.8977035984848485,0.8724999999999999,0.23056336100490152,0.27454555459092844,0.9974999999999999,0.9949999999999999,0.7089015151515152,0.6395833333333334,0.8270079610791685,0.7557936507936507,0.9956349206349205,0.9851190476190477,1.0,0.9400000000000001,0.014100430801648795,0.17968857877017594,1.0,0.9400000000000001,1.0,0.9020833333333332,1.0,0.9092460317460317,1.0,0.9928571428571429,0.9675426136363636,0.7925,0.1425240927122717,0.49006810590681066,0.9887208624708623,0.7525,0.9185606060606062,0.5979166666666667,0.9500366578501589,0.6367261904761905,0.9972132034632034,0.8654761904761905,1.0,0.9381818181818182,0.04350994683624221,0.21211709491584713,1.0,0.9425000000000001,1.0,0.8916666666666666,1.0,0.9062103174603175,1.0,0.9761904761904763
3,0.02,0.1,0.8977035984848485,0.8724999999999999,0.23056336100490152,0.27454555459092844,0.9974999999999999,0.9949999999999999,0.7089015151515152,0.6395833333333334,0.8270079610791685,0.7557936507936507,0.9956349206349205,0.9851190476190477,1.0,0.9815909090909092,0.012221336010983071,0.10445235173338144,1.0,0.99,1.0,0.9604166666666666,1.0,0.9715873015873016,1.0,1.0,0.9675426136363636,0.7925,0.1425240927122717,0.49006810590681066,0.9887208624708623,0.7525,0.9185606060606062,0.5979166666666667,0.9500366578501589,0.6367261904761905,0.9972132034632034,0.8654761904761905,0.9627604166666668,0.8359090909090909,0.14721752429117055,0.36735375668867826,0.9881818181818183,0.8516666666666666,0.9041666666666666,0.68125,0.9432411314848386,0.718829365079365,0.995508658008658,0.9422619047619047
3,0.02,0.5,0.8977035984848485,0.8724999999999999,0.23056336100490152,0.27454555459092844,0.9974999999999999,0.9949999999999999,0.7089015151515152,0.6395833333333334,0.8270079610791685,0.7557936507936507,0.9956349206349205,0.9851190476190477,1.0,0.9540909090909091,0.013289841366465877,0.1668686557565197,1.0,0.9625,1.0,0.9166666666666666,1.0,0.9308134920634921,1.0,0.9946428571428573,0.9675426136363636,0.7925,0.1425240927122717,0.49006810590681066,0.9887208624708623,0.7525,0.9185606060606062,0.5979166666666667,0.9500366578501589,0.6367261904761905,0.9972132034632034,0.8654761904761905,1.0,0.9470454545454545,0.04553380835326781,0.2212688314884085,1.0,0.95375,1.0,0.9020833333333332,1.0,0.919761904761905,1.0,0.9726190476190476
3,0.02,1.0,0.8977035984848485,0.8724999999999999,0.23056336100490152,0.27454555459092844,0.9974999999999999,0.9949999999999999,0.7089015151515152,0.6395833333333334,0.8270079610791685,0.7557936507936507,0.9956349206349205,0.9851190476190477,1.0,0.9400000000000001,0.014100430801648795,0.17968857877017594,1.0,0.9400000000000001,1.0,0.9020833333333332,1.0,0.9092460317460317,1.0,0.9928571428571429,0.9675426136363636,0.7925,0.1425240927122717,0.49006810590681066,0.9887208624708623,0.7525,0.9185606060606062,0.5979166666666667,0.9500366578501589,0.6367261904761905,0.9972132034632034,0.8654761904761905,1.0,0.9381818181818182,0.04350994683624221,0.21211709491584713,1.0,0.9425000000000001,1.0,0.8916666666666666,1.0,0.9062103174603175,1.0,0.9761904761904763
3,0.05,0.1,0.8977035984848485,0.8724999999999999,0.23056336100490152,0.27454555459092844,0.9974999999999999,0.9949999999999999,0.7089015151515152,0.6395833333333334,0.8270079610791685,0.7557936507936507,0.9956349206349205,0.9851190476190477,1.0,0.9815909090909092,0.012221336010983071,0.10445235173338144,1.0,0.99,1.0,0.9604166666666666,1.0,0.9715873015873016,1.0,1.0,0.9675426136363636,0.7925,0.1425240927122717,0.49006810590681066,0.9887208624708623,0.7525,0.9185606060606062,0.5979166666666667,0.9500366578501589,0.6367261904761905,0.9972132034632034,0.8654761904761905,0.9627604166666668,0.8359090909090909,0.14721752429117055,0.36735375668867826,0.9881818181818183,0.8516666666666666,0.9041666666666666,0.68125,0.9432411314848386,0.718829365079365,0.995508658008658,0.9422619047619047
3,0.05,0.5,0.8977035984848485,0.8724999999999999,0.23056336100490152,0.27454555459092844,0.9974999999999999,0.9949999999999999,0.7089015151515152,0.6395833333333334,0.8270079610791685,0.7557936507936507,0.9956349206349205,0.9851190476190477,1.0,0.9540909090909091,0.013289841366465877,0.1668686557565197,1.0,0.9625,1.0,0.9166666666666666,1.0,0.9308134920634921,1.0,0.9946428571428573,0.9675426136363636,0.7925,0.1425240927122717,0.49006810590681066,0.9887208624708623,0.7525,0.9185606060606062,0.5979166666666667,0.9500366578501589,0.6367261904761905,0.9972132034632034,0.8654761904761905,1.0,0.9470454545454545,0.04553380835326781,0.2212688314884085,1.0,0.95375,1.0,0.9020833333333332,1.0,0.919761904761905,1.0,0.9726190476190476
3,0.05,1.0,0.8977035984848485,0.8724999999999999,0.23056336100490152,0.27454555459092844,0.9974999999999999,0.9949999999999999,0.7089015151515152,0.6395833333333334,0.8270079610791685,0.7557936507936507,0.9956349206349205,0.9851190476190477,1.0,0.9400000000000001,0.014100430801648795,0.17968857877017594,1.0,0.9400000000000001,1.0,0.9020833333333332,1.0,0.9092460317460317,1.0,0.9928571428571429,0.9675426136363636,0.7925,0.1425240927122717,0.49006810590681066,0.9887208624708623,0.7525,0.9185606060606062,0.5979166666666667,0.9500366578501589,0.6367261904761905,0.9972132034632034,0.8654761904761905,1.0,0.9381818181818182,0.04350994683624221,0.21211709491584713,1.0,0.9425000000000001,1.0,0.8916666666666666,1.0,0.9062103174603175,1.0,0.9761904761904763
3,0.1,0.1,0.8977035984848485,0.8724999999999999,0.23056336100490152,0.27454555459092844,0.9974999999999999,0.9949999999999999,0.7089015151515152,0.6395833333333334,0.8270079610791685,0.7557936507936507,0.9956349206349205,0.9851190476190477,1.0,0.9815909090909092,0.012221336010983071,0.10445235173338144,1.0,0.99,1.0,0.9604166666666666,1.0,0.9715873015873016,1.0,1.0,0.9675426136363636,0.7925,0.1425240927122717,0.49006810590681066,0.9887208624708623,0.7525,0.9185606060606062,0.5979166666666667,0.9500366578501589,0.6367261904761905,0.9972132034632034,0.8654761904761905,0.9627604166666668,0.8359090909090909,0.14721752429117055,0.36735375668867826,0.9881818181818183,0.8516666666666666,0.9041666666666666,0.68125,0.9432411314848386,0.718829365079365,0.995508658008658,0.9422619047619047
3,0.1,0.5,0.8977035984848485,0.8724999999999999,0.23056336100490152,0.27454555459092844,0.9974999999999999,0.9949999999999999,0.7089015151515152,0.6395833333333334,0.8270079610791685,0.7557936507936507,0.9956349206349205,0.9851190476190477,1.0,0.9540909090909091,0.013289841366465877,0.1668686557565197,1.0,0.9625,1.0,0.9166666666666666,1.0,0.9308134920634921,1.0,0.9946428571428573,0.9675426136363636,0.7925,0.1425240927122717,0.49006810590681066,0.9887208624708623,0.7525,0.9185606060606062,0.5979166666666667,0.9500366578501589,0.6367261904761905,0.9972132034632034,0.8654761904761905,1.0,0.9470454545454545,0.04553380835326781,0.2212688314884085,1.0,0.95375,1.0,0.9020833333333332,1.0,0.919761904761905,1.0,0.9726190476190476
3,0.1,1.0,0.8977035984848485,0.8724999999999999,0.23056336100490152,0.27454555459092844,0.9974999999999999,0.9949999999999999,0.7089015151515152,0.6395833333333334,0.8270079610791685,0.7557936507936507,0.9956349206349205,0.9851190476190477,1.0,0.9400000000000001,0.014100430801648795,0.17968857877017594,1.0,0.9400000000000001,1.0,0.9020833333333332,1.0,0.9092460317460317,1.0,0.9928571428571429,0.9675426136363636,0.7925,0.1425240927122717,0.49006810590681066,0.9887208624708623,0.7525,0.9185606060606062,0.5979166666666667,0.9500366578501589,0.6367261904761905,0.9972132034632034,0.8654761904761905,1.0,0.9381818181818182,0.04350994683624221,0.21211709491584713,1.0,0.9425000000000001,1.0,0.8916666666666666,1.0,0.9062103174603175,1.0,0.9761904761904763
3,0.2,0.1,0.8977035984848485,0.8724999999999999,0.23056336100490152,0.27454555459092844,0.9974999999999999,0.9949999999999999,0.7089015151515152,0.6395833333333334,0.8270079610791685,0.7557936507936507,0.9956349206349205,0.9851190476190477,1.0,0.9815909090909092,0.012221336010983071,0.10445235173338144,1.0,0.99,1.0,0.9604166666666666,1.0,0.9715873015873016,1.0,1.0,0.9675426136363636,0.7925,0.1425240927122717,0.49006810590681066,0.9887208624708623,0.7525,0.9185606060606062,0.5979166666666667,0.9500366578501589,0.6367261904761905,0.9972132034632034,0.8654761904761905,0.9627604166666668,0.8359090909090909,0.14721752429117055,0.36735375668867826,0.9881818181818183,0.8516666666666666,0.9041666666666666,0.68125,0.9432411314848386,0.718829365079365,0.995508658008658,0.9422619047619047
3,0.2,0.5,0.8977035984848485,0.8724999999999999,0.23056336100490152,0.27454555459092844,0.9974999999999999,0.9949999999999999,0.7089015151515152,0.6395833333333334,0.8270079610791685,0.7557936507936507,0.9956349206349205,0.9851190476190477,1.0,0.9540909090909091,0.013289841366465877,0.1668686557565197,1.0,0.9625,1.0,0.9166666666666666,1.0,0.9308134920634921,1.0,0.9946428571428573,0.9675426136363636,0.7925,0.1425240927122717,0.49006810590681066,0.9887208624708623,0.7525,0.9185606060606062,0.5979166666666667,0.9500366578501589,0.6367261904761905,0.9972132034632034,0.8654761904761905,1.0,0.9470454545454545,0.04553380835326781,0.2212688314884085,1.0,0.95375,1.0,0.9020833333333332,1.0,0.919761904761905,1.0,0.9726190476190476
3,0.2,1.0,0.8977035984848485,0.8724999999999999,0.23056336100490152,0.27454555459092844,0.9974999999999999,0.9949999999999999,0.7089015151515152,0.6395833333333334,0.8270079610791685,0.7557936507936507,0.9956349206349205,0.9851190476190477,1.0,0.9400000000000001,0.014100430801648795,0.17968857877017594,1.0,0.9400000000000001,1.0,0.9020833333333332,1.0,0.9092460317460317,1.0,0.9928571428571429,0.9675426136363636,0.7925,0.1425240927122717,0.49006810590681066,0.9887208624708623,0.7525,0.9185606060606062,0.5979166666666667,0.9500366578501589,0.6367261904761905,0.9972132034632034,0.8654761904761905,1.0,0.9381818181818182,0.04350994683624221,0.21211709491584713,1.0,0.9425000000000001,1.0,0.8916666666666666,1.0,0.9062103174603175,1.0,0.9761904761904763
4,0.01,0.1,0.9604876893939395,0.9377272727272727,0.15029916362295442,0.2073355560329638,1.0,0.9887499999999999,0.8867424242424242,0.8375,0.9387135328439676,0.8976984126984128,0.9981601731601731,0.981547619047619,1.0,0.9815909090909092,0.012221336010983071,0.10445235173338144,1.0,0.99,1.0,0.9604166666666666,1.0,0.9715873015873016,1.0,1.0,0.9891808712121211,0.8459090909090909,0.10652659914805215,0.41120617643589885,1.0,0.83125,0.9691287878787879,0.7104166666666666,0.9836128364389232,0.7373214285714286,0.9997835497835498,0.9014880952380953,0.9627604166666668,0.8359090909090909,0.14721752429117055,0.36735375668867826,0.9881818181818183,0.8516666666666666,0.9041666666666666,0.68125,0.9432411314848386,0.718829365079365,0.995508658008658,0.9422619047619047
4,0.01,0.5,0.9604876893939395,0.9377272727272727,0.15029916362295442,0.2073355560329638,1.0,0.9887499999999999,0.8867424242424242,0.8375,0.9387135328439676,0.8976984126984128,0.9981601731601731,0.981547619047619,1.0,0.9540909090909091,0.013289841366465877,0.1668686557565197,1.0,0.9625,1.0,0.9166666666666666,1.0,0.9308134920634921,1.0,0.9946428571428573,0.9891808712121211,0.8459090909090909,0.10652659914805215,0.41120617643589885,1.0,0.83125,0.9691287878787879,0.7104166666666666,0.9836128364389232,0.7373214285714286,0.9997835497835498,0.9014880952380953,1.0,0.9470454545454545,0.04553380835326781,0.2212688314884085,1.0,0.95375,1.0,0.9020833333333332,1.0,0.919761904761905,1.0,0.9726190476190476
4,0.01,1.0,0.9604876893939395,0.9377272727272727,0.15029916362295442,0.2073355560329638,1.0,0.9887499999999999,0.8867424242424242,0.8375,0.9387135328439676,0.8976984126984128,0.9981601731601731,0.981547619047619,1.0,0.9400000000000001,0.014100430801648795,0.17968857877017594,1.0,0.9400000000000001,1.0,0.9020833333333332,1.0,0.9092460317460317,1.0,0.9928571428571429,0.9891808712121211,0.8459090909090909,0.10652659914805215,0.41120617643589885,1.0,0.83125,0.9691287878787879,0.7104166666666666,0.9836128364389232,0.7373214285714286,0.9997835497835498,0.9014880952380953,1.0,0.9381818181818182,0.04350994683624221,0.21211709491584713,1.0,0.9425000000000001,1.0,0.8916666666666666,1.0,0.9062103174603175,1.0,0.9761904761904763
4,0.02,0.1,0.9604876893939395,0.9377272727272727,0.15029916362295442,0.2073355560329638,1.0,0.9887499999999999,0.8867424242424242,0.8375,0.9387135328439676,0.8976984126984128,0.9981601731601731,0.981547619047619,1.0,0.9815909090909092,0.012221336010983071,0.10445235173338144,1.0,0.99,1.0,0.9604166666666666,1.0,0.9715873015873016,1.0,1.0,0.9891808712121211,0.8459090909090909,0.10652659914805215,0.41120617643589885,1.0,0.83125,0.9691287878787879,0.7104166666666666,0.9836128364389232,0.7373214285714286,0.9997835497835498,0.9014880952380953,0.9627604166666668,0.8359090909090909,0.14721752429117055,0.36735375668867826,0.9881818181818183,0.8516666666666666,0.9041666666666666,0.68125,0.9432411314848386,0.718829365079365,0.995508658008658,0.9422619047619047
4,0.02,0.5,0.9604876893939395,0.9377272727272727,0.15029916362295442,0.2073355560329638,1.0,0.9887499999999999,0.8867424242424242,0.8375,0.9387135328439676,0.8976984126984128,0.9981601731601731,0.981547619047619,1.0,0.9540909090909091,0.013289841366465877,0.1668686557565197,1.0,0.9625,1.0,0.9166666666666666,1.0,0.9308134920634921,1.0,0.9946428571428573,0.9891808712121211,0.8459090909090909,0.10652659914805215,0.41120617643589885,1.0,0.83125,0.9691287878787879,0.7104166666666666,0.9836128364389232,0.7373214285714286,0.9997835497835498,0.9014880952380953,1.0,0.9470454545454545,0.04553380835326781,0.2212688314884085,1.0,0.95375,1.0,0.9020833333333332,1.0,0.919761904761905,1.0,0.9726190476190476
4,0.02,1.0,0.9604876893939395,0.9377272727272727,0.15029916362295442,0.2073355560329638,1.0,0.9887499999999999,0.8867424242424242,0.8375,0.9387135328439676,0.8976984126984128,0.9981601731601731,0.981547619047619,1.0,0.9400000000000001,0.014100430801648795,0.17968857877017594,1.0,0.9400000000000001,1.0,0.9020833333333332,1.0,0.9092460317460317,1.0,0.9928571428571429,0.9891808712121211,0.8459090909090909,0.10652659914805215,0.41120617643589885,1.0,0.83125,0.9691287878787879,0.7104166666666666,0.9836128364389232,0.7373214285714286,0.9997835497835498,0.9014880952380953,1.0,0.9381818181818182,0.04350994683624221,0.21211709491584713,1.0,0.9425000000000001,1.0,0.8916666666666666,1.0,0.9062103174603175,1.0,0.9761904761904763
4,0.05,0.1,0.9604876893939395,0.9377272727272727,0.15029916362295442,0.2073355560329638,1.0,0.9887499999999999,0.8867424242424242,0.8375,0.9387135328439676,0.8976984126984128,0.9981601731601731,0.981547619047619,1.0,0.9815909090909092,0.012221336010983071,0.10445235173338144,1.0,0.99,1.0,0.9604166666666666,1.0,0.9715873015873016,1.0,1.0,0.9891808712121211,0.8459090909090909,0.10652659914805215,0.41120617643589885,1.0,0.83125,0.9691287878787879,0.7104166666666666,0.9836128364389232,0.7373214285714286,0.9997835497835498,0.9014880952380953,0.9627604166666668,0.8359090909090909,0.14721752429117055,0.36735375668867826,0.9881818181818183,0.8516666666666666,0.9041666666666666,0.68125,0.9432411314848386,0.718829365079365,0.995508658008658,0.9422619047619047
4,0.05,0.5,0.9604876893939395,0.9377272727272727,0.15029916362295442,0.2073355560329638,1.0,0.9887499999999999,0.8867424242424242,0.8375,0.9387135328439676,0.8976984126984128,0.9981601731601731,0.981547619047619,1.0,0.9540909090909091,0.013289841366465877,0.1668686557565197,1.0,0.9625,1.0,0.9166666666666666,1.0,0.9308134920634921,1.0,0.9946428571428573,0.9891808712121211,0.8459090909090909,0.10652659914805215,0.41120617643589885,1.0,0.83125,0.9691287878787879,0.7104166666666666,0.9836128364389232,0.7373214285714286,0.9997835497835498,0.9014880952380953,1.0,0.9470454545454545,0.04553380835326781,0.2212688314884085,1.0,0.95375,1.0,0.9020833333333332,1.0,0.919761904761905,1.0,0.9726190476190476
4,0.05,1.0,0.9604876893939395,0.9377272727272727,0.15029916362295442,0.2073355560329638,1.0,0.9887499999999999,0.8867424242424242,0.8375,0.9387135328439676,0.8976984126984128,0.9981601731601731,0.981547619047619,1.0,0.9400000000000001,0.014100430801648795,0.17968857877017594,1.0,0.9400000000000001,1.0,0.9020833333333332,1.0,0.9092460317460317,1.0,0.9928571428571429,0.9891808712121211,0.8459090909090909,0.10652659914805215,0.41120617643589885,1.0,0.83125,0.9691287878787879,0.7104166666666666,0.9836128364389232,0.7373214285714286,0.9997835497835498,0.9014880952380953,1.0,0.9381818181818182,0.04350994683624221,0.21211709491584713,1.0,0.9425000000000001,1.0,0.8916666666666666,1.0,0.9062103174603175,1.0,0.9761904761904763
4,0.1,0.1,0.9604876893939395,0.9377272727272727,0.15029916362295442,0.2073355560329638,1.0,0.9887499999999999,0.8867424242424242,0.8375,0.9387135328439676,0.8976984126984128,0.9981601731601731,0.981547619047619,1.0,0.9815909090909092,0.012221336010983071,0.10445235173338144,1.0,0.99,1.0,0.9604166666666666,1.0,0.9715873015873016,1.0,1.0,0.9891808712121211,0.8459090909090909,0.10652659914805215,0.41120617643589885,1.0,0.83125,0.9691287878787879,0.7104166666666666,0.9836128364389232,0.7373214285714286,0.9997835497835498,0.9014880952380953,0.9627604166666668,0.8359090909090909,0.14721752429117055,0.36735375668867826,0.9881818181818183,0.8516666666666666,0.9041666666666666,0.68125,0.9432411314848386,0.718829365079365,0.995508658008658,0.9422619047619047
4,0.1,0.5,0.9604876893939395,0.9377272727272727,0.15029916362295442,0.2073355560329638,1.0,0.9887499999999999,0.8867424242424242,0.8375,0.9387135328439676,0.8976984126984128,0.9981601731601731,0.981547619047619,1.0,0.9540909090909091,0.013289841366465877,0.1668686557565197,1.0,0.9625,1.0,0.9166666666666666,1.0,0.9308134920634921,1.0,0.9946428571428573,0.9891808712121211,0.8459090909090909,0.10652659914805215,0.41120617643589885,1.0,0.83125,0.9691287878787879,0.7104166666666666,0.9836128364389232,0.7373214285714286,0.9997835497835498,0.9014880952380953,1.0,0.9470454545454545,0.04553380835326781,0.2212688314884085,1.0,0.95375,1.0,0.9020833333333332,1.0,0.919761904761905,1.0,0.9726190476190476
4,0.1,1.0,0.9604876893939395,0.9377272727272727,0.15029916362295442,0.2073355560329638,1.0,0.9887499999999999,0.8867424242424242,0.8375,0.9387135328439676,0.8976984126984128,0.9981601731601731,0.981547619047619,1.0,0.9400000000000001,0.014100430801648795,0.17968857877017594,1.0,0.9400000000000001,1.0,0.9020833333333332,1.0,0.9092460317460317,1.0,0.9928571428571429,0.9891808712121211,0.8459090909090909,0.10652659914805215,0.41120617643589885,1.0,0.83125,0.9691287878787879,0.7104166666666666,0.9836128364389232,0.7373214285714286,0.9997835497835498,0.9014880952380953,1.0,0.9381818181818182,0.04350994683624221,0.21211709491584713,1.0,0.9425000000000001,1.0,0.8916666666666666,1.0,0.9062103174603175,1.0,0.9761904761904763
4,0.2,0.1,0.9604876893939395,0.9377272727272727,0.15029916362295442,0.2073355560329638,1.0,0.9887499999999999,0.8867424242424242,0.8375,0.9387135328439676,0.8976984126984128,0.9981601731601731,0.981547619047619,1.0,0.9815909090909092,0.012221336010983071,0.10445235173338144,1.0,0.99,1.0,0.9604166666666666,1.0,0.9715873015873016,1.0,1.0,0.9891808712121211,0.8459090909090909,0.10652659914805215,0.41120617643589885,1.0,0.83125,0.9691287878787879,0.7104166666666666,0.9836128364389232,0.7373214285714286,0.9997835497835498,0.9014880952380953,0.9627604166666668,0.8359090909090909,0.14721752429117055,0.36735375668867826,0.9881818181818183,0.8516666666666666,0.9041666666666666,0.68125,0.9432411314848386,0.718829365079365,0.995508658008658,0.9422619047619047
4,0.2,0.5,0.9604876893939395,0.9377272727272727,0.15029916362295442,0.2073355560329638,1.0,0.9887499999999999,0.8867424242424242,0.8375,0.9387135328439676,0.8976984126984128,0.9981601731601731,0.981547619047619,1.0,0.9540909090909091,0.013289841366465877,0.1668686557565197,1.0,0.9625,1.0,0.9166666666666666,1.0,0.9308134920634921,1.0,0.9946428571428573,0.9891808712121211,0.8459090909090909,0.10652659914805215,0.41120617643589885,1.0,0.83125,0.9691287878787879,0.7104166666666666,0.9836128364389232,0.7373214285714286,0.9997835497835498,0.9014880952380953,1.0,0.9470454545454545,0.04553380835326781,0.2212688314884085,1.0,0.95375,1.0,0.9020833333333332,1.0,0.919761904761905,1.0,0.9726190476190476
4,0.2,1.0,0.9604876893939395,0.9377272727272727,0.15029916362295442,0.2073355560329638,1.0,0.9887499999999999,0.8867424242424242,0.8375,0.9387135328439676,0.8976984126984128,0.9981601731601731,0.981547619047619,1.0,0.9400000000000001,0.014100430801648795,0.17968857877017594,1.0,0.9400000000000001,1.0,0.9020833333333332,1.0,0.9092460317460317,1.0,0.9928571428571429,0.9891808712121211,0.8459090909090909,0.10652659914805215,0.41120617643589885,1.0,0.83125,0.9691287878787879,0.7104166666666666,0.9836128364389232,0.7373214285714286,0.9997835497835498,0.9014880952380953,1.0,0.9381818181818182,0.04350994683624221,0.21211709491584713,1.0,0.9425000000000001,1.0,0.8916666666666666,1.0,0.9062103174603175,1.0,0.9761904761904763
5,0.01,0.1,0.9922348484848484,0.9609090909090909,0.0989360638884186,0.1553624864841993,1.0,1.0,0.9776515151515153,0.8895833333333332,0.9883022774327122,0.934047619047619,1.0,0.9967261904761905,1.0,0.9815909090909092,0.012221336010983071,0.10445235173338144,1.0,0.99,1.0,0.9604166666666666,1.0,0.9715873015873016,1.0,1.0,0.9953835227272727,0.8549999999999999,0.09424988603516564,0.3845892957147537,1.0,0.8320833333333333,0.9869318181818183,0.7375,0.993167701863354,0.7603373015873016,0.9998917748917748,0.8985119047619048,0.9627604166666668,0.8359090909090909,0.14721752429117055,0.36735375668867826,0.9881818181818183,0.8516666666666666,0.9041666666666666,0.68125,0.9432411314848386,0.718829365079365,0.995508658008658,0.9422619047619047
5,0.01,0.5,0.9922348484848484,0.9609090909090909,0.0989360638884186,0.1553624864841993,1.0,1.0,0.9776515151515153,0.8895833333333332,0.9883022774327122,0.934047619047619,1.0,0.9967261904761905,1.0,0.9540909090909091,0.013289841366465877,0.1668686557565197,1.0,0.9625,1.0,0.9166666666666666,1.0,0.9308134920634921,1.0,0.9946428571428573,0.9953835227272727,0.8549999999999999,0.09424988603516564,0.3845892957147537,1.0,0.8320833333333333,0.9869318181818183,0.7375,0.993167701863354,0.7603373015873016,0.9998917748917748,0.8985119047619048,1.0,0.9470454545454545,0.04553380835326781,0.2212688314884085,1.0,0.95375,1.0,0.9020833333333332,1.0,0.919761904761905,1.0,0.9726190476190476
5,0.01,1.0,0.9922348484848484,0.9609090909090909,0.0989360638884186,0.1553624864841993,1.0,1.0,0.9776515151515153,0.8895833333333332,0.9883022774327122,0.934047619047619,1.0,0.9967261904761905,1.0,0.9400000000000001,0.014100430801648795,0.17968857877017594,1.0,0.9400000000000001,1.0,0.9020833333333332,1.0,0.9092460317460317,1.0,0.9928571428571429,0.9953835227272727,0.8549999999999999,0.09424988603516564,0.3845892957147537,1.0,0.8320833333333333,0.9869318181818183,0.7375,0.993167701863354,0.7603373015873016,0.9998917748917748,0.8985119047619048,1.0,0.9381818181818182,0.04350994683624221,0.21211709491584713,1.0,0.9425000000000001,1.0,0.8916666666666666,1.0,0.9062103174603175,1.0,0.9761904761904763
5,0.02,0.1,0.9922348484848484,0.9609090909090909,0.0989360638884186,0.1553624864841993,1.0,1.0,0.9776515151515153,0.8895833333333332,0.9883022774327122,0.934047619047619,1.0,0.9967261904761905,1.0,0.9815909090909092,0.012221336010983071,0.10445235173338144,1.0,0.99,1.0,0.9604166666666666,1.0,0.9715873015873016,1.0,1.0,0.9953835227272727,0.8549999999999999,0.09424988603516564,0.3845892957147537,1.0,0.8320833333333333,0.9869318181818183,0.7375,0.993167701863354,0.7603373015873016,0.9998917748917748,0.8985119047619048,0.9627604166666668,0.8359090909090909,0.14721752429117055,0.36735375668867826,0.9881818181818183,0.8516666666666666,0.9041666666666666,0.68125,0.9432411314848386,0.718829365079365,0.995508658008658,0.9422619047619047
5,0.02,0.5,0.9922348484848484,0.9609090909090909,0.0989360638884186,0.1553624864841993,1.0,1.0,0.9776515151515153,0.8895833333333332,0.9883022774327122,0.934047619047619,1.0,0.9967261904761905,1.0,0.9540909090909091,0.013289841366465877,0.1668686557565197,1.0,0.9625,1.0,0.9166666666666666,1.0,0.9308134920634921,1.0,0.9946428571428573,0.9953835227272727,0.8549999999999999,0.09424988603516564,0.3845892957147537,1.0,0.8320833333333333,0.9869318181818183,0.7375,0.993167701863354,0.7603373015873016,0.9998917748917748,0.8985119047619048,1.0,0.9470454545454545,0.04553380835326781,0.2212688314884085,1.0,0.95375,1.0,0.9020833333333332,1.0,0.919761904761905,1.0,0.9726190476190476
5,0.02,1.0,0.9922348484848484,0.9609090909090909,0.0989360638884186,0.1553624864841993,1.0,1.0,0.9776515151515153,0.8895833333333332,0.9883022774327122,0.934047619047619,1.0,0.9967261904761905,1.0,0.9400000000000001,0.014100430801648795,0.17968857877017594,1.0,0.9400000000000001,1.0,0.9020833333333332,1.0,0.9092460317460317,1.0,0.9928571428571429,0.9953835227272727,0.8549999999999999,0.09424988603516564,0.3845892957147537,1.0,0.8320833333333333,0.9869318181818183,0.7375,0.993167701863354,0.7603373015873016,0.9998917748917748,0.8985119047619048,1.0,0.9381818181818182,0.04350994683624221,0.21211709491584713,1.0,0.9425000000000001,1.0,0.8916666666666666,1.0,0.9062103174603175,1.0,0.9761904761904763
5,0.05,0.1,0.9922348484848484,0.9609090909090909,0.0989360638884186,0.1553624864841993,1.0,1.0,0.9776515151515153,0.8895833333333332,0.9883022774327122,0.934047619047619,1.0,0.9967261904761905,1.0,0.9815909090909092,0.012221336010983071,0.10445235173338144,1.0,0.99,1.0,0.9604166666666666,1.0,0.9715873015873016,1.0,1.0,0.9953835227272727,0.8549999999999999,0.09424988603516564,0.3845892957147537,1.0,0.8320833333333333,0.9869318181818183,0.7375,0.993167701863354,0.7603373015873016,0.9998917748917748,0.8985119047619048,0.9627604166666668,0.8359090909090909,0.14721752429117055,0.36735375668867826,0.9881818181818183,0.8516666666666666,0.9041666666666666,0.68125,0.9432411314848386,0.718829365079365,0.995508658008658,0.9422619047619047
5,0.05,0.5,0.9922348484848484,0.9609090909090909,0.0989360638884186,0.1553624864841993,1.0,1.0,0.9776515151515153,0.8895833333333332,0.9883022774327122,0.934047619047619,1.0,0.9967261904761905,1.0,0.9540909090909091,0.013289841366465877,0.1668686557565197,1.0,0.9625,1.0,0.9166666666666666,1.0,0.9308134920634921,1.0,0.9946428571428573,0.9953835227272727,0.8549999999999999,0.09424988603516564,0.3845892957147537,1.0,0.8320833333333333,0.9869318181818183,0.7375,0.993167701863354,0.7603373015873016,0.9998917748917748,0.8985119047619048,1.0,0.9470454545454545,0.04553380835326781,0.2212688314884085,1.0,0.95375,1.0,0.9020833333333332,1.0,0.919761904761905,1.0,0.9726190476190476
5,0.05,1.0,0.9922348484848484,0.9609090909090909,0.0989360638884186,0.1553624864841993,1.0,1.0,0.9776515151515153,0.8895833333333332,0.9883022774327122,0.934047619047619,1.0,0.9967261904761905,1.0,0.9400000000000001,0.014100430801648795,0.17968857877017594,1.0,0.9400000000000001,1.0,0.9020833333333332,1.0,0.9092460317460317,1.0,0.9928571428571429,0.9953835227272727,0.8549999999999999,0.09424988603516564,0.3845892957147537,1.0,0.8320833333333333,0.9869318181818183,0.7375,0.993167701863354,0.7603373015873016,0.9998917748917748,0.8985119047619048,1.0,0.9381818181818182,0.04350994683624221,0.21211709491584713,1.0,0.9425000000000001,1.0,0.8916666666666666,1.0,0.9062103174603175,1.0,0.9761904761904763
5,0.1,0.1,0.9922348484848484,0.9609090909090909,0.0989360638884186,0.1553624864841993,1.0,1.0,0.9776515151515153,0.8895833333333332,0.9883022774327122,0.934047619047619,1.0,0.9967261904761905,1.0,0.9815909090909092,0.012221336010983071,0.10445235173338144,1.0,0.99,1.0,0.9604166666666666,1.0,0.9715873015873016,1.0,1.0,0.9953835227272727,0.8549999999999999,0.09424988603516564,0.3845892957147537,1.0,0.8320833333333333,0.9869318181818183,0.7375,0.993167701863354,0.7603373015873016,0.9998917748917748,0.8985119047619048,0.9627604166666668,0.8359090909090909,0.14721752429117055,0.36735375668867826,0.9881818181818183,0.8516666666666666,0.9041666666666666,0.68125,0.9432411314848386,0.718829365079365,0.995508658008658,0.9422619047619047
5,0.1,0.5,0.9922348484848484,0.9609090909090909,0.0989360638884186,0.1553624864841993,1.0,1.0,0.9776515151515153,0.8895833333333332,0.9883022774327122,0.934047619047619,1.0,0.9967261904761905,1.0,0.9540909090909091,0.013289841366465877,0.1668686557565197,1.0,0.9625,1.0,0.9166666666666666,1.0,0.9308134920634921,1.0,0.9946428571428573,0.9953835227272727,0.8549999999999999,0.09424988603516564,0.3845892957147537,1.0,0.8320833333333333,0.9869318181818183,0.7375,0.993167701863354,0.7603373015873016,0.9998917748917748,0.8985119047619048,1.0,0.9470454545454545,0.04553380835326781,0.2212688314884085,1.0,0.95375,1.0,0.9020833333333332,1.0,0.919761904761905,1.0,0.9726190476190476
5,0.1,1.0,0.9922348484848484,0.9609090909090909,0.0989360638884186,0.1553624864841993,1.0,1.0,0.9776515151515153,0.8895833333333332,0.9883022774327122,0.934047619047619,1.0,0.9967261904761905,1.0,0.9400000000000001,0.014100430801648795,0.17968857877017594,1.0,0.9400000000000001,1.0,0.9020833333333332,1.0,0.9092460317460317,1.0,0.9928571428571429,0.9953835227272727,0.8549999999999999,0.09424988603516564,0.3845892957147537,1.0,0.8320833333333333,0.9869318181818183,0.7375,0.993167701863354,0.7603373015873016,0.9998917748917748,0.8985119047619048,1.0,0.9381818181818182,0.04350994683624221,0.21211709491584713,1.0,0.9425000000000001,1.0,0.8916666666666666,1.0,0.9062103174603175,1.0,0.9761904761904763
5,0.2,0.1,0.9922348484848484,0.9609090909090909,0.0989360638884186,0.1553624864841993,1.0,1.0,0.9776515151515153,0.8895833333333332,0.9883022774327122,0.934047619047619,1.0,0.9967261904761905,1.0,0.9815909090909092,0.012221336010983071,0.10445235173338144,1.0,0.99,1.0,0.9604166666666666,1.0,0.9715873015873016,1.0,1.0,0.9953835227272727,0.8549999999999999,0.09424988603516564,0.3845892957147537,1.0,0.8320833333333333,0.9869318181818183,0.7375,0.993167701863354,0.7603373015873016,0.9998917748917748,0.8985119047619048,0.9627604166666668,0.8359090909090909,0.14721752429117055,0.36735375668867826,0.9881818181818183,0.8516666666666666,0.9041666666666666,0.68125,0.9432411314848386,0.718829365079365,0.995508658008658,0.9422619047619047
5,0.2,0.5,0.9922348484848484,0.9609090909090909,0.0989360638884186,0.1553624864841993,1.0,1.0,0.9776515151515153,0.8895833333333332,0.9883022774327122,0.934047619047619,1.0,0.9967261904761905,1.0,0.9540909090909091,0.013289841366465877,0.1668686557565197,1.0,0.9625,1.0,0.9166666666666666,1.0,0.9308134920634921,1.0,0.9946428571428573,0.9953835227272727,0.8549999999999999,0.09424988603516564,0.3845892957147537,1.0,0.8320833333333333,0.9869318181818183,0.7375,0.993167701863354,0.7603373015873016,0.9998917748917748,0.8985119047619048,1.0,0.9470454545454545,0.04553380835326781,0.2212688314884085,1.0,0.95375,1.0,0.9020833333333332,1.0,0.919761904761905,1.0,0.9726190476190476
5,0.2,1.0,0.9922348484848484,0.9609090909090909,0.0989360638884186,0.1553624864841993,1.0,1.0,0.9776515151515153,0.8895833333333332,0.9883022774327122,0.934047619047619,1.0,0.9967261904761905,1.0,0.9400000000000001,0.014100430801648795,0.17968857877017594,1.0,0.9400000000000001,1.0,0.9020833333333332,1.0,0.9092460317460317,1.0,0.9928571428571429,0.9953835227272727,0.8549999999999999,0.09424988603516564,0.3845892957147537,1.0,0.8320833333333333,0.9869318181818183,0.7375,0.993167701863354,0.7603373015873016,0.9998917748917748,0.8985119047619048,1.0,0.9381818181818182,0.04350994683624221,0.21211709491584713,1.0,0.9425000000000001,1.0,0.8916666666666666,1.0,0.9062103174603175,1.0,0.9761904761904763
6,0.01,0.1,0.9922348484848484,0.9540909090909091,0.10066977051939556,0.16250585370055434,1.0,1.0,0.9776515151515153,0.8708333333333332,0.9883022774327122,0.9197619047619048,1.0,0.9895833333333334,1.0,0.9815909090909092,0.012221336010983071,0.10445235173338144,1.0,0.99,1.0,0.9604166666666666,1.0,0.9715873015873016,1.0,1.0,0.9976799242424242,0.8518181818181819,0.08450489155561161,0.42630665501725157,1.0,0.8370833333333334,0.9933712121212122,0.725,0.9965320910973083,0.7547222222222223,1.0,0.9011904761904763,0.9627604166666668,0.8359090909090909,0.14721752429117055,0.36735375668867826,0.9881818181818183,0.8516666666666666,0.9041666666666666,0.68125,0.9432411314848386,0.718829365079365,0.995508658008658,0.9422619047619047
6,0.01,0.5,0.9922348484848484,0.9540909090909091,0.10066977051939556,0.16250585370055434,1.0,1.0,0.9776515151515153,0.8708333333333332,0.9883022774327122,0.9197619047619048,1.0,0.9895833333333334,1.0,0.9540909090909091,0.013289841366465877,0.1668686557565197,1.0,0.9625,1.0,0.9166666666666666,1.0,0.9308134920634921,1.0,0.9946428571428573,0.9976799242424242,0.8518181818181819,0.08450489155561161,0.42630665501725157,1.0,0.8370833333333334,0.9933712121212122,0.725,0.9965320910973083,0.7547222222222223,1.0,0.9011904761904763,1.0,0.9470454545454545,0.04553380835326781,0.2212688314884085,1.0,0.95375,1.0,0.9020833333333332,1.0,0.919761904761905,1.0,0.9726190476190476
6,0.01,1.0,0.9922348484848484,0.9540909090909091,0.10066977051939556,0.16250585370055434,1.0,1.0,0.9776515151515153,0.8708333333333332,0.9883022774327122,0.9197619047619048,1.0,0.9895833333333334,1.0,0.9400000000000001,0.014100430801648795,0.17968857877017594,1.0,0.9400000000000001,1.0,0.9020833333333332,1.0,0.9092460317460317,1.0,0.9928571428571429,0.9976799242424242,0.8518181818181819,0.08450489155561161,0.42630665501725157,1.0,0.8370833333333334,0.9933712121212122,0.725,0.9965320910973083,0.7547222222222223,1.0,0.9011904761904763,1.0,0.9381818181818182,0.04350994683624221,0.21211709491584713,1.0,0.9425000000000001,1.0,0.8916666666666666,1.0,0.9062103174603175,1.0,0.9761904761904763
6,0.02,0.1,0.9922348484848484,0.9540909090909091,0.10066977051939556,0.16250585370055434,1.0,1.0,0.9776515151515153,0.8708333333333332,0.9883022774327122,0.9197619047619048,1.0,0.9895833333333334,1.0,0.9815909090909092,0.012221336010983071,0.10445235173338144,1.0,0.99,1.0,0.9604166666666666,1.0,0.9715873015873016,1.0,1.0,0.9976799242424242,0.8518181818181819,0.08450489155561161,0.42630665501725157,1.0,0.8370833333333334,0.9933712121212122,0.725,0.9965320910973083,0.7547222222222223,1.0,0.9011904761904763,0.9627604166666668,0.8359090909090909,0.14721752429117055,0.36735375668867826,0.9881818181818183,0.8516666666666666,0.9041666666666666,0.68125,0.9432411314848386,0.718829365079365,0.995508658008658,0.9422619047619047
6,0.02,0.5,0.9922348484848484,0.9540909090909091,0.10066977051939556,0.16250585370055434,1.0,1.0,0.9776515151515153,0.8708333333333332,0.9883022774327122,0.9197619047619048,1.0,0.9895833333333334,1.0,0.9540909090909091,0.013289841366465877,0.1668686557565197,1.0,0.9625,1.0,0.9166666666666666,1.0,0.9308134920634921,1.0,0.9946428571428573,0.9976799242424242,0.8518181818181819,0.08450489155561161,0.42630665501725157,1.0,0.8370833333333334,0.9933712121212122,0.725,0.9965320910973083,0.7547222222222223,1.0,0.9011904761904763,1.0,0.9470454545454545,0.04553380835326781,0.2212688314884085,1.0,0.95375,1.0,0.9020833333333332,1.0,0.919761904761905,1.0,0.9726190476190476
6,0.02,1.0,0.9922348484848484,0.9540909090909091,0.10066977051939556,0.16250585370055434,1.0,1.0,0.9776515151515153,0.8708333333333332,0.9883022774327122,0.9197619047619048,1.0,0.9895833333333334,1.0,0.9400000000000001,0.014100430801648795,0.17968857877017594,1.0,0.9400000000000001,1.0,0.9020833333333332,1.0,0.9092460317460317,1.0,0.9928571428571429,0.9976799242424242,0.8518181818181819,0.08450489155561161,0.42630665501725157,1.0,0.8370833333333334,0.9933712121212122,0.725,0.9965320910973083,0.7547222222222223,1.0,0.9011904761904763,1.0,0.9381818181818182,0.04350994683624221,0.21211709491584713,1.0,0.9425000000000001,1.0,0.8916666666666666,1.0,0.9062103174603175,1.0,0.9761904761904763
6,0.05,0.1,0.9922348484848484,0.9540909090909091,0.10066977051939556,0.16250585370055434,1.0,1.0,0.9776515151515153,0.8708333333333332,0.9883022774327122,0.9197619047619048,1.0,0.9895833333333334,1.0,0.9815909090909092,0.012221336010983071,0.10445235173338144,1.0,0.99,1.0,0.9604166666666666,1.0,0.9715873015873016,1.0,1.0,0.9976799242424242,0.8518181818181819,0.08450489155561161,0.42630665501725157,1.0,0.8370833333333334,0.9933712121212122,0.725,0.9965320910973083,0.7547222222222223,1.0,0.9011904761904763,0.9627604166666668,0.8359090909090909,0.14721752429117055,0.36735375668867826,0.9881818181818183,0.8516666666666666,0.9041666666666666,0.68125,0.9432411314848386,0.718829365079365,0.995508658008658,0.9422619047619047
6,0.05,0.5,0.9922348484848484,0.9540909090909091,0.10066977051939556,0.16250585370055434,1.0,1.0,0.9776515151515153,0.8708333333333332,0.9883022774327122,0.9197619047619048,1.0,0.9895833333333334,1.0,0.9540909090909091,0.013289841366465877,0.1668686557565197,1.0,0.9625,1.0,0.9166666666666666,1.0,0.9308134920634921,1.0,0.9946428571428573,0.9976799242424242,0.8518181818181819,0.08450489155561161,0.42630665501725157,1.0,0.8370833333333334,0.9933712121212122,0.725,0.9965320910973083,0.7547222222222223,1.0,0.9011904761904763,1.0,0.9470454545454545,0.04553380835326781,0.2212688314884085,1.0,0.95375,1.0,0.9020833333333332,1.0,0.919761904761905,1.0,0.9726190476190476
6,0.05,1.0,0.9922348484848484,0.9540909090909091,0.10066977051939556,0.16250585370055434,1.0,1.0,0.9776515151515153,0.8708333333333332,0.9883022774327122,0.9197619047619048,1.0,0.9895833333333334,1.0,0.9400000000000001,0.014100430801648795,0.17968857877017594,1.0,0.9400000000000001,1.0,0.9020833333333332,1.0,0.9092460317460317,1.0,0.9928571428571429,0.9976799242424242,0.8518181818181819,0.08450489155561161,0.42630665501725157,1.0,0.8370833333333334,0.9933712121212122,0.725,0.9965320910973083,0.7547222222222223,1.0,0.9011904761904763,1.0,0.9381818181818182,0.04350994683624221,0.21211709491584713,1.0,0.9425000000000001,1.0,0.8916666666666666,1.0,0.9062103174603175,1.0,0.9761904761904763
6,0.1,0.1,0.9922348484848484,0.9540909090909091,0.10066977051939556,0.16250585370055434,1.0,1.0,0.9776515151515153,0.8708333333333332,0.9883022774327122,0.9197619047619048,1.0,0.9895833333333334,1.0,0.9815909090909092,0.012221336010983071,0.10445235173338144,1.0,0.99,1.0,0.9604166666666666,1.0,0.9715873015873016,1.0,1.0,0.9976799242424242,0.8518181818181819,0.08450489155561161,0.42630665501725157,1.0,0.8370833333333334,0.9933712121212122,0.725,0.9965320910973083,0.7547222222222223,1.0,0.9011904761904763,0.9627604166666668,0.8359090909090909,0.14721752429117055,0.36735375668867826,0.9881818181818183,0.8516666666666666,0.9041666666666666,0.68125,0.9432411314848386,0.718829365079365,0.995508658008658,0.9422619047619047
6,0.1,0.5,0.9922348484848484,0.9540909090909091,0.10066977051939556,0.16250585370055434,1.0,1.0,0.9776515151515153,0.8708333333333332,0.9883022774327122,0.9197619047619048,1.0,0.9895833333333334,1.0,0.9540909090909091,0.013289841366465877,0.1668686557565197,1.0,0.9625,1.0,0.9166666666666666,1.0,0.9308134920634921,1.0,0.9946428571428573,0.9976799242424242,0.8518181818181819,0.08450489155561161,0.42630665501725157,1.0,0.8370833333333334,0.9933712121212122,0.725,0.9965320910973083,0.7547222222222223,1.0,0.9011904761904763,1.0,0.9470454545454545,0.04553380835326781,0.2212688314884085,1.0,0.95375,1.0,0.9020833333333332,1.0,0.919761904761905,1.0,0.9726190476190476
6,0.1,1.0,0.9922348484848484,0.9540909090909091,0.10066977051939556,0.16250585370055434,1.0,1.0,0.9776515151515153,0.8708333333333332,0.9883022774327122,0.9197619047619048,1.0,0.9895833333333334,1.0,0.9400000000000001,0.014100430801648795,0.17968857877017594,1.0,0.9400000000000001,1.0,0.9020833333333332,1.0,0.9092460317460317,1.0,0.9928571428571429,0.9976799242424242,0.8518181818181819,0.08450489155561161,0.42630665501725157,1.0,0.8370833333333334,0.9933712121212122,0.725,0.9965320910973083,0.7547222222222223,1.0,0.9011904761904763,1.0,0.9381818181818182,0.04350994683624221,0.21211709491584713,1.0,0.9425000000000001,1.0,0.8916666666666666,1.0,0.9062103174603175,1.0,0.9761904761904763
6,0.2,0.1,0.9922348484848484,0.9540909090909091,0.10066977051939556,0.16250585370055434,1.0,1.0,0.9776515151515153,0.8708333333333332,0.9883022774327122,0.9197619047619048,1.0,0.9895833333333334,1.0,0.9815909090909092,0.012221336010983071,0.10445235173338144,1.0,0.99,1.0,0.9604166666666666,1.0,0.9715873015873016,1.0,1.0,0.9976799242424242,0.8518181818181819,0.08450489155561161,0.42630665501725157,1.0,0.8370833333333334,0.9933712121212122,0.725,0.9965320910973083,0.7547222222222223,1.0,0.9011904761904763,0.9627604166666668,0.8359090909090909,0.14721752429117055,0.36735375668867826,0.9881818181818183,0.8516666666666666,0.9041666666666666,0.68125,0.9432411314848386,0.718829365079365,0.995508658008658,0.9422619047619047
6,0.2,0.5,0.9922348484848484,0.9540909090909091,0.10066977051939556,0.16250585370055434,1.0,1.0,0.9776515151515153,0.8708333333333332,0.9883022774327122,0.9197619047619048,1.0,0.9895833333333334,1.0,0.9540909090909091,0.013289841366465877,0.1668686557565197,1.0,0.9625,1.0,0.9166666666666666,1.0,0.9308134920634921,1.0,0.9946428571428573,0.9976799242424242,0.8518181818181819,0.08450489155561161,0.42630665501725157,1.0,0.8370833333333334,0.9933712121212122,0.725,0.9965320910973083,0.7547222222222223,1.0,0.9011904761904763,1.0,0.9470454545454545,0.04553380835326781,0.2212688314884085,1.0,0.95375,1.0,0.9020833333333332,1.0,0.919761904761905,1.0,0.9726190476190476
6,0.2,1.0,0.9922348484848484,0.9540909090909091,0.10066977051939556,0.16250585370055434,1.0,1.0,0.9776515151515153,0.8708333333333332,0.9883022774327122,0.9197619047619048,1.0,0.9895833333333334,1.0,0.9400000000000001,0.014100430801648795,0.17968857877017594,1.0,0.9400000000000001,1.0,0.9020833333333332,1.0,0.9092460317460317,1.0,0.9928571428571429,0.9976799242424242,0.8518181818181819,0.08450489155561161,0.42630665501725157,1.0,0.8370833333333334,0.9933712121212122,0.725,0.9965320910973083,0.7547222222222223,1.0,0.9011904761904763,1.0,0.9381818181818182,0.04350994683624221,0.21211709491584713,1.0,0.9425000000000001,1.0,0.8916666666666666,1.0,0.9062103174603175,1.0,0.9761904761904763
7,0.01,0.1,0.9883996212121211,0.9563636363636364,0.10239418289160125,0.166560732885983,1.0,1.0,0.9668560606060606,0.8770833333333332,0.9826604554865426,0.9269047619047619,1.0,0.9895833333333333,1.0,0.9815909090909092,0.012221336010983071,0.10445235173338144,1.0,0.99,1.0,0.9604166666666666,1.0,0.9715873015873016,1.0,1.0,0.99921875,0.8538636363636364,0.07911103355556785,0.3884798052248347,1.0,0.8379166666666666,0.9977272727272727,0.73125,0.9988095238095237,0.7593253968253968,1.0,0.9205357142857145,0.9627604166666668,0.8359090909090909,0.14721752429117055,0.36735375668867826,0.9881818181818183,0.8516666666666666,0.9041666666666666,0.68125,0.9432411314848386,0.718829365079365,0.995508658008658,0.9422619047619047
7,0.01,0.5,0.9883996212121211,0.9563636363636364,0.10239418289160125,0.166560732885983,1.0,1.0,0.9668560606060606,0.8770833333333332,0.9826604554865426,0.9269047619047619,1.0,0.9895833333333333,1.0,0.9540909090909091,0.013289841366465877,0.1668686557565197,1.0,0.9625,1.0,0.9166666666666666,1.0,0.9308134920634921,1.0,0.9946428571428573,0.99921875,0.8538636363636364,0.07911103355556785,0.3884798052248347,1.0,0.8379166666666666,0.9977272727272727,0.73125,0.9988095238095237,0.7593253968253968,1.0,0.9205357142857145,1.0,0.9470454545454545,0.04553380835326781,0.2212688314884085,1.0,0.95375,1.0,0.9020833333333332,1.0,0.919761904761905,1.0,0.9726190476190476
7,0.01,1.0,0.9883996212121211,0.9563636363636364,0.10239418289160125,0.166560732885983,1.0,1.0,0.9668560606060606,0.8770833333333332,0.9826604554865426,0.9269047619047619,1.0,0.9895833333333333,1.0,0.9400000000000001,0.014100430801648795,0.17968857877017594,1.0,0.9400000000000001,1.0,0.9020833333333332,1.0,0.9092460317460317,1.0,0.9928571428571429,0.99921875,0.8538636363636364,0.07911103355556785,0.3884798052248347,1.0,0.8379166666666666,0.9977272727272727,0.73125,0.9988095238095237,0.7593253968253968,1.0,0.9205357142857145,1.0,0.9381818181818182,0.04350994683624221,0.21211709491584713,1.0,0.9425000000000001,1.0,0.8916666666666666,1.0,0.9062103174603175,1.0,0.9761904761904763
7,0.02,0.1,0.9883996212121211,0.9563636363636364,0.10239418289160125,0.166560732885983,1.0,1.0,0.9668560606060606,0.8770833333333332,0.9826604554865426,0.9269047619047619,1.0,0.9895833333333333,1.0,0.9815909090909092,0.012221336010983071,0.10445235173338144,1.0,0.99,1.0,0.9604166666666666,1.0,0.9715873015873016,1.0,1.0,0.99921875,0.8538636363636364,0.07911103355556785,0.3884798052248347,1.0,0.8379166666666666,0.9977272727272727,0.73125,0.9988095238095237,0.7593253968253968,1.0,0.9205357142857145,0.9627604166666668,0.8359090909090909,0.14721752429117055,0.36735375668867826,0.9881818181818183,0.8516666666666666,0.9041666666666666,0.68125,0.9432411314848386,0.718829365079365,0.995508658008658,0.9422619047619047
7,0.02,0.5,0.9883996212121211,0.9563636363636364,0.10239418289160125,0.166560732885983,1.0,1.0,0.9668560606060606,0.8770833333333332,0.9826604554865426,0.9269047619047619,1.0,0.9895833333333333,1.0,0.9540909090909091,0.013289841366465877,0.1668686557565197,1.0,0.9625,1.0,0.9166666666666666,1.0,0.9308134920634921,1.0,0.9946428571428573,0.99921875,0.8538636363636364,0.07911103355556785,0.3884798052248347,1.0,0.8379166666666666,0.9977272727272727,0.73125,0.9988095238095237,0.7593253968253968,1.0,0.9205357142857145,1.0,0.9470454545454545,0.04553380835326781,0.2212688314884085,1.0,0.95375,1.0,0.9020833333333332,1.0,0.919761904761905,1.0,0.9726190476190476
7,0.02,1.0,0.9883996212121211,0.9563636363636364,0.10239418289160125,0.166560732885983,1.0,1.0,0.9668560606060606,0.8770833333333332,0.9826604554865426,0.9269047619047619,1.0,0.9895833333333333,1.0,0.9400000000000001,0.014100430801648795,0.17968857877017594,1.0,0.9400000000000001,1.0,0.9020833333333332,1.0,0.9092460317460317,1.0,0.9928571428571429,0.99921875,0.8538636363636364,0.07911103355556785,0.3884798052248347,1.0,0.8379166666666666,0.9977272727272727,0.73125,0.9988095238095237,0.7593253968253968,1.0,0.9205357142857145,1.0,0.9381818181818182,0.04350994683624221,0.21211709491584713,1.0,0.9425000000000001,1.0,0.8916666666666666,1.0,0.9062103174603175,1.0,0.9761904761904763
7,0.05,0.1,0.9883996212121211,0.9563636363636364,0.10239418289160125,0.166560732885983,1.0,1.0,0.9668560606060606,0.8770833333333332,0.9826604554865426,0.9269047619047619,1.0,0.9895833333333333,1.0,0.9815909090909092,0.012221336010983071,0.10445235173338144,1.0,0.99,1.0,0.9604166666666666,1.0,0.9715873015873016,1.0,1.0,0.99921875,0.8538636363636364,0.07911103355556785,0.3884798052248347,1.0,0.8379166666666666,0.9977272727272727,0.73125,0.9988095238095237,0.7593253968253968,1.0,0.9205357142857145,0.9627604166666668,0.8359090909090909,0.14721752429117055,0.36735375668867826,0.9881818181818183,0.8516666666666666,0.9041666666666666,0.68125,0.9432411314848386,0.718829365079365,0.995508658008658,0.9422619047619047
7,0.05,0.5,0.9883996212121211,0.9563636363636364,0.10239418289160125,0.166560732885983,1.0,1.0,0.9668560606060606,0.8770833333333332,0.9826604554865426,0.9269047619047619,1.0,0.9895833333333333,1.0,0.9540909090909091,0.013289841366465877,0.1668686557565197,1.0,0.9625,1.0,0.9166666666666666,1.0,0.9308134920634921,1.0,0.9946428571428573,0.99921875,0.8538636363636364,0.07911103355556785,0.3884798052248347,1.0,0.8379166666666666,0.9977272727272727,0.73125,0.9988095238095237,0.7593253968253968,1.0,0.9205357142857145,1.0,0.9470454545454545,0.04553380835326781,0.2212688314884085,1.0,0.95375,1.0,0.9020833333333332,1.0,0.919761904761905,1.0,0.9726190476190476
7,0.05,1.0,0.9883996212121211,0.9563636363636364,0.10239418289160125,0.166560732885983,1.0,1.0,0.9668560606060606,0.8770833333333332,0.9826604554865426,0.9269047619047619,1.0,0.9895833333333333,1.0,0.9400000000000001,0.014100430801648795,0.17968857877017594,1.0,0.9400000000000001,1.0,0.9020833333333332,1.0,0.9092460317460317,1.0,0.9928571428571429,0.99921875,0.8538636363636364,0.07911103355556785,0.3884798052248347,1.0,0.8379166666666666,0.9977272727272727,0.73125,0.9988095238095237,0.7593253968253968,1.0,0.9205357142857145,1.0,0.9381818181818182,0.04350994683624221,0.21211709491584713,1.0,0.9425000000000001,1.0,0.8916666666666666,1.0,0.9062103174603175,1.0,0.9761904761904763
7,0.1,0.1,0.9883996212121211,0.9563636363636364,0.10239418289160125,0.166560732885983,1.0,1.0,0.9668560606060606,0.8770833333333332,0.9826604554865426,0.9269047619047619,1.0,0.9895833333333333,1.0,0.9815909090909092,0.012221336010983071,0.10445235173338144,1.0,0.99,1.0,0.9604166666666666,1.0,0.9715873015873016,1.0,1.0,0.99921875,0.8538636363636364,0.07911103355556785,0.3884798052248347,1.0,0.8379166666666666,0.9977272727272727,0.73125,0.9988095238095237,0.7593253968253968,1.0,0.9205357142857145,0.9627604166666668,0.8359090909090909,0.14721752429117055,0.36735375668867826,0.9881818181818183,0.8516666666666666,0.9041666666666666,0.68125,0.9432411314848386,0.718829365079365,0.995508658008658,0.9422619047619047
7,0.1,0.5,0.9883996212121211,0.9563636363636364,0.10239418289160125,0.166560732885983,1.0,1.0,0.9668560606060606,0.8770833333333332,0.9826604554865426,0.9269047619047619,1.0,0.9895833333333333,1.0,0.9540909090909091,0.013289841366465877,0.1668686557565197,1.0,0.9625,1.0,0.9166666666666666,1.0,0.9308134920634921,1.0,0.9946428571428573,0.99921875,0.8538636363636364,0.07911103355556785,0.3884798052248347,1.0,0.8379166666666666,0.9977272727272727,0.73125,0.9988095238095237,0.7593253968253968,1.0,0.9205357142857145,1.0,0.9470454545454545,0.04553380835326781,0.2212688314884085,1.0,0.95375,1.0,0.9020833333333332,1.0,0.919761904761905,1.0,0.9726190476190476
7,0.1,1.0,0.9883996212121211,0.9563636363636364,0.10239418289160125,0.166560732885983,1.0,1.0,0.9668560606060606,0.8770833333333332,0.9826604554865426,0.9269047619047619,1.0,0.9895833333333333,1.0,0.9400000000000001,0.014100430801648795,0.17968857877017594,1.0,0.9400000000000001,1.0,0.9020833333333332,1.0,0.9092460317460317,1.0,0.9928571428571429,0.99921875,0.8538636363636364,0.07911103355556785,0.3884798052248347,1.0,0.8379166666666666,0.9977272727272727,0.73125,0.9988095238095237,0.7593253968253968,1.0,0.9205357142857145,1.0,0.9381818181818182,0.04350994683624221,0.21211709491584713,1.0,0.9425000000000001,1.0,0.8916666666666666,1.0,0.9062103174603175,1.0,0.9761904761904763
7,0.2,0.1,0.9883996212121211,0.9563636363636364,0.10239418289160125,0.166560732885983,1.0,1.0,0.9668560606060606,0.8770833333333332,0.9826604554865426,0.9269047619047619,1.0,0.9895833333333333,1.0,0.9815909090909092,0.012221336010983071,0.10445235173338144,1.0,0.99,1.0,0.9604166666666666,1.0,0.9715873015873016,1.0,1.0,0.99921875,0.8538636363636364,0.07911103355556785,0.3884798052248347,1.0,0.8379166666666666,0.9977272727272727,0.73125,0.9988095238095237,0.7593253968253968,1.0,0.9205357142857145,0.9627604166666668,0.8359090909090909,0.14721752429117055,0.36735375668867826,0.9881818181818183,0.8516666666666666,0.9041666666666666,0.68125,0.9432411314848386,0.718829365079365,0.995508658008658,0.9422619047619047
7,0.2,0.5,0.9883996212121211,0.9563636363636364,0.10239418289160125,0.166560732885983,1.0,1.0,0.9668560606060606,0.8770833333333332,0.9826604554865426,0.9269047619047619,1.0,0.9895833333333333,1.0,0.9540909090909091,0.013289841366465877,0.1668686557565197,1.0,0.9625,1.0,0.9166666666666666,1.0,0.9308134920634921,1.0,0.9946428571428573,0.99921875,0.8538636363636364,0.07911103355556785,0.3884798052248347,1.0,0.8379166666666666,0.9977272727272727,0.73125,0.9988095238095237,0.7593253968253968,1.0,0.9205357142857145,1.0,0.9470454545454545,0.04553380835326781,0.2212688314884085,1.0,0.95375,1.0,0.9020833333333332,1.0,0.919761904761905,1.0,0.9726190476190476
7,0.2,1.0,0.9883996212121211,0.9563636363636364,0.10239418289160125,0.166560732885983,1.0,1.0,0.9668560606060606,0.8770833333333332,0.9826604554865426,0.9269047619047619,1.0,0.9895833333333333,1.0,0.9400000000000001,0.014100430801648795,0.17968857877017594,1.0,0.9400000000000001,1.0,0.9020833333333332,1.0,0.9092460317460317,1.0,0.9928571428571429,0.99921875,0.8538636363636364,0.07911103355556785,0.3884798052248347,1.0,0.8379166666666666,0.9977272727272727,0.73125,0.9988095238095237,0.7593253968253968,1.0,0.9205357142857145,1.0,0.9381818181818182,0.04350994683624221,0.21211709491584713,1.0,0.9425000000000001,1.0,0.8916666666666666,1.0,0.9062103174603175,1.0,0.9761904761904763
8,0.01,0.1,0.9853219696969695,0.9609090909090909,0.10253228778523653,0.16038728544853123,1.0,1.0,0.9581439393939395,0.8895833333333332,0.978105590062112,0.934047619047619,1.0,0.9913690476190476,1.0,0.9815909090909092,0.012221336010983071,0.10445235173338144,1.0,0.99,1.0,0.9604166666666666,1.0,0.9715873015873016,1.0,1.0,0.99921875,0.8568181818181817,0.07995572356814988,0.38164211854879404,1.0,0.8670833333333332,0.9977272727272727,0.7145833333333333,0.9988095238095237,0.7543253968253968,1.0,0.9136904761904763,0.9627604166666668,0.8359090909090909,0.14721752429117055,0.36735375668867826,0.9881818181818183,0.8516666666666666,0.9041666666666666,0.68125,0.9432411314848386,0.718829365079365,0.995508658008658,0.9422619047619047
8,0.01,0.5,0.9853219696969695,0.9609090909090909,0.10253228778523653,0.16038728544853123,1.0,1.0,0.9581439393939395,0.8895833333333332,0.978105590062112,0.934047619047619,1.0,0.9913690476190476,1.0,0.9540909090909091,0.013289841366465877,0.1668686557565197,1.0,0.9625,1.0,0.9166666666666666,1.0,0.9308134920634921,1.0,0.9946428571428573,0.99921875,0.8568181818181817,0.07995572356814988,0.38164211854879404,1.0,0.8670833333333332,0.9977272727272727,0.7145833333333333,0.9988095238095237,0.7543253968253968,1.0,0.9136904761904763,1.0,0.9470454545454545,0.04553380835326781,0.2212688314884085,1.0,0.95375,1.0,0.9020833333333332,1.0,0.919761904761905,1.0,0.9726190476190476
8,0.01,1.0,0.9853219696969695,0.9609090909090909,0.10253228778523653,0.16038728544853123,1.0,1.0,0.9581439393939395,0.8895833333333332,0.978105590062112,0.934047619047619,1.0,0.9913690476190476,1.0,0.9400000000000001,0.014100430801648795,0.17968857877017594,1.0,0.9400000000000001,1.0,0.9020833333333332,1.0,0.9092460317460317,1.0,0.9928571428571429,0.99921875,0.8568181818181817,0.07995572356814988,0.38164211854879404,1.0,0.8670833333333332,0.9977272727272727,0.7145833333333333,0.9988095238095237,0.7543253968253968,1.0,0.9136904761904763,1.0,0.9381818181818182,0.04350994683624221,0.21211709491584713,1.0,0.9425000000000001,1.0,0.8916666666666666,1.0,0.9062103174603175,1.0,0.9761904761904763
8,0.02,0.1,0.9853219696969695,0.9609090909090909,0.10253228778523653,0.16038728544853123,1.0,1.0,0.9581439393939395,0.8895833333333332,0.978105590062112,0.934047619047619,1.0,0.9913690476190476,1.0,0.9815909090909092,0.012221336010983071,0.10445235173338144,1.0,0.99,1.0,0.9604166666666666,1.0,0.9715873015873016,1.0,1.0,0.99921875,0.8568181818181817,0.07995572356814988,0.38164211854879404,1.0,0.8670833333333332,0.9977272727272727,0.7145833333333333,0.9988095238095237,0.7543253968253968,1.0,0.9136904761904763,0.9627604166666668,0.8359090909090909,0.14721752429117055,0.36735375668867826,0.9881818181818183,0.8516666666666666,0.9041666666666666,0.68125,0.9432411314848386,0.718829365079365,0.995508658008658,0.9422619047619047
8,0.02,0.5,0.9853219696969695,0.9609090909090909,0.10253228778523653,0.16038728544853123,1.0,1.0,0.9581439393939395,0.8895833333333332,0.978105590062112,0.934047619047619,1.0,0.9913690476190476,1.0,0.9540909090909091,0.013289841366465877,0.1668686557565197,1.0,0.9625,1.0,0.9166666666666666,1.0,0.9308134920634921,1.0,0.9946428571428573,0.99921875,0.8568181818181817,0.07995572356814988,0.38164211854879404,1.0,0.8670833333333332,0.9977272727272727,0.7145833333333333,0.9988095238095237,0.7543253968253968,1.0,0.9136904761904763,1.0,0.9470454545454545,0.04553380835326781,0.2212688314884085,1.0,0.95375,1.0,0.9020833333333332,1.0,0.919761904761905,1.0,0.9726190476190476
8,0.02,1.0,0.9853219696969695,0.9609090909090909,0.10253228778523653,0.16038728544853123,1.0,1.0,0.9581439393939395,0.8895833333333332,0.978105590062112,0.934047619047619,1.0,0.9913690476190476,1.0,0.9400000000000001,0.014100430801648795,0.17968857877017594,1.0,0.9400000000000001,1.0,0.9020833333333332,1.0,0.9092460317460317,1.0,0.9928571428571429,0.99921875,0.8568181818181817,0.07995572356814988,0.38164211854879404,1.0,0.8670833333333332,0.9977272727272727,0.7145833333333333,0.9988095238095237,0.7543253968253968,1.0,0.9136904761904763,1.0,0.9381818181818182,0.04350994683624221,0.21211709491584713,1.0,0.9425000000000001,1.0,0.8916666666666666,1.0,0.9062103174603175,1.0,0.9761904761904763
8,0.05,0.1,0.9853219696969695,0.9609090909090909,0.10253228778523653,0.16038728544853123,1.0,1.0,0.9581439393939395,0.8895833333333332,0.978105590062112,0.934047619047619,1.0,0.9913690476190476,1.0,0.9815909090909092,0.012221336010983071,0.10445235173338144,1.0,0.99,1.0,0.9604166666666666,1.0,0.9715873015873016,1.0,1.0,0.99921875,0.8568181818181817,0.07995572356814988,0.38164211854879404,1.0,0.8670833333333332,0.9977272727272727,0.7145833333333333,0.9988095238095237,0.7543253968253968,1.0,0.9136904761904763,0.9627604166666668,0.8359090909090909,0.14721752429117055,0.36735375668867826,0.9881818181818183,0.8516666666666666,0.9041666666666666,0.68125,0.9432411314848386,0.718829365079365,0.995508658008658,0.9422619047619047
8,0.05,0.5,0.9853219696969695,0.9609090909090909,0.10253228778523653,0.16038728544853123,1.0,1.0,0.9581439393939395,0.8895833333333332,0.978105590062112,0.934047619047619,1.0,0.9913690476190476,1.0,0.9540909090909091,0.013289841366465877,0.1668686557565197,1.0,0.9625,1.0,0.9166666666666666,1.0,0.9308134920634921,1.0,0.9946428571428573,0.99921875,0.8568181818181817,0.07995572356814988,0.38164211854879404,1.0,0.8670833333333332,0.9977272727272727,0.7145833333333333,0.9988095238095237,0.7543253968253968,1.0,0.9136904761904763,1.0,0.9470454545454545,0.04553380835326781,0.2212688314884085,1.0,0.95375,1.0,0.9020833333333332,1.0,0.919761904761905,1.0,0.9726190476190476
8,0.05,1.0,0.9853219696969695,0.9609090909090909,0.10253228778523653,0.16038728544853123,1.0,1.0,0.9581439393939395,0.8895833333333332,0.978105590062112,0.934047619047619,1.0,0.9913690476190476,1.0,0.9400000000000001,0.014100430801648795,0.17968857877017594,1.0,0.9400000000000001,1.0,0.9020833333333332,1.0,0.9092460317460317,1.0,0.9928571428571429,0.99921875,0.8568181818181817,0.07995572356814988,0.38164211854879404,1.0,0.8670833333333332,0.9977272727272727,0.7145833333333333,0.9988095238095237,0.7543253968253968,1.0,0.9136904761904763,1.0,0.9381818181818182,0.04350994683624221,0.21211709491584713,1.0,0.9425000000000001,1.0,0.8916666666666666,1.0,0.9062103174603175,1.0,0.9761904761904763
8,0.1,0.1,0.9853219696969695,0.9609090909090909,0.10253228778523653,0.16038728544853123,1.0,1.0,0.9581439393939395,0.8895833333333332,0.978105590062112,0.934047619047619,1.0,0.9913690476190476,1.0,0.9815909090909092,0.012221336010983071,0.10445235173338144,1.0,0.99,1.0,0.9604166666666666,1.0,0.9715873015873016,1.0,1.0,0.99921875,0.8568181818181817,0.07995572356814988,0.38164211854879404,1.0,0.8670833333333332,0.9977272727272727,0.7145833333333333,0.9988095238095237,0.7543253968253968,1.0,0.9136904761904763,0.9627604166666668,0.8359090909090909,0.14721752429117055,0.36735375668867826,0.9881818181818183,0.8516666666666666,0.9041666666666666,0.68125,0.9432411314848386,0.718829365079365,0.995508658008658,0.9422619047619047
8,0.1,0.5,0.9853219696969695,0.9609090909090909,0.10253228778523653,0.16038728544853123,1.0,1.0,0.9581439393939395,0.8895833333333332,0.978105590062112,0.934047619047619,1.0,0.9913690476190476,1.0,0.9540909090909091,0.013289841366465877,0.1668686557565197,1.0,0.9625,1.0,0.9166666666666666,1.0,0.9308134920634921,1.0,0.9946428571428573,0.99921875,0.8568181818181817,0.07995572356814988,0.38164211854879404,1.0,0.8670833333333332,0.9977272727272727,0.7145833333333333,0.9988095238095237,0.7543253968253968,1.0,0.9136904761904763,1.0,0.9470454545454545,0.04553380835326781,0.2212688314884085,1.0,0.95375,1.0,0.9020833333333332,1.0,0.919761904761905,1.0,0.9726190476190476
8,0.1,1.0,0.9853219696969695,0.9609090909090909,0.10253228778523653,0.16038728544853123,1.0,1.0,0.9581439393939395,0.8895833333333332,0.978105590062112,0.934047619047619,1.0,0.9913690476190476,1.0,0.9400000000000001,0.014100430801648795,0.17968857877017594,1.0,0.9400000000000001,1.0,0.9020833333333332,1.0,0.9092460317460317,1.0,0.9928571428571429,0.99921875,0.8568181818181817,0.07995572356814988,0.38164211854879404,1.0,0.8670833333333332,0.9977272727272727,0.7145833333333333,0.9988095238095237,0.7543253968253968,1.0,0.9136904761904763,1.0,0.9381818181818182,0.04350994683624221,0.21211709491584713,1.0,0.9425000000000001,1.0,0.8916666666666666,1.0,0.9062103174603175,1.0,0.9761904761904763
8,0.2,0.1,0.9853219696969695,0.9609090909090909,0.10253228778523653,0.16038728544853123,1.0,1.0,0.9581439393939395,0.8895833333333332,0.978105590062112,0.934047619047619,1.0,0.9913690476190476,1.0,0.9815909090909092,0.012221336010983071,0.10445235173338144,1.0,0.99,1.0,0.9604166666666666,1.0,0.9715873015873016,1.0,1.0,0.99921875,0.8568181818181817,0.07995572356814988,0.38164211854879404,1.0,0.8670833333333332,0.9977272727272727,0.7145833333333333,0.9988095238095237,0.7543253968253968,1.0,0.9136904761904763,0.9627604166666668,0.8359090909090909,0.14721752429117055,0.36735375668867826,0.9881818181818183,0.8516666666666666,0.9041666666666666,0.68125,0.9432411314848386,0.718829365079365,0.995508658008658,0.9422619047619047
8,0.2,0.5,0.9853219696969695,0.9609090909090909,0.10253228778523653,0.16038728544853123,1.0,1.0,0.9581439393939395,0.8895833333333332,0.978105590062112,0.934047619047619,1.0,0.9913690476190476,1.0,0.9540909090909091,0.013289841366465877,0.1668686557565197,1.0,0.9625,1.0,0.9166666666666666,1.0,0.9308134920634921,1.0,0.9946428571428573,0.99921875,0.8568181818181817,0.07995572356814988,0.38164211854879404,1.0,0.8670833333333332,0.9977272727272727,0.7145833333333333,0.9988095238095237,0.7543253968253968,1.0,0.9136904761904763,1.0,0.9470454545454545,0.04553380835326781,0.2212688314884085,1.0,0.95375,1.0,0.9020833333333332,1.0,0.919761904761905,1.0,0.9726190476190476
8,0.2,1.0,0.9853219696969695,0.9609090909090909,0.10253228778523653,0.16038728544853123,1.0,1.0,0.9581439393939395,0.8895833333333332,0.978105590062112,0.934047619047619,1.0,0.9913690476190476,1.0,0.9400000000000001,0.014100430801648795,0.17968857877017594,1.0,0.9400000000000001,1.0,0.9020833333333332,1.0,0.9092460317460317,1.0,0.9928571428571429,0.99921875,0.8568181818181817,0.07995572356814988,0.38164211854879404,1.0,0.8670833333333332,0.9977272727272727,0.7145833333333333,0.9988095238095237,0.7543253968253968,1.0,0.9136904761904763,1.0,0.9381818181818182,0.04350994683624221,0.21211709491584713,1.0,0.9425000000000001,1.0,0.8916666666666666,1.0,0.9062103174603175,1.0,0.9761904761904763
9,0.01,0.1,0.9845407196969695,0.9540909090909091,0.11041739782330755,0.18559212790740728,1.0,1.0,0.9558712121212121,0.8708333333333332,0.9769151138716357,0.9233333333333335,1.0,0.9886904761904762,1.0,0.9815909090909092,0.012221336010983071,0.10445235173338144,1.0,0.99,1.0,0.9604166666666666,1.0,0.9715873015873016,1.0,1.0,0.99921875,0.8543181818181818,0.08023296351892709,0.383847598317079,1.0,0.8583333333333332,0.9977272727272727,0.7208333333333333,0.9988095238095237,0.7524404761904762,1.0,0.9107142857142858,0.9627604166666668,0.8359090909090909,0.14721752429117055,0.36735375668867826,0.9881818181818183,0.8516666666666666,0.9041666666666666,0.68125,0.9432411314848386,0.718829365079365,0.995508658008658,0.9422619047619047
9,0.01,0.5,0.9845407196969695,0.9540909090909091,0.11041739782330755,0.18559212790740728,1.0,1.0,0.9558712121212121,0.8708333333333332,0.9769151138716357,0.9233333333333335,1.0,0.9886904761904762,1.0,0.9540909090909091,0.013289841366465877,0.1668686557565197,1.0,0.9625,1.0,0.9166666666666666,1.0,0.9308134920634921,1.0,0.9946428571428573,0.99921875,0.8543181818181818,0.08023296351892709,0.383847598317079,1.0,0.8583333333333332,0.9977272727272727,0.7208333333333333,0.9988095238095237,0.7524404761904762,1.0,0.9107142857142858,1.0,0.9470454545454545,0.04553380835326781,0.2212688314884085,1.0,0.95375,1.0,0.9020833333333332,1.0,0.919761904761905,1.0,0.9726190476190476
9,0.01,1.0,0.9845407196969695,0.9540909090909091,0.11041739782330755,0.18559212790740728,1.0,1.0,0.9558712121212121,0.8708333333333332,0.9769151138716357,0.9233333333333335,1.0,0.9886904761904762,1.0,0.9400000000000001,0.014100430801648795,0.17968857877017594,1.0,0.9400000000000001,1.0,0.9020833333333332,1.0,0.9092460317460317,1.0,0.9928571428571429,0.99921875,0.8543181818181818,0.08023296351892709,0.383847598317079,1.0,0.8583333333333332,0.9977272727272727,0.7208333333333333,0.9988095238095237,0.7524404761904762,1.0,0.9107142857142858,1.0,0.9381818181818182,0.04350994683624221,0.21211709491584713,1.0,0.9425000000000001,1.0,0.8916666666666666,1.0,0.9062103174603175,1.0,0.9761904761904763
9,0.02,0.1,0.9845407196969695,0.9540909090909091,0.11041739782330755,0.18559212790740728,1.0,1.0,0.9558712121212121,0.8708333333333332,0.9769151138716357,0.9233333333333335,1.0,0.9886904761904762,1.0,0.9815909090909092,0.012221336010983071,0.10445235173338144,1.0,0.99,1.0,0.9604166666666666,1.0,0.9715873015873016,1.0,1.0,0.99921875,0.8543181818181818,0.08023296351892709,0.383847598317079,1.0,0.8583333333333332,0.9977272727272727,0.7208333333333333,0.9988095238095237,0.7524404761904762,1.0,0.9107142857142858,0.9627604166666668,0.8359090909090909,0.14721752429117055,0.36735375668867826,0.9881818181818183,0.8516666666666666,0.9041666666666666,0.68125,0.9432411314848386,0.718829365079365,0.995508658008658,0.9422619047619047
9,0.02,0.5,0.9845407196969695,0.9540909090909091,0.11041739782330755,0.18559212790740728,1.0,1.0,0.9558712121212121,0.8708333333333332,0.9769151138716357,0.9233333333333335,1.0,0.9886904761904762,1.0,0.9540909090909091,0.013289841366465877,0.1668686557565197,1.0,0.9625,1.0,0.9166666666666666,1.0,0.9308134920634921,1.0,0.9946428571428573,0.99921875,0.8543181818181818,0.08023296351892709,0.383847598317079,1.0,0.8583333333333332,0.9977272727272727,0.7208333333333333,0.9988095238095237,0.7524404761904762,1.0,0.9107142857142858,1.0,0.9470454545454545,0.04553380835326781,0.2212688314884085,1.0,0.95375,1.0,0.9020833333333332,1.0,0.919761904761905,1.0,0.9726190476190476
9,0.02,1.0,0.9845407196969695,0.9540909090909091,0.11041739782330755,0.18559212790740728,1.0,1.0,0.9558712121212121,0.8708333333333332,0.9769151138716357,0.9233333333333335,1.0,0.9886904761904762,1.0,0.9400000000000001,0.014100430801648795,0.17968857877017594,1.0,0.9400000000000001,1.0,0.9020833333333332,1.0,0.9092460317460317,1.0,0.9928571428571429,0.99921875,0.8543181818181818,0.08023296351892709,0.383847598317079,1.0,0.8583333333333332,0.9977272727272727,0.7208333333333333,0.9988095238095237,0.7524404761904762,1.0,0.9107142857142858,1.0,0.9381818181818182,0.04350994683624221,0.21211709491584713,1.0,0.9425000000000001,1.0,0.8916666666666666,1.0,0.9062103174603175,1.0,0.9761904761904763
9,0.05,0.1,0.9845407196969695,0.9540909090909091,0.11041739782330755,0.18559212790740728,1.0,1.0,0.9558712121212121,0.8708333333333332,0.9769151138716357,0.9233333333333335,1.0,0.9886904761904762,1.0,0.9815909090909092,0.012221336010983071,0.10445235173338144,1.0,0.99,1.0,0.9604166666666666,1.0,0.9715873015873016,1.0,1.0,0.99921875,0.8543181818181818,0.08023296351892709,0.383847598317079,1.0,0.8583333333333332,0.9977272727272727,0.7208333333333333,0.9988095238095237,0.7524404761904762,1.0,0.9107142857142858,0.9627604166666668,0.8359090909090909,0.14721752429117055,0.36735375668867826,0.9881818181818183,0.8516666666666666,0.9041666666666666,0.68125,0.9432411314848386,0.718829365079365,0.995508658008658,0.9422619047619047
9,0.05,0.5,0.9845407196969695,0.9540909090909091,0.11041739782330755,0.18559212790740728,1.0,1.0,0.9558712121212121,0.8708333333333332,0.9769151138716357,0.9233333333333335,1.0,0.9886904761904762,1.0,0.9540909090909091,0.013289841366465877,0.1668686557565197,1.0,0.9625,1.0,0.9166666666666666,1.0,0.9308134920634921,1.0,0.9946428571428573,0.99921875,0.8543181818181818,0.08023296351892709,0.383847598317079,1.0,0.8583333333333332,0.9977272727272727,0.7208333333333333,0.9988095238095237,0.7524404761904762,1.0,0.9107142857142858,1.0,0.9470454545454545,0.04553380835326781,0.2212688314884085,1.0,0.95375,1.0,0.9020833333333332,1.0,0.919761904761905,1.0,0.9726190476190476
9,0.05,1.0,0.9845407196969695,0.9540909090909091,0.11041739782330755,0.18559212790740728,1.0,1.0,0.9558712121212121,0.8708333333333332,0.9769151138716357,0.9233333333333335,1.0,0.9886904761904762,1.0,0.9400000000000001,0.014100430801648795,0.17968857877017594,1.0,0.9400000000000001,1.0,0.9020833333333332,1.0,0.9092460317460317,1.0,0.9928571428571429,0.99921875,0.8543181818181818,0.08023296351892709,0.383847598317079,1.0,0.8583333333333332,0.9977272727272727,0.7208333333333333,0.9988095238095237,0.7524404761904762,1.0,0.9107142857142858,1.0,0.9381818181818182,0.04350994683624221,0.21211709491584713,1.0,0.9425000000000001,1.0,0.8916666666666666,1.0,0.9062103174603175,1.0,0.9761904761904763
9,0.1,0.1,0.9845407196969695,0.9540909090909091,0.11041739782330755,0.18559212790740728,1.0,1.0,0.9558712121212121,0.8708333333333332,0.9769151138716357,0.9233333333333335,1.0,0.9886904761904762,1.0,0.9815909090909092,0.012221336010983071,0.10445235173338144,1.0,0.99,1.0,0.9604166666666666,1.0,0.9715873015873016,1.0,1.0,0.99921875,0.8543181818181818,0.08023296351892709,0.383847598317079,1.0,0.8583333333333332,0.9977272727272727,0.7208333333333333,0.9988095238095237,0.7524404761904762,1.0,0.9107142857142858,0.9627604166666668,0.8359090909090909,0.14721752429117055,0.36735375668867826,0.9881818181818183,0.8516666666666666,0.9041666666666666,0.68125,0.9432411314848386,0.718829365079365,0.995508658008658,0.9422619047619047
9,0.1,0.5,0.9845407196969695,0.9540909090909091,0.11041739782330755,0.18559212790740728,1.0,1.0,0.9558712121212121,0.8708333333333332,0.9769151138716357,0.9233333333333335,1.0,0.9886904761904762,1.0,0.9540909090909091,0.013289841366465877,0.1668686557565197,1.0,0.9625,1.0,0.9166666666666666,1.0,0.9308134920634921,1.0,0.9946428571428573,0.99921875,0.8543181818181818,0.08023296351892709,0.383847598317079,1.0,0.8583333333333332,0.9977272727272727,0.7208333333333333,0.9988095238095237,0.7524404761904762,1.0,0.9107142857142858,1.0,0.9470454545454545,0.04553380835326781,0.2212688314884085,1.0,0.95375,1.0,0.9020833333333332,1.0,0.919761904761905,1.0,0.9726190476190476
9,0.1,1.0,0.9845407196969695,0.9540909090909091,0.11041739782330755,0.18559212790740728,1.0,1.0,0.9558712121212121,0.8708333333333332,0.9769151138716357,0.9233333333333335,1.0,0.9886904761904762,1.0,0.9400000000000001,0.014100430801648795,0.17968857877017594,1.0,0.9400000000000001,1.0,0.9020833333333332,1.0,0.9092460317460317,1.0,0.9928571428571429,0.99921875,0.8543181818181818,0.08023296351892709,0.383847598317079,1.0,0.8583333333333332,0.9977272727272727,0.7208333333333333,0.9988095238095237,0.7524404761904762,1.0,0.9107142857142858,1.0,0.9381818181818182,0.04350994683624221,0.21211709491584713,1.0,0.9425000000000001,1.0,0.8916666666666666,1.0,0.9062103174603175,1.0,0.9761904761904763
9,0.2,0.1,0.9845407196969695,0.9540909090909091,0.11041739782330755,0.18559212790740728,1.0,1.0,0.9558712121212121,0.8708333333333332,0.9769151138716357,0.9233333333333335,1.0,0.9886904761904762,1.0,0.9815909090909092,0.012221336010983071,0.10445235173338144,1.0,0.99,1.0,0.9604166666666666,1.0,0.9715873015873016,1.0,1.0,0.99921875,0.8543181818181818,0.08023296351892709,0.383847598317079,1.0,0.8583333333333332,0.9977272727272727,0.7208333333333333,0.9988095238095237,0.7524404761904762,1.0,0.9107142857142858,0.9627604166666668,0.8359090909090909,0.14721752429117055,0.36735375668867826,0.9881818181818183,0.8516666666666666,0.9041666666666666,0.68125,0.9432411314848386,0.718829365079365,0.995508658008658,0.9422619047619047
9,0.2,0.5,0.9845407196969695,0.9540909090909091,0.11041739782330755,0.18559212790740728,1.0,1.0,0.9558712121212121,0.8708333333333332,0.9769151138716357,0.9233333333333335,1.0,0.9886904761904762,1.0,0.9540909090909091,0.013289841366465877,0.1668686557565197,1.0,0.9625,1.0,0.9166666666666666,1.0,0.9308134920634921,1.0,0.9946428571428573,0.99921875,0.8543181818181818,0.08023296351892709,0.383847598317079,1.0,0.8583333333333332,0.9977272727272727,0.7208333333333333,0.9988095238095237,0.7524404761904762,1.0,0.9107142857142858,1.0,0.9470454545454545,0.04553380835326781,0.2212688314884085,1.0,0.95375,1.0,0.9020833333333332,1.0,0.919761904761905,1.0,0.9726190476190476
9,0.2,1.0,0.9845407196969695,0.9540909090909091,0.11041739782330755,0.18559212790740728,1.0,1.0,0.9558712121212121,0.8708333333333332,0.9769151138716357,0.9233333333333335,1.0,0.9886904761904762,1.0,0.9400000000000001,0.014100430801648795,0.17968857877017594,1.0,0.9400000000000001,1.0,0.9020833333333332,1.0,0.9092460317460317,1.0,0.9928571428571429,0.99921875,0.8543181818181818,0.08023296351892709,0.383847598317079,1.0,0.8583333333333332,0.9977272727272727,0.7208333333333333,0.9988095238095237,0.7524404761904762,1.0,0.9107142857142858,1.0,0.9381818181818182,0.04350994683624221,0.21211709491584713,1.0,0.9425000000000001,1.0,0.8916666666666666,1.0,0.9062103174603175,1.0,0.9761904761904763
10,0.01,0.1,0.9861032196969696,0.9470454545454545,0.1223244328727183,0.21630015622443133,1.0,0.9887499999999999,0.9604166666666666,0.8645833333333333,0.979296066252588,0.9134126984126985,1.0,0.9717261904761905,1.0,0.9815909090909092,0.012221336010983071,0.10445235173338144,1.0,0.99,1.0,0.9604166666666666,1.0,0.9715873015873016,1.0,1.0,0.99921875,0.865909090909091,0.07454918233715906,0.3607003159259172,1.0,0.8716666666666665,0.9977272727272727,0.7395833333333333,0.9988095238095237,0.773234126984127,1.0,0.9255952380952381,0.9627604166666668,0.8359090909090909,0.14721752429117055,0.36735375668867826,0.9881818181818183,0.8516666666666666,0.9041666666666666,0.68125,0.9432411314848386,0.718829365079365,0.995508658008658,0.9422619047619047
10,0.01,0.5,0.9861032196969696,0.9470454545454545,0.1223244328727183,0.21630015622443133,1.0,0.9887499999999999,0.9604166666666666,0.8645833333333333,0.979296066252588,0.9134126984126985,1.0,0.9717261904761905,1.0,0.9540909090909091,0.013289841366465877,0.1668686557565197,1.0,0.9625,1.0,0.9166666666666666,1.0,0.9308134920634921,1.0,0.9946428571428573,0.99921875,0.865909090909091,0.07454918233715906,0.3607003159259172,1.0,0.8716666666666665,0.9977272727272727,0.7395833333333333,0.9988095238095237,0.773234126984127,1.0,0.9255952380952381,1.0,0.9470454545454545,0.04553380835326781,0.2212688314884085,1.0,0.95375,1.0,0.9020833333333332,1.0,0.919761904761905,1.0,0.9726190476190476
10,0.01,1.0,0.9861032196969696,0.9470454545454545,0.1223244328727183,0.21630015622443133,1.0,0.9887499999999999,0.9604166666666666,0.8645833333333333,0.979296066252588,0.9134126984126985,1.0,0.9717261904761905,1.0,0.9400000000000001,0.014100430801648795,0.17968857877017594,1.0,0.9400000000000001,1.0,0.9020833333333332,1.0,0.9092460317460317,1.0,0.9928571428571429,0.99921875,0.865909090909091,0.07454918233715906,0.3607003159259172,1.0,0.8716666666666665,0.9977272727272727,0.7395833333333333,0.9988095238095237,0.773234126984127,1.0,0.9255952380952381,1.0,0.9381818181818182,0.04350994683624221,0.21211709491584713,1.0,0.9425000000000001,1.0,0.8916666666666666,1.0,0.9062103174603175,1.0,0.9761904761904763
10,0.02,0.1,0.9861032196969696,0.9470454545454545,0.1223244328727183,0.21630015622443133,1.0,0.9887499999999999,0.9604166666666666,0.8645833333333333,0.979296066252588,0.9134126984126985,1.0,0.9717261904761905,1.0,0.9815909090909092,0.012221336010983071,0.10445235173338144,1.0,0.99,1.0,0.9604166666666666,1.0,0.9715873015873016,1.0,1.0,0.99921875,0.865909090909091,0.07454918233715906,0.3607003159259172,1.0,0.8716666666666665,0.9977272727272727,0.7395833333333333,0.9988095238095237,0.773234126984127,1.0,0.9255952380952381,0.9627604166666668,0.8359090909090909,0.14721752429117055,0.36735375668867826,0.9881818181818183,0.8516666666666666,0.9041666666666666,0.68125,0.9432411314848386,0.718829365079365,0.995508658008658,0.9422619047619047
10,0.02,0.5,0.9861032196969696,0.9470454545454545,0.1223244328727183,0.21630015622443133,1.0,0.9887499999999999,0.9604166666666666,0.8645833333333333,0.979296066252588,0.9134126984126985,1.0,0.9717261904761905,1.0,0.9540909090909091,0.013289841366465877,0.1668686557565197,1.0,0.9625,1.0,0.9166666666666666,1.0,0.9308134920634921,1.0,0.9946428571428573,0.99921875,0.865909090909091,0.07454918233715906,0.3607003159259172,1.0,0.8716666666666665,0.9977272727272727,0.7395833333333333,0.9988095238095237,0.773234126984127,1.0,0.9255952380952381,1.0,0.9470454545454545,0.04553380835326781,0.2212688314884085,1.0,0.95375,1.0,0.9020833333333332,1.0,0.919761904761905,1.0,0.9726190476190476
10,0.02,1.0,0.9861032196969696,0.9470454545454545,0.1223244328727183,0.21630015622443133,1.0,0.9887499999999999,0.9604166666666666,0.8645833333333333,0.979296066252588,0.9134126984126985,1.0,0.9717261904761905,1.0,0.9400000000000001,0.014100430801648795,0.17968857877017594,1.0,0.9400000000000001,1.0,0.9020833333333332,1.0,0.9092460317460317,1.0,0.9928571428571429,0.99921875,0.865909090909091,0.07454918233715906,0.3607003159259172,1.0,0.8716666666666665,0.9977272727272727,0.7395833333333333,0.9988095238095237,0.773234126984127,1.0,0.9255952380952381,1.0,0.9381818181818182,0.04350994683624221,0.21211709491584713,1.0,0.9425000000000001,1.0,0.8916666666666666,1.0,0.9062103174603175,1.0,0.9761904761904763
10,0.05,0.1,0.9861032196969696,0.9470454545454545,0.1223244328727183,0.21630015622443133,1.0,0.9887499999999999,0.9604166666666666,0.8645833333333333,0.979296066252588,0.9134126984126985,1.0,0.9717261904761905,1.0,0.9815909090909092,0.012221336010983071,0.10445235173338144,1.0,0.99,1.0,0.9604166666666666,1.0,0.9715873015873016,1.0,1.0,0.99921875,0.865909090909091,0.07454918233715906,0.3607003159259172,1.0,0.8716666666666665,0.9977272727272727,0.7395833333333333,0.9988095238095237,0.773234126984127,1.0,0.9255952380952381,0.9627604166666668,0.8359090909090909,0.14721752429117055,0.36735375668867826,0.9881818181818183,0.8516666666666666,0.9041666666666666,0.68125,0.9432411314848386,0.718829365079365,0.995508658008658,0.9422619047619047
10,0.05,0.5,0.9861032196969696,0.9470454545454545,0.1223244328727183,0.21630015622443133,1.0,0.9887499999999999,0.9604166666666666,0.8645833333333333,0.979296066252588,0.9134126984126985,1.0,0.9717261904761905,1.0,0.9540909090909091,0.013289841366465877,0.1668686557565197,1.0,0.9625,1.0,0.9166666666666666,1.0,0.9308134920634921,1.0,0.9946428571428573,0.99921875,0.865909090909091,0.07454918233715906,0.3607003159259172,1.0,0.8716666666666665,0.9977272727272727,0.7395833333333333,0.9988095238095237,0.773234126984127,1.0,0.9255952380952381,1.0,0.9470454545454545,0.04553380835326781,0.2212688314884085,1.0,0.95375,1.0,0.9020833333333332,1.0,0.919761904761905,1.0,0.9726190476190476
10,0.05,1.0,0.9861032196969696,0.9470454545454545,0.1223244328727183,0.21630015622443133,1.0,0.9887499999999999,0.9604166666666666,0.8645833333333333,0.979296066252588,0.9134126984126985,1.0,0.9717261904761905,1.0,0.9400000000000001,0.014100430801648795,0.17968857877017594,1.0,0.9400000000000001,1.0,0.9020833333333332,1.0,0.9092460317460317,1.0,0.9928571428571429,0.99921875,0.865909090909091,0.07454918233715906,0.3607003159259172,1.0,0.8716666666666665,0.9977272727272727,0.7395833333333333,0.9988095238095237,0.773234126984127,1.0,0.9255952380952381,1.0,0.9381818181818182,0.04350994683624221,0.21211709491584713,1.0,0.9425000000000001,1.0,0.8916666666666666,1.0,0.9062103174603175,1.0,0.9761904761904763
10,0.1,0.1,0.9861032196969696,0.9470454545454545,0.1223244328727183,0.21630015622443133,1.0,0.9887499999999999,0.9604166666666666,0.8645833333333333,0.979296066252588,0.9134126984126985,1.0,0.9717261904761905,1.0,0.9815909090909092,0.012221336010983071,0.10445235173338144,1.0,0.99,1.0,0.9604166666666666,1.0,0.9715873015873016,1.0,1.0,0.99921875,0.865909090909091,0.07454918233715906,0.3607003159259172,1.0,0.8716666666666665,0.9977272727272727,0.7395833333333333,0.9988095238095237,0.773234126984127,1.0,0.9255952380952381,0.9627604166666668,0.8359090909090909,0.14721752429117055,0.36735375668867826,0.9881818181818183,0.8516666666666666,0.9041666666666666,0.68125,0.9432411314848386,0.718829365079365,0.995508658008658,0.9422619047619047
10,0.1,0.5,0.9861032196969696,0.9470454545454545,0.1223244328727183,0.21630015622443133,1.0,0.9887499999999999,0.9604166666666666,0.8645833333333333,0.979296066252588,0.9134126984126985,1.0,0.9717261904761905,1.0,0.9540909090909091,0.013289841366465877,0.1668686557565197,1.0,0.9625,1.0,0.9166666666666666,1.0,0.9308134920634921,1.0,0.9946428571428573,0.99921875,0.865909090909091,0.07454918233715906,0.3607003159259172,1.0,0.8716666666666665,0.9977272727272727,0.7395833333333333,0.9988095238095237,0.773234126984127,1.0,0.9255952380952381,1.0,0.9470454545454545,0.04553380835326781,0.2212688314884085,1.0,0.95375,1.0,0.9020833333333332,1.0,0.919761904761905,1.0,0.9726190476190476
10,0.1,1.0,0.9861032196969696,0.9470454545454545,0.1223244328727183,0.21630015622443133,1.0,0.9887499999999999,0.9604166666666666,0.8645833333333333,0.979296066252588,0.9134126984126985,1.0,0.9717261904761905,1.0,0.9400000000000001,0.014100430801648795,0.17968857877017594,1.0,0.9400000000000001,1.0,0.9020833333333332,1.0,0.9092460317460317,1.0,0.9928571428571429,0.99921875,0.865909090909091,0.07454918233715906,0.3607003159259172,1.0,0.8716666666666665,0.9977272727272727,0.7395833333333333,0.9988095238095237,0.773234126984127,1.0,0.9255952380952381,1.0,0.9381818181818182,0.04350994683624221,0.21211709491584713,1.0,0.9425000000000001,1.0,0.8916666666666666,1.0,0.9062103174603175,1.0,0.9761904761904763
10,0.2,0.1,0.9861032196969696,0.9470454545454545,0.1223244328727183,0.21630015622443133,1.0,0.9887499999999999,0.9604166666666666,0.8645833333333333,0.979296066252588,0.9134126984126985,1.0,0.9717261904761905,1.0,0.9815909090909092,0.012221336010983071,0.10445235173338144,1.0,0.99,1.0,0.9604166666666666,1.0,0.9715873015873016,1.0,1.0,0.99921875,0.865909090909091,0.07454918233715906,0.3607003159259172,1.0,0.8716666666666665,0.9977272727272727,0.7395833333333333,0.9988095238095237,0.773234126984127,1.0,0.9255952380952381,0.9627604166666668,0.8359090909090909,0.14721752429117055,0.36735375668867826,0.9881818181818183,0.8516666666666666,0.9041666666666666,0.68125,0.9432411314848386,0.718829365079365,0.995508658008658,0.9422619047619047
10,0.2,0.5,0.9861032196969696,0.9470454545454545,0.1223244328727183,0.21630015622443133,1.0,0.9887499999999999,0.9604166666666666,0.8645833333333333,0.979296066252588,0.9134126984126985,1.0,0.9717261904761905,1.0,0.9540909090909091,0.013289841366465877,0.1668686557565197,1.0,0.9625,1.0,0.9166666666666666,1.0,0.9308134920634921,1.0,0.9946428571428573,0.99921875,0.865909090909091,0.07454918233715906,0.3607003159259172,1.0,0.8716666666666665,0.9977272727272727,0.7395833333333333,0.9988095238095237,0.773234126984127,1.0,0.9255952380952381,1.0,0.9470454545454545,0.04553380835326781,0.2212688314884085,1.0,0.95375,1.0,0.9020833333333332,1.0,0.919761904761905,1.0,0.9726190476190476
10,0.2,1.0,0.9861032196969696,0.9470454545454545,0.1223244328727183,0.21630015622443133,1.0,0.9887499999999999,0.9604166666666666,0.8645833333333333,0.979296066252588,0.9134126984126985,1.0,0.9717261904761905,1.0,0.9400000000000001,0.014100430801648795,0.17968857877017594,1.0,0.9400000000000001,1.0,0.9020833333333332,1.0,0.9092460317460317,1.0,0.9928571428571429,0.99921875,0.865909090909091,0.07454918233715906,0.3607003159259172,1.0,0.8716666666666665,0.9977272727272727,0.7395833333333333,0.9988095238095237,0.773234126984127,1.0,0.9255952380952381,1.0,0.9381818181818182,0.04350994683624221,0.21211709491584713,1.0,0.9425000000000001,1.0,0.8916666666666666,1.0,0.9062103174603175,1.0,0.9761904761904763
11,0.01,0.1,1.0,0.9513636363636364,0.0733197745071262,0.14182246942394258,1.0,0.9916666666666666,1.0,0.8729166666666666,1.0,0.9214285714285714,1.0,0.9991071428571429,1.0,0.9815909090909092,0.012221336010983071,0.10445235173338144,1.0,0.99,1.0,0.9604166666666666,1.0,0.9715873015873016,1.0,1.0,1.0,0.8679545454545454,0.07041858976754321,0.3508113488954291,1.0,0.8716666666666665,1.0,0.7458333333333333,1.0,0.7807936507936508,1.0,0.9336309523809524,0.9627604166666668,0.8359090909090909,0.14721752429117055,0.36735375668867826,0.9881818181818183,0.8516666666666666,0.9041666666666666,0.68125,0.9432411314848386,0.718829365079365,0.995508658008658,0.9422619047619047
11,0.01,0.5,1.0,0.9513636363636364,0.0733197745071262,0.14182246942394258,1.0,0.9916666666666666,1.0,0.8729166666666666,1.0,0.9214285714285714,1.0,0.9991071428571429,1.0,0.9540909090909091,0.013289841366465877,0.1668686557565197,1.0,0.9625,1.0,0.9166666666666666,1.0,0.9308134920634921,1.0,0.9946428571428573,1.0,0.8679545454545454,0.07041858976754321,0.3508113488954291,1.0,0.8716666666666665,1.0,0.7458333333333333,1.0,0.7807936507936508,1.0,0.9336309523809524,1.0,0.9470454545454545,0.04553380835326781,0.2212688314884085,1.0,0.95375,1.0,0.9020833333333332,1.0,0.919761904761905,1.0,0.9726190476190476
11,0.01,1.0,1.0,0.9513636363636364,0.0733197745071262,0.14182246942394258,1.0,0.9916666666666666,1.0,0.8729166666666666,1.0,0.9214285714285714,1.0,0.9991071428571429,1.0,0.9400000000000001,0.014100430801648795,0.17968857877017594,1.0,0.9400000000000001,1.0,0.9020833333333332,1.0,0.9092460317460317,1.0,0.9928571428571429,1.0,0.8679545454545454,0.07041858976754321,0.3508113488954291,1.0,0.8716666666666665,1.0,0.7458333333333333,1.0,0.7807936507936508,1.0,0.9336309523809524,1.0,0.9381818181818182,0.04350994683624221,0.21211709491584713,1.0,0.9425000000000001,1.0,0.8916666666666666,1.0,0.9062103174603175,1.0,0.9761904761904763
11,0.02,0.1,1.0,0.9513636363636364,0.0733197745071262,0.14182246942394258,1.0,0.9916666666666666,1.0,0.8729166666666666,1.0,0.9214285714285714,1.0,0.9991071428571429,1.0,0.9815909090909092,0.012221336010983071,0.10445235173338144,1.0,0.99,1.0,0.9604166666666666,1.0,0.9715873015873016,1.0,1.0,1.0,0.8679545454545454,0.07041858976754321,0.3508113488954291,1.0,0.8716666666666665,1.0,0.7458333333333333,1.0,0.7807936507936508,1.0,0.9336309523809524,0.9627604166666668,0.8359090909090909,0.14721752429117055,0.36735375668867826,0.9881818181818183,0.8516666666666666,0.9041666666666666,0.68125,0.9432411314848386,0.718829365079365,0.995508658008658,0.9422619047619047
11,0.02,0.5,1.0,0.9513636363636364,0.0733197745071262,0.14182246942394258,1.0,0.9916666666666666,1.0,0.8729166666666666,1.0,0.9214285714285714,1.0,0.9991071428571429,1.0,0.9540909090909091,0.013289841366465877,0.1668686557565197,1.0,0.9625,1.0,0.9166666666666666,1.0,0.9308134920634921,1.0,0.9946428571428573,1.0,0.8679545454545454,0.07041858976754321,0.3508113488954291,1.0,0.8716666666666665,1.0,0.7458333333333333,1.0,0.7807936507936508,1.0,0.9336309523809524,1.0,0.9470454545454545,0.04553380835326781,0.2212688314884085,1.0,0.95375,1.0,0.9020833333333332,1.0,0.919761904761905,1.0,0.9726190476190476
11,0.02,1.0,1.0,0.9513636363636364,0.0733197745071262,0.14182246942394258,1.0,0.9916666666666666,1.0,0.8729166666666666,1.0,0.9214285714285714,1.0,0.9991071428571429,1.0,0.9400000000000001,0.014100430801648795,0.17968857877017594,1.0,0.9400000000000001,1.0,0.9020833333333332,1.0,0.9092460317460317,1.0,0.9928571428571429,1.0,0.8679545454545454,0.07041858976754321,0.3508113488954291,1.0,0.8716666666666665,1.0,0.7458333333333333,1.0,0.7807936507936508,1.0,0.9336309523809524,1.0,0.9381818181818182,0.04350994683624221,0.21211709491584713,1.0,0.9425000000000001,1.0,0.8916666666666666,1.0,0.9062103174603175,1.0,0.9761904761904763
11,0.05,0.1,1.0,0.9513636363636364,0.0733197745071262,0.14182246942394258,1.0,0.9916666666666666,1.0,0.8729166666666666,1.0,0.9214285714285714,1.0,0.9991071428571429,1.0,0.9815909090909092,0.012221336010983071,0.10445235173338144,1.0,0.99,1.0,0.9604166666666666,1.0,0.9715873015873016,1.0,1.0,1.0,0.8679545454545454,0.07041858976754321,0.3508113488954291,1.0,0.8716666666666665,1.0,0.7458333333333333,1.0,0.7807936507936508,1.0,0.9336309523809524,0.9627604166666668,0.8359090909090909,0.14721752429117055,0.36735375668867826,0.9881818181818183,0.8516666666666666,0.9041666666666666,0.68125,0.9432411314848386,0.718829365079365,0.995508658008658,0.9422619047619047
11,0.05,0.5,1.0,0.9513636363636364,0.0733197745071262,0.14182246942394258,1.0,0.9916666666666666,1.0,0.8729166666666666,1.0,0.9214285714285714,1.0,0.9991071428571429,1.0,0.9540909090909091,0.013289841366465877,0.1668686557565197,1.0,0.9625,1.0,0.9166666666666666,1.0,0.9308134920634921,1.0,0.9946428571428573,1.0,0.8679545454545454,0.07041858976754321,0.3508113488954291,1.0,0.8716666666666665,1.0,0.7458333333333333,1.0,0.7807936507936508,1.0,0.9336309523809524,1.0,0.9470454545454545,0.04553380835326781,0.2212688314884085,1.0,0.95375,1.0,0.9020833333333332,1.0,0.919761904761905,1.0,0.9726190476190476
11,0.05,1.0,1.0,0.9513636363636364,0.0733197745071262,0.14182246942394258,1.0,0.9916666666666666,1.0,0.8729166666666666,1.0,0.9214285714285714,1.0,0.9991071428571429,1.0,0.9400000000000001,0.014100430801648795,0.17968857877017594,1.0,0.9400000000000001,1.0,0.9020833333333332,1.0,0.9092460317460317,1.0,0.9928571428571429,1.0,0.8679545454545454,0.07041858976754321,0.3508113488954291,1.0,0.8716666666666665,1.0,0.7458333333333333,1.0,0.7807936507936508,1.0,0.9336309523809524,1.0,0.9381818181818182,0.04350994683624221,0.21211709491584713,1.0,0.9425000000000001,1.0,0.8916666666666666,1.0,0.9062103174603175,1.0,0.9761904761904763
11,0.1,0.1,1.0,0.9513636363636364,0.0733197745071262,0.14182246942394258,1.0,0.9916666666666666,1.0,0.8729166666666666,1.0,0.9214285714285714,1.0,0.9991071428571429,1.0,0.9815909090909092,0.012221336010983071,0.10445235173338144,1.0,0.99,1.0,0.9604166666666666,1.0,0.9715873015873016,1.0,1.0,1.0,0.8679545454545454,0.07041858976754321,0.3508113488954291,1.0,0.8716666666666665,1.0,0.7458333333333333,1.0,0.7807936507936508,1.0,0.9336309523809524,0.9627604166666668,0.8359090909090909,0.14721752429117055,0.36735375668867826,0.9881818181818183,0.8516666666666666,0.9041666666666666,0.68125,0.9432411314848386,0.718829365079365,0.995508658008658,0.9422619047619047
11,0.1,0.5,1.0,0.9513636363636364,0.0733197745071262,0.14182246942394258,1.0,0.9916666666666666,1.0,0.8729166666666666,1.0,0.9214285714285714,1.0,0.9991071428571429,1.0,0.9540909090909091,0.013289841366465877,0.1668686557565197,1.0,0.9625,1.0,0.9166666666666666,1.0,0.9308134920634921,1.0,0.9946428571428573,1.0,0.8679545454545454,0.07041858976754321,0.3508113488954291,1.0,0.8716666666666665,1.0,0.7458333333333333,1.0,0.7807936507936508,1.0,0.9336309523809524,1.0,0.9470454545454545,0.04553380835326781,0.2212688314884085,1.0,0.95375,1.0,0.9020833333333332,1.0,0.919761904761905,1.0,0.9726190476190476
11,0.1,1.0,1.0,0.9513636363636364,0.0733197745071262,0.14182246942394258,1.0,0.9916666666666666,1.0,0.8729166666666666,1.0,0.9214285714285714,1.0,0.9991071428571429,1.0,0.9400000000000001,0.014100430801648795,0.17968857877017594,1.0,0.9400000000000001,1.0,0.9020833333333332,1.0,0.9092460317460317,1.0,0.9928571428571429,1.0,0.8679545454545454,0.07041858976754321,0.3508113488954291,1.0,0.8716666666666665,1.0,0.7458333333333333,1.0,0.7807936507936508,1.0,0.9336309523809524,1.0,0.9381818181818182,0.04350994683624221,0.21211709491584713,1.0,0.9425000000000001,1.0,0.8916666666666666,1.0,0.9062103174603175,1.0,0.9761904761904763
11,0.2,0.1,1.0,0.9513636363636364,0.0733197745071262,0.14182246942394258,1.0,0.9916666666666666,1.0,0.8729166666666666,1.0,0.9214285714285714,1.0,0.9991071428571429,1.0,0.9815909090909092,0.012221336010983071,0.10445235173338144,1.0,0.99,1.0,0.9604166666666666,1.0,0.9715873015873016,1.0,1.0,1.0,0.8679545454545454,0.07041858976754321,0.3508113488954291,1.0,0.8716666666666665,1.0,0.7458333333333333,1.0,0.7807936507936508,1.0,0.9336309523809524,0.9627604166666668,0.8359090909090909,0.14721752429117055,0.36735375668867826,0.9881818181818183,0.8516666666666666,0.9041666666666666,0.68125,0.9432411314848386,0.718829365079365,0.995508658008658,0.9422619047619047
11,0.2,0.5,1.0,0.9513636363636364,0.0733197745071262,0.14182246942394258,1.0,0.9916666666666666,1.0,0.8729166666666666,1.0,0.9214285714285714,1.0,0.9991071428571429,1.0,0.9540909090909091,0.013289841366465877,0.1668686557565197,1.0,0.9625,1.0,0.9166666666666666,1.0,0.9308134920634921,1.0,0.9946428571428573,1.0,0.8679545454545454,0.07041858976754321,0.3508113488954291,1.0,0.8716666666666665,1.0,0.7458333333333333,1.0,0.7807936507936508,1.0,0.9336309523809524,1.0,0.9470454545454545,0.04553380835326781,0.2212688314884085,1.0,0.95375,1.0,0.9020833333333332,1.0,0.919761904761905,1.0,0.9726190476190476
11,0.2,1.0,1.0,0.9513636363636364,0.0733197745071262,0.14182246942394258,1.0,0.9916666666666666,1.0,0.8729166666666666,1.0,0.9214285714285714,1.0,0.9991071428571429,1.0,0.9400000000000001,0.014100430801648795,0.17968857877017594,1.0,0.9400000000000001,1.0,0.9020833333333332,1.0,0.9092460317460317,1.0,0.9928571428571429,1.0,0.8679545454545454,0.07041858976754321,0.3508113488954291,1.0,0.8716666666666665,1.0,0.7458333333333333,1.0,0.7807936507936508,1.0,0.9336309523809524,1.0,0.9381818181818182,0.04350994683624221,0.21211709491584713,1.0,0.9425000000000001,1.0,0.8916666666666666,1.0,0.9062103174603175,1.0,0.9761904761904763
12,0.01,0.1,1.0,0.9513636363636364,0.07152633907694982,0.14599961500724584,1.0,0.9916666666666666,1.0,0.8729166666666666,1.0,0.9202380952380953,1.0,0.9982142857142857,1.0,0.9815909090909092,0.012221336010983071,0.10445235173338144,1.0,0.99,1.0,0.9604166666666666,1.0,0.9715873015873016,1.0,1.0,1.0,0.8656818181818181,0.06922103798101482,0.34792702100256756,1.0,0.8570833333333333,1.0,0.7520833333333333,1.0,0.7793055555555556,1.0,0.9354166666666668,0.9627604166666668,0.8359090909090909,0.14721752429117055,0.36735375668867826,0.9881818181818183,0.8516666666666666,0.9041666666666666,0.68125,0.9432411314848386,0.718829365079365,0.995508658008658,0.9422619047619047
12,0.01,0.5,1.0,0.9513636363636364,0.07152633907694982,0.14599961500724584,1.0,0.9916666666666666,1.0,0.8729166666666666,1.0,0.9202380952380953,1.0,0.9982142857142857,1.0,0.9540909090909091,0.013289841366465877,0.1668686557565197,1.0,0.9625,1.0,0.9166666666666666,1.0,0.9308134920634921,1.0,0.9946428571428573,1.0,0.8656818181818181,0.06922103798101482,0.34792702100256756,1.0,0.8570833333333333,1.0,0.7520833333333333,1.0,0.7793055555555556,1.0,0.9354166666666668,1.0,0.9470454545454545,0.04553380835326781,0.2212688314884085,1.0,0.95375,1.0,0.9020833333333332,1.0,0.919761904761905,1.0,0.9726190476190476
12,0.01,1.0,1.0,0.9513636363636364,0.07152633907694982,0.14599961500724584,1.0,0.9916666666666666,1.0,0.8729166666666666,1.0,0.9202380952380953,1.0,0.9982142857142857,1.0,0.9400000000000001,0.014100430801648795,0.17968857877017594,1.0,0.9400000000000001,1.0,0.9020833333333332,1.0,0.9092460317460317,1.0,0.9928571428571429,1.0,0.8656818181818181,0.06922103798101482,0.34792702100256756,1.0,0.8570833333333333,1.0,0.7520833333333333,1.0,0.7793055555555556,1.0,0.9354166666666668,1.0,0.9381818181818182,0.04350994683624221,0.21211709491584713,1.0,0.9425000000000001,1.0,0.8916666666666666,1.0,0.9062103174603175,1.0,0.9761904761904763
12,0.02,0.1,1.0,0.9513636363636364,0.07152633907694982,0.14599961500724584,1.0,0.9916666666666666,1.0,0.8729166666666666,1.0,0.9202380952380953,1.0,0.9982142857142857,1.0,0.9815909090909092,0.012221336010983071,0.10445235173338144,1.0,0.99,1.0,0.9604166666666666,1.0,0.9715873015873016,1.0,1.0,1.0,0.8656818181818181,0.06922103798101482,0.34792702100256756,1.0,0.8570833333333333,1.0,0.7520833333333333,1.0,0.7793055555555556,1.0,0.9354166666666668,0.9627604166666668,0.8359090909090909,0.14721752429117055,0.36735375668867826,0.9881818181818183,0.8516666666666666,0.9041666666666666,0.68125,0.9432411314848386,0.718829365079365,0.995508658008658,0.9422619047619047
12,0.02,0.5,1.0,0.9513636363636364,0.07152633907694982,0.14599961500724584,1.0,0.9916666666666666,1.0,0.8729166666666666,1.0,0.9202380952380953,1.0,0.9982142857142857,1.0,0.9540909090909091,0.013289841366465877,0.1668686557565197,1.0,0.9625,1.0,0.9166666666666666,1.0,0.9308134920634921,1.0,0.9946428571428573,1.0,0.8656818181818181,0.06922103798101482,0.34792702100256756,1.0,0.8570833333333333,1.0,0.7520833333333333,1.0,0.7793055555555556,1.0,0.9354166666666668,1.0,0.9470454545454545,0.04553380835326781,0.2212688314884085,1.0,0.95375,1.0,0.9020833333333332,1.0,0.919761904761905,1.0,0.9726190476190476
12,0.02,1.0,1.0,0.9513636363636364,0.07152633907694982,0.14599961500724584,1.0,0.9916666666666666,1.0,0.8729166666666666,1.0,0.9202380952380953,1.0,0.9982142857142857,1.0,0.9400000000000001,0.014100430801648795,0.17968857877017594,1.0,0.9400000000000001,1.0,0.9020833333333332,1.0,0.9092460317460317,1.0,0.9928571428571429,1.0,0.8656818181818181,0.06922103798101482,0.34792702100256756,1.0,0.8570833333333333,1.0,0.7520833333333333,1.0,0.7793055555555556,1.0,0.9354166666666668,1.0,0.9381818181818182,0.04350994683624221,0.21211709491584713,1.0,0.9425000000000001,1.0,0.8916666666666666,1.0,0.9062103174603175,1.0,0.9761904761904763
12,0.05,0.1,1.0,0.9513636363636364,0.07152633907694982,0.14599961500724584,1.0,0.9916666666666666,1.0,0.8729166666666666,1.0,0.9202380952380953,1.0,0.9982142857142857,1.0,0.9815909090909092,0.012221336010983071,0.10445235173338144,1.0,0.99,1.0,0.9604166666666666,1.0,0.9715873015873016,1.0,1.0,1.0,0.8656818181818181,0.06922103798101482,0.34792702100256756,1.0,0.8570833333333333,1.0,0.7520833333333333,1.0,0.7793055555555556,1.0,0.9354166666666668,0.9627604166666668,0.8359090909090909,0.14721752429117055,0.36735375668867826,0.9881818181818183,0.8516666666666666,0.9041666666666666,0.68125,0.9432411314848386,0.718829365079365,0.995508658008658,0.9422619047619047
12,0.05,0.5,1.0,0.9513636363636364,0.07152633907694982,0.14599961500724584,1.0,0.9916666666666666,1.0,0.8729166666666666,1.0,0.9202380952380953,1.0,0.9982142857142857,1.0,0.9540909090909091,0.013289841366465877,0.1668686557565197,1.0,0.9625,1.0,0.9166666666666666,1.0,0.9308134920634921,1.0,0.9946428571428573,1.0,0.8656818181818181,0.06922103798101482,0.34792702100256756,1.0,0.8570833333333333,1.0,0.7520833333333333,1.0,0.7793055555555556,1.0,0.9354166666666668,1.0,0.9470454545454545,0.04553380835326781,0.2212688314884085,1.0,0.95375,1.0,0.9020833333333332,1.0,0.919761904761905,1.0,0.9726190476190476
12,0.05,1.0,1.0,0.9513636363636364,0.07152633907694982,0.14599961500724584,1.0,0.9916666666666666,1.0,0.8729166666666666,1.0,0.9202380952380953,1.0,0.9982142857142857,1.0,0.9400000000000001,0.014100430801648795,0.17968857877017594,1.0,0.9400000000000001,1.0,0.9020833333333332,1.0,0.9092460317460317,1.0,0.9928571428571429,1.0,0.8656818181818181,0.06922103798101482,0.34792702100256756,1.0,0.8570833333333333,1.0,0.7520833333333333,1.0,0.7793055555555556,1.0,0.9354166666666668,1.0,0.9381818181818182,0.04350994683624221,0.21211709491584713,1.0,0.9425000000000001,1.0,0.8916666666666666,1.0,0.9062103174603175,1.0,0.9761904761904763
12,0.1,0.1,1.0,0.9513636363636364,0.07152633907694982,0.14599961500724584,1.0,0.9916666666666666,1.0,0.8729166666666666,1.0,0.9202380952380953,1.0,0.9982142857142857,1.0,0.9815909090909092,0.012221336010983071,0.10445235173338144,1.0,0.99,1.0,0.9604166666666666,1.0,0.9715873015873016,1.0,1.0,1.0,0.8656818181818181,0.06922103798101482,0.34792702100256756,1.0,0.8570833333333333,1.0,0.7520833333333333,1.0,0.7793055555555556,1.0,0.9354166666666668,0.9627604166666668,0.8359090909090909,0.14721752429117055,0.36735375668867826,0.9881818181818183,0.8516666666666666,0.9041666666666666,0.68125,0.9432411314848386,0.718829365079365,0.995508658008658,0.9422619047619047
12,0.1,0.5,1.0,0.9513636363636364,0.07152633907694982,0.14599961500724584,1.0,0.9916666666666666,1.0,0.8729166666666666,1.0,0.9202380952380953,1.0,0.9982142857142857,1.0,0.9540909090909091,0.013289841366465877,0.1668686557565197,1.0,0.9625,1.0,0.9166666666666666,1.0,0.9308134920634921,1.0,0.9946428571428573,1.0,0.8656818181818181,0.06922103798101482,0.34792702100256756,1.0,0.8570833333333333,1.0,0.7520833333333333,1.0,0.7793055555555556,1.0,0.9354166666666668,1.0,0.9470454545454545,0.04553380835326781,0.2212688314884085,1.0,0.95375,1.0,0.9020833333333332,1.0,0.919761904761905,1.0,0.9726190476190476
12,0.1,1.0,1.0,0.9513636363636364,0.07152633907694982,0.14599961500724584,1.0,0.9916666666666666,1.0,0.8729166666666666,1.0,0.9202380952380953,1.0,0.9982142857142857,1.0,0.9400000000000001,0.014100430801648795,0.17968857877017594,1.0,0.9400000000000001,1.0,0.9020833333333332,1.0,0.9092460317460317,1.0,0.9928571428571429,1.0,0.8656818181818181,0.06922103798101482,0.34792702100256756,1.0,0.8570833333333333,1.0,0.7520833333333333,1.0,0.7793055555555556,1.0,0.9354166666666668,1.0,0.9381818181818182,0.04350994683624221,0.21211709491584713,1.0,0.9425000000000001,1.0,0.8916666666666666,1.0,0.9062103174603175,1.0,0.9761904761904763
12,0.2,0.1,1.0,0.9513636363636364,0.07152633907694982,0.14599961500724584,1.0,0.9916666666666666,1.0,0.8729166666666666,1.0,0.9202380952380953,1.0,0.9982142857142857,1.0,0.9815909090909092,0.012221336010983071,0.10445235173338144,1.0,0.99,1.0,0.9604166666666666,1.0,0.9715873015873016,1.0,1.0,1.0,0.8656818181818181,0.06922103798101482,0.34792702100256756,1.0,0.8570833333333333,1.0,0.7520833333333333,1.0,0.7793055555555556,1.0,0.9354166666666668,0.9627604166666668,0.8359090909090909,0.14721752429117055,0.36735375668867826,0.9881818181818183,0.8516666666666666,0.9041666666666666,0.68125,0.9432411314848386,0.718829365079365,0.995508658008658,0.9422619047619047
12,0.2,0.5,1.0,0.9513636363636364,0.07152633907694982,0.14599961500724584,1.0,0.9916666666666666,1.0,0.8729166666666666,1.0,0.9202380952380953,1.0,0.9982142857142857,1.0,0.9540909090909091,0.013289841366465877,0.1668686557565197,1.0,0.9625,1.0,0.9166666666666666,1.0,0.9308134920634921,1.0,0.9946428571428573,1.0,0.8656818181818181,0.06922103798101482,0.34792702100256756,1.0,0.8570833333333333,1.0,0.7520833333333333,1.0,0.7793055555555556,1.0,0.9354166666666668,1.0,0.9470454545454545,0.04553380835326781,0.2212688314884085,1.0,0.95375,1.0,0.9020833333333332,1.0,0.919761904761905,1.0,0.9726190476190476
12,0.2,1.0,1.0,0.9513636363636364,0.07152633907694982,0.14599961500724584,1.0,0.9916666666666666,1.0,0.8729166666666666,1.0,0.9202380952380953,1.0,0.9982142857142857,1.0,0.9400000000000001,0.014100430801648795,0.17968857877017594,1.0,0.9400000000000001,1.0,0.9020833333333332,1.0,0.9092460317460317,1.0,0.9928571428571429,1.0,0.8656818181818181,0.06922103798101482,0.34792702100256756,1.0,0.8570833333333333,1.0,0.7520833333333333,1.0,0.7793055555555556,1.0,0.9354166666666668,1.0,0.9381818181818182,0.04350994683624221,0.21211709491584713,1.0,0.9425000000000001,1.0,0.8916666666666666,1.0,0.9062103174603175,1.0,0.9761904761904763
13,0.01,0.1,1.0,0.9724999999999999,0.06292453473459163,0.10658322514052507,1.0,1.0,1.0,0.9229166666666666,1.0,0.9545238095238094,1.0,0.9991071428571429,1.0,0.9815909090909092,0.012221336010983071,0.10445235173338144,1.0,0.99,1.0,0.9604166666666666,1.0,0.9715873015873016,1.0,1.0,1.0,0.8790909090909091,0.06635509894039834,0.3343825915206792,1.0,0.8858333333333335,1.0,0.7604166666666666,1.0,0.7944444444444445,1.0,0.9422619047619047,0.9627604166666668,0.8359090909090909,0.14721752429117055,0.36735375668867826,0.9881818181818183,0.8516666666666666,0.9041666666666666,0.68125,0.9432411314848386,0.718829365079365,0.995508658008658,0.9422619047619047
13,0.01,0.5,1.0,0.9724999999999999,0.06292453473459163,0.10658322514052507,1.0,1.0,1.0,0.9229166666666666,1.0,0.9545238095238094,1.0,0.9991071428571429,1.0,0.9540909090909091,0.013289841366465877,0.1668686557565197,1.0,0.9625,1.0,0.9166666666666666,1.0,0.9308134920634921,1.0,0.9946428571428573,1.0,0.8790909090909091,0.06635509894039834,0.3343825915206792,1.0,0.8858333333333335,1.0,0.7604166666666666,1.0,0.7944444444444445,1.0,0.9422619047619047,1.0,0.9470454545454545,0.04553380835326781,0.2212688314884085,1.0,0.95375,1.0,0.9020833333333332,1.0,0.919761904761905,1.0,0.9726190476190476
13,0.01,1.0,1.0,0.9724999999999999,0.06292453473459163,0.10658322514052507,1.0,1.0,1.0,0.9229166666666666,1.0,0.9545238095238094,1.0,0.9991071428571429,1.0,0.9400000000000001,0.014100430801648795,0.17968857877017594,1.0,0.9400000000000001,1.0,0.9020833333333332,1.0,0.9092460317460317,1.0,0.9928571428571429,1.0,0.8790909090909091,0.06635509894039834,0.3343825915206792,1.0,0.8858333333333335,1.0,0.7604166666666666,1.0,0.7944444444444445,1.0,0.9422619047619047,1.0,0.9381818181818182,0.04350994683624221,0.21211709491584713,1.0,0.9425000000000001,1.0,0.8916666666666666,1.0,0.9062103174603175,1.0,0.9761904761904763
13,0.02,0.1,1.0,0.9724999999999999,0.06292453473459163,0.10658322514052507,1.0,1.0,1.0,0.9229166666666666,1.0,0.9545238095238094,1.0,0.9991071428571429,1.0,0.9815909090909092,0.012221336010983071,0.10445235173338144,1.0,0.99,1.0,0.9604166666666666,1.0,0.9715873015873016,1.0,1.0,1.0,0.8790909090909091,0.06635509894039834,0.3343825915206792,1.0,0.8858333333333335,1.0,0.7604166666666666,1.0,0.7944444444444445,1.0,0.9422619047619047,0.9627604166666668,0.8359090909090909,0.14721752429117055,0.36735375668867826,0.9881818181818183,0.8516666666666666,0.9041666666666666,0.68125,0.9432411314848386,0.718829365079365,0.995508658008658,0.9422619047619047
13,0.02,0.5,1.0,0.9724999999999999,0.06292453473459163,0.10658322514052507,1.0,1.0,1.0,0.9229166666666666,1.0,0.9545238095238094,1.0,0.9991071428571429,1.0,0.9540909090909091,0.013289841366465877,0.1668686557565197,1.0,0.9625,1.0,0.9166666666666666,1.0,0.9308134920634921,1.0,0.9946428571428573,1.0,0.8790909090909091,0.06635509894039834,0.3343825915206792,1.0,0.8858333333333335,1.0,0.7604166666666666,1.0,0.7944444444444445,1.0,0.9422619047619047,1.0,0.9470454545454545,0.04553380835326781,0.2212688314884085,1.0,0.95375,1.0,0.9020833333333332,1.0,0.919761904761905,1.0,0.9726190476190476
13,0.02,1.0,1.0,0.9724999999999999,0.06292453473459163,0.10658322514052507,1.0,1.0,1.0,0.9229166666666666,1.0,0.9545238095238094,1.0,0.9991071428571429,1.0,0.9400000000000001,0.014100430801648795,0.17968857877017594,1.0,0.9400000000000001,1.0,0.9020833333333332,1.0,0.9092460317460317,1.0,0.9928571428571429,1.0,0.8790909090909091,0.06635509894039834,0.3343825915206792,1.0,0.8858333333333335,1.0,0.7604166666666666,1.0,0.7944444444444445,1.0,0.9422619047619047,1.0,0.9381818181818182,0.04350994683624221,0.21211709491584713,1.0,0.9425000000000001,1.0,0.8916666666666666,1.0,0.9062103174603175,1.0,0.9761904761904763
13,0.05,0.1,1.0,0.9724999999999999,0.06292453473459163,0.10658322514052507,1.0,1.0,1.0,0.9229166666666666,1.0,0.9545238095238094,1.0,0.9991071428571429,1.0,0.9815909090909092,0.012221336010983071,0.10445235173338144,1.0,0.99,1.0,0.9604166666666666,1.0,0.9715873015873016,1.0,1.0,1.0,0.8790909090909091,0.06635509894039834,0.3343825915206792,1.0,0.8858333333333335,1.0,0.7604166666666666,1.0,0.7944444444444445,1.0,0.9422619047619047,0.9627604166666668,0.8359090909090909,0.14721752429117055,0.36735375668867826,0.9881818181818183,0.8516666666666666,0.9041666666666666,0.68125,0.9432411314848386,0.718829365079365,0.995508658008658,0.9422619047619047
13,0.05,0.5,1.0,0.9724999999999999,0.06292453473459163,0.10658322514052507,1.0,1.0,1.0,0.9229166666666666,1.0,0.9545238095238094,1.0,0.9991071428571429,1.0,0.9540909090909091,0.013289841366465877,0.1668686557565197,1.0,0.9625,1.0,0.9166666666666666,1.0,0.9308134920634921,1.0,0.9946428571428573,1.0,0.8790909090909091,0.06635509894039834,0.3343825915206792,1.0,0.8858333333333335,1.0,0.7604166666666666,1.0,0.7944444444444445,1.0,0.9422619047619047,1.0,0.9470454545454545,0.04553380835326781,0.2212688314884085,1.0,0.95375,1.0,0.9020833333333332,1.0,0.919761904761905,1.0,0.9726190476190476
13,0.05,1.0,1.0,0.9724999999999999,0.06292453473459163,0.10658322514052507,1.0,1.0,1.0,0.9229166666666666,1.0,0.9545238095238094,1.0,0.9991071428571429,1.0,0.9400000000000001,0.014100430801648795,0.17968857877017594,1.0,0.9400000000000001,1.0,0.9020833333333332,1.0,0.9092460317460317,1.0,0.9928571428571429,1.0,0.8790909090909091,0.06635509894039834,0.3343825915206792,1.0,0.8858333333333335,1.0,0.7604166666666666,1.0,0.7944444444444445,1.0,0.9422619047619047,1.0,0.9381818181818182,0.04350994683624221,0.21211709491584713,1.0,0.9425000000000001,1.0,0.8916666666666666,1.0,0.9062103174603175,1.0,0.9761904761904763
13,0.1,0.1,1.0,0.9724999999999999,0.06292453473459163,0.10658322514052507,1.0,1.0,1.0,0.9229166666666666,1.0,0.9545238095238094,1.0,0.9991071428571429,1.0,0.9815909090909092,0.012221336010983071,0.10445235173338144,1.0,0.99,1.0,0.9604166666666666,1.0,0.9715873015873016,1.0,1.0,1.0,0.8790909090909091,0.06635509894039834,0.3343825915206792,1.0,0.8858333333333335,1.0,0.7604166666666666,1.0,0.7944444444444445,1.0,0.9422619047619047,0.9627604166666668,0.8359090909090909,0.14721752429117055,0.36735375668867826,0.9881818181818183,0.8516666666666666,0.9041666666666666,0.68125,0.9432411314848386,0.718829365079365,0.995508658008658,0.9422619047619047
13,0.1,0.5,1.0,0.9724999999999999,0.06292453473459163,0.10658322514052507,1.0,1.0,1.0,0.9229166666666666,1.0,0.9545238095238094,1.0,0.9991071428571429,1.0,0.9540909090909091,0.013289841366465877,0.1668686557565197,1.0,0.9625,1.0,0.9166666666666666,1.0,0.9308134920634921,1.0,0.9946428571428573,1.0,0.8790909090909091,0.06635509894039834,0.3343825915206792,1.0,0.8858333333333335,1.0,0.7604166666666666,1.0,0.7944444444444445,1.0,0.9422619047619047,1.0,0.9470454545454545,0.04553380835326781,0.2212688314884085,1.0,0.95375,1.0,0.9020833333333332,1.0,0.919761904761905,1.0,0.9726190476190476
13,0.1,1.0,1.0,0.9724999999999999,0.06292453473459163,0.10658322514052507,1.0,1.0,1.0,0.9229166666666666,1.0,0.9545238095238094,1.0,0.9991071428571429,1.0,0.9400000000000001,0.014100430801648795,0.17968857877017594,1.0,0.9400000000000001,1.0,0.9020833333333332,1.0,0.9092460317460317,1.0,0.9928571428571429,1.0,0.8790909090909091,0.06635509894039834,0.3343825915206792,1.0,0.8858333333333335,1.0,0.7604166666666666,1.0,0.7944444444444445,1.0,0.9422619047619047,1.0,0.9381818181818182,0.04350994683624221,0.21211709491584713,1.0,0.9425000000000001,1.0,0.8916666666666666,1.0,0.9062103174603175,1.0,0.9761904761904763
13,0.2,0.1,1.0,0.9724999999999999,0.06292453473459163,0.10658322514052507,1.0,1.0,1.0,0.9229166666666666,1.0,0.9545238095238094,1.0,0.9991071428571429,1.0,0.9815909090909092,0.012221336010983071,0.10445235173338144,1.0,0.99,1.0,0.9604166666666666,1.0,0.9715873015873016,1.0,1.0,1.0,0.8790909090909091,0.06635509894039834,0.3343825915206792,1.0,0.8858333333333335,1.0,0.7604166666666666,1.0,0.7944444444444445,1.0,0.9422619047619047,0.9627604166666668,0.8359090909090909,0.14721752429117055,0.36735375668867826,0.9881818181818183,0.8516666666666666,0.9041666666666666,0.68125,0.9432411314848386,0.718829365079365,0.995508658008658,0.9422619047619047
13,0.2,0.5,1.0,0.9724999999999999,0.06292453473459163,0.10658322514052507,1.0,1.0,1.0,0.9229166666666666,1.0,0.9545238095238094,1.0,0.9991071428571429,1.0,0.9540909090909091,0.013289841366465877,0.1668686557565197,1.0,0.9625,1.0,0.9166666666666666,1.0,0.9308134920634921,1.0,0.9946428571428573,1.0,0.8790909090909091,0.06635509894039834,0.3343825915206792,1.0,0.8858333333333335,1.0,0.7604166666666666,1.0,0.7944444444444445,1.0,0.9422619047619047,1.0,0.9470454545454545,0.04553380835326781,0.2212688314884085,1.0,0.95375,1.0,0.9020833333333332,1.0,0.919761904761905,1.0,0.9726190476190476
13,0.2,1.0,1.0,0.9724999999999999,0.06292453473459163,0.10658322514052507,1.0,1.0,1.0,0.9229166666666666,1.0,0.9545238095238094,1.0,0.9991071428571429,1.0,0.9400000000000001,0.014100430801648795,0.17968857877017594,1.0,0.9400000000000001,1.0,0.9020833333333332,1.0,0.9092460317460317,1.0,0.9928571428571429,1.0,0.8790909090909091,0.06635509894039834,0.3343825915206792,1.0,0.8858333333333335,1.0,0.7604166666666666,1.0,0.7944444444444445,1.0,0.9422619047619047,1.0,0.9381818181818182,0.04350994683624221,0.21211709491584713,1.0,0.9425000000000001,1.0,0.8916666666666666,1.0,0.9062103174603175,1.0,0.9761904761904763
14,0.01,0.1,1.0,0.9724999999999999,0.0641291069511857,0.10805707670802156,1.0,1.0,1.0,0.9229166666666666,1.0,0.9545238095238094,1.0,0.9991071428571429,1.0,0.9815909090909092,0.012221336010983071,0.10445235173338144,1.0,0.99,1.0,0.9604166666666666,1.0,0.9715873015873016,1.0,1.0,1.0,0.8747727272727273,0.06362091024656229,0.3294109096580662,1.0,0.8933333333333333,1.0,0.74375,1.0,0.7866666666666667,1.0,0.931547619047619,0.9627604166666668,0.8359090909090909,0.14721752429117055,0.36735375668867826,0.9881818181818183,0.8516666666666666,0.9041666666666666,0.68125,0.9432411314848386,0.718829365079365,0.995508658008658,0.9422619047619047
14,0.01,0.5,1.0,0.9724999999999999,0.0641291069511857,0.10805707670802156,1.0,1.0,1.0,0.9229166666666666,1.0,0.9545238095238094,1.0,0.9991071428571429,1.0,0.9540909090909091,0.013289841366465877,0.1668686557565197,1.0,0.9625,1.0,0.9166666666666666,1.0,0.9308134920634921,1.0,0.9946428571428573,1.0,0.8747727272727273,0.06362091024656229,0.3294109096580662,1.0,0.8933333333333333,1.0,0.74375,1.0,0.7866666666666667,1.0,0.931547619047619,1.0,0.9470454545454545,0.04553380835326781,0.2212688314884085,1.0,0.95375,1.0,0.9020833333333332,1.0,0.919761904761905,1.0,0.9726190476190476
14,0.01,1.0,1.0,0.9724999999999999,0.0641291069511857,0.10805707670802156,1.0,1.0,1.0,0.9229166666666666,1.0,0.9545238095238094,1.0,0.9991071428571429,1.0,0.9400000000000001,0.014100430801648795,0.17968857877017594,1.0,0.9400000000000001,1.0,0.9020833333333332,1.0,0.9092460317460317,1.0,0.9928571428571429,1.0,0.8747727272727273,0.06362091024656229,0.3294109096580662,1.0,0.8933333333333333,1.0,0.74375,1.0,0.7866666666666667,1.0,0.931547619047619,1.0,0.9381818181818182,0.04350994683624221,0.21211709491584713,1.0,0.9425000000000001,1.0,0.8916666666666666,1.0,0.9062103174603175,1.0,0.9761904761904763
14,0.02,0.1,1.0,0.9724999999999999,0.0641291069511857,0.10805707670802156,1.0,1.0,1.0,0.9229166666666666,1.0,0.9545238095238094,1.0,0.9991071428571429,1.0,0.9815909090909092,0.012221336010983071,0.10445235173338144,1.0,0.99,1.0,0.9604166666666666,1.0,0.9715873015873016,1.0,1.0,1.0,0.8747727272727273,0.06362091024656229,0.3294109096580662,1.0,0.8933333333333333,1.0,0.74375,1.0,0.7866666666666667,1.0,0.931547619047619,0.9627604166666668,0.8359090909090909,0.14721752429117055,0.36735375668867826,0.9881818181818183,0.8516666666666666,0.9041666666666666,0.68125,0.9432411314848386,0.718829365079365,0.995508658008658,0.9422619047619047
14,0.02,0.5,1.0,0.9724999999999999,0.0641291069511857,0.10805707670802156,1.0,1.0,1.0,0.9229166666666666,1.0,0.9545238095238094,1.0,0.9991071428571429,1.0,0.9540909090909091,0.013289841366465877,0.1668686557565197,1.0,0.9625,1.0,0.9166666666666666,1.0,0.9308134920634921,1.0,0.9946428571428573,1.0,0.8747727272727273,0.06362091024656229,0.3294109096580662,1.0,0.8933333333333333,1.0,0.74375,1.0,0.7866666666666667,1.0,0.931547619047619,1.0,0.9470454545454545,0.04553380835326781,0.2212688314884085,1.0,0.95375,1.0,0.9020833333333332,1.0,0.919761904761905,1.0,0.9726190476190476
14,0.02,1.0,1.0,0.9724999999999999,0.0641291069511857,0.10805707670802156,1.0,1.0,1.0,0.9229166666666666,1.0,0.9545238095238094,1.0,0.9991071428571429,1.0,0.9400000000000001,0.014100430801648795,0.17968857877017594,1.0,0.9400000000000001,1.0,0.9020833333333332,1.0,0.9092460317460317,1.0,0.9928571428571429,1.0,0.8747727272727273,0.06362091024656229,0.3294109096580662,1.0,0.8933333333333333,1.0,0.74375,1.0,0.7866666666666667,1.0,0.931547619047619,1.0,0.9381818181818182,0.04350994683624221,0.21211709491584713,1.0,0.9425000000000001,1.0,0.8916666666666666,1.0,0.9062103174603175,1.0,0.9761904761904763
14,0.05,0.1,1.0,0.9724999999999999,0.0641291069511857,0.10805707670802156,1.0,1.0,1.0,0.9229166666666666,1.0,0.9545238095238094,1.0,0.9991071428571429,1.0,0.9815909090909092,0.012221336010983071,0.10445235173338144,1.0,0.99,1.0,0.9604166666666666,1.0,0.9715873015873016,1.0,1.0,1.0,0.8747727272727273,0.06362091024656229,0.3294109096580662,1.0,0.8933333333333333,1.0,0.74375,1.0,0.7866666666666667,1.0,0.931547619047619,0.9627604166666668,0.8359090909090909,0.14721752429117055,0.36735375668867826,0.9881818181818183,0.8516666666666666,0.9041666666666666,0.68125,0.9432411314848386,0.718829365079365,0.995508658008658,0.9422619047619047
14,0.05,0.5,1.0,0.9724999999999999,0.0641291069511857,0.10805707670802156,1.0,1.0,1.0,0.9229166666666666,1.0,0.9545238095238094,1.0,0.9991071428571429,1.0,0.9540909090909091,0.013289841366465877,0.1668686557565197,1.0,0.9625,1.0,0.9166666666666666,1.0,0.9308134920634921,1.0,0.9946428571428573,1.0,0.8747727272727273,0.06362091024656229,0.3294109096580662,1.0,0.8933333333333333,1.0,0.74375,1.0,0.7866666666666667,1.0,0.931547619047619,1.0,0.9470454545454545,0.04553380835326781,0.2212688314884085,1.0,0.95375,1.0,0.9020833333333332,1.0,0.919761904761905,1.0,0.9726190476190476
14,0.05,1.0,1.0,0.9724999999999999,0.0641291069511857,0.10805707670802156,1.0,1.0,1.0,0.9229166666666666,1.0,0.9545238095238094,1.0,0.9991071428571429,1.0,0.9400000000000001,0.014100430801648795,0.17968857877017594,1.0,0.9400000000000001,1.0,0.9020833333333332,1.0,0.9092460317460317,1.0,0.9928571428571429,1.0,0.8747727272727273,0.06362091024656229,0.3294109096580662,1.0,0.8933333333333333,1.0,0.74375,1.0,0.7866666666666667,1.0,0.931547619047619,1.0,0.9381818181818182,0.04350994683624221,0.21211709491584713,1.0,0.9425000000000001,1.0,0.8916666666666666,1.0,0.9062103174603175,1.0,0.9761904761904763
14,0.1,0.1,1.0,0.9724999999999999,0.0641291069511857,0.10805707670802156,1.0,1.0,1.0,0.9229166666666666,1.0,0.9545238095238094,1.0,0.9991071428571429,1.0,0.9815909090909092,0.012221336010983071,0.10445235173338144,1.0,0.99,1.0,0.9604166666666666,1.0,0.9715873015873016,1.0,1.0,1.0,0.8747727272727273,0.06362091024656229,0.3294109096580662,1.0,0.8933333333333333,1.0,0.74375,1.0,0.7866666666666667,1.0,0.931547619047619,0.9627604166666668,0.8359090909090909,0.14721752429117055,0.36735375668867826,0.9881818181818183,0.8516666666666666,0.9041666666666666,0.68125,0.9432411314848386,0.718829365079365,0.995508658008658,0.9422619047619047
14,0.1,0.5,1.0,0.9724999999999999,0.0641291069511857,0.10805707670802156,1.0,1.0,1.0,0.9229166666666666,1.0,0.9545238095238094,1.0,0.9991071428571429,1.0,0.9540909090909091,0.013289841366465877,0.1668686557565197,1.0,0.9625,1.0,0.9166666666666666,1.0,0.9308134920634921,1.0,0.9946428571428573,1.0,0.8747727272727273,0.06362091024656229,0.3294109096580662,1.0,0.8933333333333333,1.0,0.74375,1.0,0.7866666666666667,1.0,0.931547619047619,1.0,0.9470454545454545,0.04553380835326781,0.2212688314884085,1.0,0.95375,1.0,0.9020833333333332,1.0,0.919761904761905,1.0,0.9726190476190476
14,0.1,1.0,1.0,0.9724999999999999,0.0641291069511857,0.10805707670802156,1.0,1.0,1.0,0.9229166666666666,1.0,0.9545238095238094,1.0,0.9991071428571429,1.0,0.9400000000000001,0.014100430801648795,0.17968857877017594,1.0,0.9400000000000001,1.0,0.9020833333333332,1.0,0.9092460317460317,1.0,0.9928571428571429,1.0,0.8747727272727273,0.06362091024656229,0.3294109096580662,1.0,0.8933333333333333,1.0,0.74375,1.0,0.7866666666666667,1.0,0.931547619047619,1.0,0.9381818181818182,0.04350994683624221,0.21211709491584713,1.0,0.9425000000000001,1.0,0.8916666666666666,1.0,0.9062103174603175,1.0,0.9761904761904763
14,0.2,0.1,1.0,0.9724999999999999,0.0641291069511857,0.10805707670802156,1.0,1.0,1.0,0.9229166666666666,1.0,0.9545238095238094,1.0,0.9991071428571429,1.0,0.9815909090909092,0.012221336010983071,0.10445235173338144,1.0,0.99,1.0,0.9604166666666666,1.0,0.9715873015873016,1.0,1.0,1.0,0.8747727272727273,0.06362091024656229,0.3294109096580662,1.0,0.8933333333333333,1.0,0.74375,1.0,0.7866666666666667,1.0,0.931547619047619,0.9627604166666668,0.8359090909090909,0.14721752429117055,0.36735375668867826,0.9881818181818183,0.8516666666666666,0.9041666666666666,0.68125,0.9432411314848386,0.718829365079365,0.995508658008658,0.9422619047619047
14,0.2,0.5,1.0,0.9724999999999999,0.0641291069511857,0.10805707670802156,1.0,1.0,1.0,0.9229166666666666,1.0,0.9545238095238094,1.0,0.9991071428571429,1.0,0.9540909090909091,0.013289841366465877,0.1668686557565197,1.0,0.9625,1.0,0.9166666666666666,1.0,0.9308134920634921,1.0,0.9946428571428573,1.0,0.8747727272727273,0.06362091024656229,0.3294109096580662,1.0,0.8933333333333333,1.0,0.74375,1.0,0.7866666666666667,1.0,0.931547619047619,1.0,0.9470454545454545,0.04553380835326781,0.2212688314884085,1.0,0.95375,1.0,0.9020833333333332,1.0,0.919761904761905,1.0,0.9726190476190476
14,0.2,1.0,1.0,0.9724999999999999,0.0641291069511857,0.10805707670802156,1.0,1.0,1.0,0.9229166666666666,1.0,0.9545238095238094,1.0,0.9991071428571429,1.0,0.9400000000000001,0.014100430801648795,0.17968857877017594,1.0,0.9400000000000001,1.0,0.9020833333333332,1.0,0.9092460317460317,1.0,0.9928571428571429,1.0,0.8747727272727273,0.06362091024656229,0.3294109096580662,1.0,0.8933333333333333,1.0,0.74375,1.0,0.7866666666666667,1.0,0.931547619047619,1.0,0.9381818181818182,0.04350994683624221,0.21211709491584713,1.0,0.9425000000000001,1.0,0.8916666666666666,1.0,0.9062103174603175,1.0,0.9761904761904763
15,0.01,0.1,1.0,0.9675,0.05975589154048312,0.10781447161738048,1.0,1.0,1.0,0.90625,1.0,0.945714285714286,1.0,1.0,1.0,0.9815909090909092,0.012221336010983071,0.10445235173338144,1.0,0.99,1.0,0.9604166666666666,1.0,0.9715873015873016,1.0,1.0,1.0,0.8795454545454545,0.06206935284402537,0.32138033752727574,1.0,0.8879166666666667,1.0,0.7645833333333333,1.0,0.7989087301587301,1.0,0.9351190476190478,0.9627604166666668,0.8359090909090909,0.14721752429117055,0.36735375668867826,0.9881818181818183,0.8516666666666666,0.9041666666666666,0.68125,0.9432411314848386,0.718829365079365,0.995508658008658,0.9422619047619047
15,0.01,0.5,1.0,0.9675,0.05975589154048312,0.10781447161738048,1.0,1.0,1.0,0.90625,1.0,0.945714285714286,1.0,1.0,1.0,0.9540909090909091,0.013289841366465877,0.1668686557565197,1.0,0.9625,1.0,0.9166666666666666,1.0,0.9308134920634921,1.0,0.9946428571428573,1.0,0.8795454545454545,0.06206935284402537,0.32138033752727574,1.0,0.8879166666666667,1.0,0.7645833333333333,1.0,0.7989087301587301,1.0,0.9351190476190478,1.0,0.9470454545454545,0.04553380835326781,0.2212688314884085,1.0,0.95375,1.0,0.9020833333333332,1.0,0.919761904761905,1.0,0.9726190476190476
15,0.01,1.0,1.0,0.9675,0.05975589154048312,0.10781447161738048,1.0,1.0,1.0,0.90625,1.0,0.945714285714286,1.0,1.0,1.0,0.9400000000000001,0.014100430801648795,0.17968857877017594,1.0,0.9400000000000001,1.0,0.9020833333333332,1.0,0.9092460317460317,1.0,0.9928571428571429,1.0,0.8795454545454545,0.06206935284402537,0.32138033752727574,1.0,0.8879166666666667,1.0,0.7645833333333333,1.0,0.7989087301587301,1.0,0.9351190476190478,1.0,0.9381818181818182,0.04350994683624221,0.21211709491584713,1.0,0.9425000000000001,1.0,0.8916666666666666,1.0,0.9062103174603175,1.0,0.9761904761904763
15,0.02,0.1,1.0,0.9675,0.05975589154048312,0.10781447161738048,1.0,1.0,1.0,0.90625,1.0,0.945714285714286,1.0,1.0,1.0,0.9815909090909092,0.012221336010983071,0.10445235173338144,1.0,0.99,1.0,0.9604166666666666,1.0,0.9715873015873016,1.0,1.0,1.0,0.8795454545454545,0.06206935284402537,0.32138033752727574,1.0,0.8879166666666667,1.0,0.7645833333333333,1.0,0.7989087301587301,1.0,0.9351190476190478,0.9627604166666668,0.8359090909090909,0.14721752429117055,0.36735375668867826,0.9881818181818183,0.8516666666666666,0.9041666666666666,0.68125,0.9432411314848386,0.718829365079365,0.995508658008658,0.9422619047619047
15,0.02,0.5,1.0,0.9675,0.05975589154048312,0.10781447161738048,1.0,1.0,1.0,0.90625,1.0,0.945714285714286,1.0,1.0,1.0,0.9540909090909091,0.013289841366465877,0.1668686557565197,1.0,0.9625,1.0,0.9166666666666666,1.0,0.9308134920634921,1.0,0.9946428571428573,1.0,0.8795454545454545,0.06206935284402537,0.32138033752727574,1.0,0.8879166666666667,1.0,0.7645833333333333,1.0,0.7989087301587301,1.0,0.9351190476190478,1.0,0.9470454545454545,0.04553380835326781,0.2212688314884085,1.0,0.95375,1.0,0.9020833333333332,1.0,0.919761904761905,1.0,0.9726190476190476
15,0.02,1.0,1.0,0.9675,0.05975589154048312,0.10781447161738048,1.0,1.0,1.0,0.90625,1.0,0.945714285714286,1.0,1.0,1.0,0.9400000000000001,0.014100430801648795,0.17968857877017594,1.0,0.9400000000000001,1.0,0.9020833333333332,1.0,0.9092460317460317,1.0,0.9928571428571429,1.0,0.8795454545454545,0.06206935284402537,0.32138033752727574,1.0,0.8879166666666667,1.0,0.7645833333333333,1.0,0.7989087301587301,1.0,0.9351190476190478,1.0,0.9381818181818182,0.04350994683624221,0.21211709491584713,1.0,0.9425000000000001,1.0,0.8916666666666666,1.0,0.9062103174603175,1.0,0.9761904761904763
15,0.05,0.1,1.0,0.9675,0.05975589154048312,0.10781447161738048,1.0,1.0,1.0,0.90625,1.0,0.945714285714286,1.0,1.0,1.0,0.9815909090909092,0.012221336010983071,0.10445235173338144,1.0,0.99,1.0,0.9604166666666666,1.0,0.9715873015873016,1.0,1.0,1.0,0.8795454545454545,0.06206935284402537,0.32138033752727574,1.0,0.8879166666666667,1.0,0.7645833333333333,1.0,0.7989087301587301,1.0,0.9351190476190478,0.9627604166666668,0.8359090909090909,0.14721752429117055,0.36735375668867826,0.9881818181818183,0.8516666666666666,0.9041666666666666,0.68125,0.9432411314848386,0.718829365079365,0.995508658008658,0.9422619047619047
15,0.05,0.5,1.0,0.9675,0.05975589154048312,0.10781447161738048,1.0,1.0,1.0,0.90625,1.0,0.945714285714286,1.0,1.0,1.0,0.9540909090909091,0.013289841366465877,0.1668686557565197,1.0,0.9625,1.0,0.9166666666666666,1.0,0.9308134920634921,1.0,0.9946428571428573,1.0,0.8795454545454545,0.06206935284402537,0.32138033752727574,1.0,0.8879166666666667,1.0,0.7645833333333333,1.0,0.7989087301587301,1.0,0.9351190476190478,1.0,0.9470454545454545,0.04553380835326781,0.2212688314884085,1.0,0.95375,1.0,0.9020833333333332,1.0,0.919761904761905,1.0,0.9726190476190476
15,0.05,1.0,1.0,0.9675,0.05975589154048312,0.10781447161738048,1.0,1.0,1.0,0.90625,1.0,0.945714285714286,1.0,1.0,1.0,0.9400000000000001,0.014100430801648795,0.17968857877017594,1.0,0.9400000000000001,1.0,0.9020833333333332,1.0,0.9092460317460317,1.0,0.9928571428571429,1.0,0.8795454545454545,0.06206935284402537,0.32138033752727574,1.0,0.8879166666666667,1.0,0.7645833333333333,1.0,0.7989087301587301,1.0,0.9351190476190478,1.0,0.9381818181818182,0.04350994683624221,0.21211709491584713,1.0,0.9425000000000001,1.0,0.8916666666666666,1.0,0.9062103174603175,1.0,0.9761904761904763
15,0.1,0.1,1.0,0.9675,0.05975589154048312,0.10781447161738048,1.0,1.0,1.0,0.90625,1.0,0.945714285714286,1.0,1.0,1.0,0.9815909090909092,0.012221336010983071,0.10445235173338144,1.0,0.99,1.0,0.9604166666666666,1.0,0.9715873015873016,1.0,1.0,1.0,0.8795454545454545,0.06206935284402537,0.32138033752727574,1.0,0.8879166666666667,1.0,0.7645833333333333,1.0,0.7989087301587301,1.0,0.9351190476190478,0.9627604166666668,0.8359090909090909,0.14721752429117055,0.36735375668867826,0.9881818181818183,0.8516666666666666,0.9041666666666666,0.68125,0.9432411314848386,0.718829365079365,0.995508658008658,0.9422619047619047
15,0.1,0.5,1.0,0.9675,0.05975589154048312,0.10781447161738048,1.0,1.0,1.0,0.90625,1.0,0.945714285714286,1.0,1.0,1.0,0.9540909090909091,0.013289841366465877,0.1668686557565197,1.0,0.9625,1.0,0.9166666666666666,1.0,0.9308134920634921,1.0,0.9946428571428573,1.0,0.8795454545454545,0.06206935284402537,0.32138033752727574,1.0,0.8879166666666667,1.0,0.7645833333333333,1.0,0.7989087301587301,1.0,0.9351190476190478,1.0,0.9470454545454545,0.04553380835326781,0.2212688314884085,1.0,0.95375,1.0,0.9020833333333332,1.0,0.919761904761905,1.0,0.9726190476190476
15,0.1,1.0,1.0,0.9675,0.05975589154048312,0.10781447161738048,1.0,1.0,1.0,0.90625,1.0,0.945714285714286,1.0,1.0,1.0,0.9400000000000001,0.014100430801648795,0.17968857877017594,1.0,0.9400000000000001,1.0,0.9020833333333332,1.0,0.9092460317460317,1.0,0.9928571428571429,1.0,0.8795454545454545,0.06206935284402537,0.32138033752727574,1.0,0.8879166666666667,1.0,0.7645833333333333,1.0,0.7989087301587301,1.0,0.9351190476190478,1.0,0.9381818181818182,0.04350994683624221,0.21211709491584713,1.0,0.9425000000000001,1.0,0.8916666666666666,1.0,0.9062103174603175,1.0,0.9761904761904763
15,0.2,0.1,1.0,0.9675,0.05975589154048312,0.10781447161738048,1.0,1.0,1.0,0.90625,1.0,0.945714285714286,1.0,1.0,1.0,0.9815909090909092,0.012221336010983071,0.10445235173338144,1.0,0.99,1.0,0.9604166666666666,1.0,0.9715873015873016,1.0,1.0,1.0,0.8795454545454545,0.06206935284402537,0.32138033752727574,1.0,0.8879166666666667,1.0,0.7645833333333333,1.0,0.7989087301587301,1.0,0.9351190476190478,0.9627604166666668,0.8359090909090909,0.14721752429117055,0.36735375668867826,0.9881818181818183,0.8516666666666666,0.9041666666666666,0.68125,0.9432411314848386,0.718829365079365,0.995508658008658,0.9422619047619047
15,0.2,0.5,1.0,0.9675,0.05975589154048312,0.10781447161738048,1.0,1.0,1.0,0.90625,1.0,0.945714285714286,1.0,1.0,1.0,0.9540909090909091,0.013289841366465877,0.1668686557565197,1.0,0.9625,1.0,0.9166666666666666,1.0,0.9308134920634921,1.0,0.9946428571428573,1.0,0.8795454545454545,0.06206935284402537,0.32138033752727574,1.0,0.8879166666666667,1.0,0.7645833333333333,1.0,0.7989087301587301,1.0,0.9351190476190478,1.0,0.9470454545454545,0.04553380835326781,0.2212688314884085,1.0,0.95375,1.0,0.9020833333333332,1.0,0.919761904761905,1.0,0.9726190476190476
15,0.2,1.0,1.0,0.9675,0.05975589154048312,0.10781447161738048,1.0,1.0,1.0,0.90625,1.0,0.945714285714286,1.0,1.0,1.0,0.9400000000000001,0.014100430801648795,0.17968857877017594,1.0,0.9400000000000001,1.0,0.9020833333333332,1.0,0.9092460317460317,1.0,0.9928571428571429,1.0,0.8795454545454545,0.06206935284402537,0.32138033752727574,1.0,0.8879166666666667,1.0,0.7645833333333333,1.0,0.7989087301587301,1.0,0.9351190476190478,1.0,0.9381818181818182,0.04350994683624221,0.21211709491584713,1.0,0.9425000000000001,1.0,0.8916666666666666,1.0,0.9062103174603175,1.0,0.9761904761904763
16,0.01,0.1,1.0,0.9881818181818183,0.05344896918001664,0.09470066753542702,1.0,1.0,1.0,0.9645833333333332,1.0,0.9792857142857143,1.0,1.0,1.0,0.9815909090909092,0.012221336010983071,0.10445235173338144,1.0,0.99,1.0,0.9604166666666666,1.0,0.9715873015873016,1.0,1.0,1.0,0.8679545454545454,0.060452864514457014,0.3200615121613092,1.0,0.8800000000000001,1.0,0.7375,1.0,0.7793253968253968,1.0,0.9348214285714285,0.9627604166666668,0.8359090909090909,0.14721752429117055,0.36735375668867826,0.9881818181818183,0.8516666666666666,0.9041666666666666,0.68125,0.9432411314848386,0.718829365079365,0.995508658008658,0.9422619047619047
16,0.01,0.5,1.0,0.9881818181818183,0.05344896918001664,0.09470066753542702,1.0,1.0,1.0,0.9645833333333332,1.0,0.9792857142857143,1.0,1.0,1.0,0.9540909090909091,0.013289841366465877,0.1668686557565197,1.0,0.9625,1.0,0.9166666666666666,1.0,0.9308134920634921,1.0,0.9946428571428573,1.0,0.8679545454545454,0.060452864514457014,0.3200615121613092,1.0,0.8800000000000001,1.0,0.7375,1.0,0.7793253968253968,1.0,0.9348214285714285,1.0,0.9470454545454545,0.04553380835326781,0.2212688314884085,1.0,0.95375,1.0,0.9020833333333332,1.0,0.919761904761905,1.0,0.9726190476190476
16,0.01,1.0,1.0,0.9881818181818183,0.05344896918001664,0.09470066753542702,1.0,1.0,1.0,0.9645833333333332,1.0,0.9792857142857143,1.0,1.0,1.0,0.9400000000000001,0.014100430801648795,0.17968857877017594,1.0,0.9400000000000001,1.0,0.9020833333333332,1.0,0.9092460317460317,1.0,0.9928571428571429,1.0,0.8679545454545454,0.060452864514457014,0.3200615121613092,1.0,0.8800000000000001,1.0,0.7375,1.0,0.7793253968253968,1.0,0.9348214285714285,1.0,0.9381818181818182,0.04350994683624221,0.21211709491584713,1.0,0.9425000000000001,1.0,0.8916666666666666,1.0,0.9062103174603175,1.0,0.9761904761904763
16,0.02,0.1,1.0,0.9881818181818183,0.05344896918001664,0.09470066753542702,1.0,1.0,1.0,0.9645833333333332,1.0,0.9792857142857143,1.0,1.0,1.0,0.9815909090909092,0.012221336010983071,0.10445235173338144,1.0,0.99,1.0,0.9604166666666666,1.0,0.9715873015873016,1.0,1.0,1.0,0.8679545454545454,0.060452864514457014,0.3200615121613092,1.0,0.8800000000000001,1.0,0.7375,1.0,0.7793253968253968,1.0,0.9348214285714285,0.9627604166666668,0.8359090909090909,0.14721752429117055,0.36735375668867826,0.9881818181818183,0.8516666666666666,0.9041666666666666,0.68125,0.9432411314848386,0.718829365079365,0.995508658008658,0.9422619047619047
16,0.02,0.5,1.0,0.9881818181818183,0.05344896918001664,0.09470066753542702,1.0,1.0,1.0,0.9645833333333332,1.0,0.9792857142857143,1.0,1.0,1.0,0.9540909090909091,0.013289841366465877,0.1668686557565197,1.0,0.9625,1.0,0.9166666666666666,1.0,0.9308134920634921,1.0,0.9946428571428573,1.0,0.8679545454545454,0.060452864514457014,0.3200615121613092,1.0,0.8800000000000001,1.0,0.7375,1.0,0.7793253968253968,1.0,0.9348214285714285,1.0,0.9470454545454545,0.04553380835326781,0.2212688314884085,1.0,0.95375,1.0,0.9020833333333332,1.0,0.919761904761905,1.0,0.9726190476190476
16,0.02,1.0,1.0,0.9881818181818183,0.05344896918001664,0.09470066753542702,1.0,1.0,1.0,0.9645833333333332,1.0,0.9792857142857143,1.0,1.0,1.0,0.9400000000000001,0.014100430801648795,0.17968857877017594,1.0,0.9400000000000001,1.0,0.9020833333333332,1.0,0.9092460317460317,1.0,0.9928571428571429,1.0,0.8679545454545454,0.060452864514457014,0.3200615121613092,1.0,0.8800000000000001,1.0,0.7375,1.0,0.7793253968253968,1.0,0.9348214285714285,1.0,0.9381818181818182,0.04350994683624221,0.21211709491584713,1.0,0.9425000000000001,1.0,0.8916666666666666,1.0,0.9062103174603175,1.0,0.9761904761904763
16,0.05,0.1,1.0,0.9881818181818183,0.05344896918001664,0.09470066753542702,1.0,1.0,1.0,0.9645833333333332,1.0,0.9792857142857143,1.0,1.0,1.0,0.9815909090909092,0.012221336010983071,0.10445235173338144,1.0,0.99,1.0,0.9604166666666666,1.0,0.9715873015873016,1.0,1.0,1.0,0.8679545454545454,0.060452864514457014,0.3200615121613092,1.0,0.8800000000000001,1.0,0.7375,1.0,0.7793253968253968,1.0,0.9348214285714285,0.9627604166666668,0.8359090909090909,0.14721752429117055,0.36735375668867826,0.9881818181818183,0.8516666666666666,0.9041666666666666,0.68125,0.9432411314848386,0.718829365079365,0.995508658008658,0.9422619047619047
16,0.05,0.5,1.0,0.9881818181818183,0.05344896918001664,0.09470066753542702,1.0,1.0,1.0,0.9645833333333332,1.0,0.9792857142857143,1.0,1.0,1.0,0.9540909090909091,0.013289841366465877,0.1668686557565197,1.0,0.9625,1.0,0.9166666666666666,1.0,0.9308134920634921,1.0,0.9946428571428573,1.0,0.8679545454545454,0.060452864514457014,0.3200615121613092,1.0,0.8800000000000001,1.0,0.7375,1.0,0.7793253968253968,1.0,0.9348214285714285,1.0,0.9470454545454545,0.04553380835326781,0.2212688314884085,1.0,0.95375,1.0,0.9020833333333332,1.0,0.919761904761905,1.0,0.9726190476190476
16,0.05,1.0,1.0,0.9881818181818183,0.05344896918001664,0.09470066753542702,1.0,1.0,1.0,0.9645833333333332,1.0,0.9792857142857143,1.0,1.0,1.0,0.9400000000000001,0.014100430801648795,0.17968857877017594,1.0,0.9400000000000001,1.0,0.9020833333333332,1.0,0.9092460317460317,1.0,0.9928571428571429,1.0,0.8679545454545454,0.060452864514457014,0.3200615121613092,1.0,0.8800000000000001,1.0,0.7375,1.0,0.7793253968253968,1.0,0.9348214285714285,1.0,0.9381818181818182,0.04350994683624221,0.21211709491584713,1.0,0.9425000000000001,1.0,0.8916666666666666,1.0,0.9062103174603175,1.0,0.9761904761904763
16,0.1,0.1,1.0,0.9881818181818183,0.05344896918001664,0.09470066753542702,1.0,1.0,1.0,0.9645833333333332,1.0,0.9792857142857143,1.0,1.0,1.0,0.9815909090909092,0.012221336010983071,0.10445235173338144,1.0,0.99,1.0,0.9604166666666666,1.0,0.9715873015873016,1.0,1.0,1.0,0.8679545454545454,0.060452864514457014,0.3200615121613092,1.0,0.8800000000000001,1.0,0.7375,1.0,0.7793253968253968,1.0,0.9348214285714285,0.9627604166666668,0.8359090909090909,0.14721752429117055,0.36735375668867826,0.9881818181818183,0.8516666666666666,0.9041666666666666,0.68125,0.9432411314848386,0.718829365079365,0.995508658008658,0.9422619047619047
16,0.1,0.5,1.0,0.9881818181818183,0.05344896918001664,0.09470066753542702,1.0,1.0,1.0,0.9645833333333332,1.0,0.9792857142857143,1.0,1.0,1.0,0.9540909090909091,0.013289841366465877,0.1668686557565197,1.0,0.9625,1.0,0.9166666666666666,1.0,0.9308134920634921,1.0,0.9946428571428573,1.0,0.8679545454545454,0.060452864514457014,0.3200615121613092,1.0,0.8800000000000001,1.0,0.7375,1.0,0.7793253968253968,1.0,0.9348214285714285,1.0,0.9470454545454545,0.04553380835326781,0.2212688314884085,1.0,0.95375,1.0,0.9020833333333332,1.0,0.919761904761905,1.0,0.9726190476190476
16,0.1,1.0,1.0,0.9881818181818183,0.05344896918001664,0.09470066753542702,1.0,1.0,1.0,0.9645833333333332,1.0,0.9792857142857143,1.0,1.0,1.0,0.9400000000000001,0.014100430801648795,0.17968857877017594,1.0,0.9400000000000001,1.0,0.9020833333333332,1.0,0.9092460317460317,1.0,0.9928571428571429,1.0,0.8679545454545454,0.060452864514457014,0.3200615121613092,1.0,0.8800000000000001,1.0,0.7375,1.0,0.7793253968253968,1.0,0.9348214285714285,1.0,0.9381818181818182,0.04350994683624221,0.21211709491584713,1.0,0.9425000000000001,1.0,0.8916666666666666,1.0,0.9062103174603175,1.0,0.9761904761904763
16,0.2,0.1,1.0,0.9881818181818183,0.05344896918001664,0.09470066753542702,1.0,1.0,1.0,0.9645833333333332,1.0,0.9792857142857143,1.0,1.0,1.0,0.9815909090909092,0.012221336010983071,0.10445235173338144,1.0,0.99,1.0,0.9604166666666666,1.0,0.9715873015873016,1.0,1.0,1.0,0.8679545454545454,0.060452864514457014,0.3200615121613092,1.0,0.8800000000000001,1.0,0.7375,1.0,0.7793253968253968,1.0,0.9348214285714285,0.9627604166666668,0.8359090909090909,0.14721752429117055,0.36735375668867826,0.9881818181818183,0.8516666666666666,0.9041666666666666,0.68125,0.9432411314848386,0.718829365079365,0.995508658008658,0.9422619047619047
16,0.2,0.5,1.0,0.9881818181818183,0.05344896918001664,0.09470066753542702,1.0,1.0,1.0,0.9645833333333332,1.0,0.9792857142857143,1.0,1.0,1.0,0.9540909090909091,0.013289841366465877,0.1668686557565197,1.0,0.9625,1.0,0.9166666666666666,1.0,0.9308134920634921,1.0,0.9946428571428573,1.0,0.8679545454545454,0.060452864514457014,0.3200615121613092,1.0,0.8800000000000001,1.0,0.7375,1.0,0.7793253968253968,1.0,0.9348214285714285,1.0,0.9470454545454545,0.04553380835326781,0.2212688314884085,1.0,0.95375,1.0,0.9020833333333332,1.0,0.919761904761905,1.0,0.9726190476190476
16,0.2,1.0,1.0,0.9881818181818183,0.05344896918001664,0.09470066753542702,1.0,1.0,1.0,0.9645833333333332,1.0,0.9792857142857143,1.0,1.0,1.0,0.9400000000000001,0.014100430801648795,0.17968857877017594,1.0,0.9400000000000001,1.0,0.9020833333333332,1.0,0.9092460317460317,1.0,0.9928571428571429,1.0,0.8679545454545454,0.060452864514457014,0.3200615121613092,1.0,0.8800000000000001,1.0,0.7375,1.0,0.7793253968253968,1.0,0.9348214285714285,1.0,0.9381818181818182,0.04350994683624221,0.21211709491584713,1.0,0.9425000000000001,1.0,0.8916666666666666,1.0,0.9062103174603175,1.0,0.9761904761904763
17,0.01,0.1,1.0,0.9977272727272727,0.05568359545464787,0.09374006230780671,1.0,1.0,1.0,0.99375,1.0,0.9964285714285716,1.0,1.0,1.0,0.9815909090909092,0.012221336010983071,0.10445235173338144,1.0,0.99,1.0,0.9604166666666666,1.0,0.9715873015873016,1.0,1.0,1.0,0.8770454545454547,0.05878208699900472,0.320206548811757,1.0,0.8820833333333333,1.0,0.7625,1.0,0.7962896825396826,1.0,0.9348214285714285,0.9627604166666668,0.8359090909090909,0.14721752429117055,0.36735375668867826,0.9881818181818183,0.8516666666666666,0.9041666666666666,0.68125,0.9432411314848386,0.718829365079365,0.995508658008658,0.9422619047619047
17,0.01,0.5,1.0,0.9977272727272727,0.05568359545464787,0.09374006230780671,1.0,1.0,1.0,0.99375,1.0,0.9964285714285716,1.0,1.0,1.0,0.9540909090909091,0.013289841366465877,0.1668686557565197,1.0,0.9625,1.0,0.9166666666666666,1.0,0.9308134920634921,1.0,0.9946428571428573,1.0,0.8770454545454547,0.05878208699900472,0.320206548811757,1.0,0.8820833333333333,1.0,0.7625,1.0,0.7962896825396826,1.0,0.9348214285714285,1.0,0.9470454545454545,0.04553380835326781,0.2212688314884085,1.0,0.95375,1.0,0.9020833333333332,1.0,0.919761904761905,1.0,0.9726190476190476
17,0.01,1.0,1.0,0.9977272727272727,0.05568359545464787,0.09374006230780671,1.0,1.0,1.0,0.99375,1.0,0.9964285714285716,1.0,1.0,1.0,0.9400000000000001,0.014100430801648795,0.17968857877017594,1.0,0.9400000000000001,1.0,0.9020833333333332,1.0,0.9092460317460317,1.0,0.9928571428571429,1.0,0.8770454545454547,0.05878208699900472,0.320206548811757,1.0,0.8820833333333333,1.0,0.7625,1.0,0.7962896825396826,1.0,0.9348214285714285,1.0,0.9381818181818182,0.04350994683624221,0.21211709491584713,1.0,0.9425000000000001,1.0,0.8916666666666666,1.0,0.9062103174603175,1.0,0.9761904761904763
17,0.02,0.1,1.0,0.9977272727272727,0.05568359545464787,0.09374006230780671,1.0,1.0,1.0,0.99375,1.0,0.9964285714285716,1.0,1.0,1.0,0.9815909090909092,0.012221336010983071,0.10445235173338144,1.0,0.99,1.0,0.9604166666666666,1.0,0.9715873015873016,1.0,1.0,1.0,0.8770454545454547,0.05878208699900472,0.320206548811757,1.0,0.8820833333333333,1.0,0.7625,1.0,0.7962896825396826,1.0,0.9348214285714285,0.9627604166666668,0.8359090909090909,0.14721752429117055,0.36735375668867826,0.9881818181818183,0.8516666666666666,0.9041666666666666,0.68125,0.9432411314848386,0.718829365079365,0.995508658008658,0.9422619047619047
17,0.02,0.5,1.0,0.9977272727272727,0.05568359545464787,0.09374006230780671,1.0,1.0,1.0,0.99375,1.0,0.9964285714285716,1.0,1.0,1.0,0.9540909090909091,0.013289841366465877,0.1668686557565197,1.0,0.9625,1.0,0.9166666666666666,1.0,0.9308134920634921,1.0,0.9946428571428573,1.0,0.8770454545454547,0.05878208699900472,0.320206548811757,1.0,0.8820833333333333,1.0,0.7625,1.0,0.7962896825396826,1.0,0.9348214285714285,1.0,0.9470454545454545,0.04553380835326781,0.2212688314884085,1.0,0.95375,1.0,0.9020833333333332,1.0,0.919761904761905,1.0,0.9726190476190476
17,0.02,1.0,1.0,0.9977272727272727,0.05568359545464787,0.09374006230780671,1.0,1.0,1.0,0.99375,1.0,0.9964285714285716,1.0,1.0,1.0,0.9400000000000001,0.014100430801648795,0.17968857877017594,1.0,0.9400000000000001,1.0,0.9020833333333332,1.0,0.9092460317460317,1.0,0.9928571428571429,1.0,0.8770454545454547,0.05878208699900472,0.320206548811757,1.0,0.8820833333333333,1.0,0.7625,1.0,0.7962896825396826,1.0,0.9348214285714285,1.0,0.9381818181818182,0.04350994683624221,0.21211709491584713,1.0,0.9425000000000001,1.0,0.8916666666666666,1.0,0.9062103174603175,1.0,0.9761904761904763
17,0.05,0.1,1.0,0.9977272727272727,0.05568359545464787,0.09374006230780671,1.0,1.0,1.0,0.99375,1.0,0.9964285714285716,1.0,1.0,1.0,0.9815909090909092,0.012221336010983071,0.10445235173338144,1.0,0.99,1.0,0.9604166666666666,1.0,0.9715873015873016,1.0,1.0,1.0,0.8770454545454547,0.05878208699900472,0.320206548811757,1.0,0.8820833333333333,1.0,0.7625,1.0,0.7962896825396826,1.0,0.9348214285714285,0.9627604166666668,0.8359090909090909,0.14721752429117055,0.36735375668867826,0.9881818181818183,0.8516666666666666,0.9041666666666666,0.68125,0.9432411314848386,0.718829365079365,0.995508658008658,0.9422619047619047
17,0.05,0.5,1.0,0.9977272727272727,0.05568359545464787,0.09374006230780671,1.0,1.0,1.0,0.99375,1.0,0.9964285714285716,1.0,1.0,1.0,0.9540909090909091,0.013289841366465877,0.1668686557565197,1.0,0.9625,1.0,0.9166666666666666,1.0,0.9308134920634921,1.0,0.9946428571428573,1.0,0.8770454545454547,0.05878208699900472,0.320206548811757,1.0,0.8820833333333333,1.0,0.7625,1.0,0.7962896825396826,1.0,0.9348214285714285,1.0,0.9470454545454545,0.04553380835326781,0.2212688314884085,1.0,0.95375,1.0,0.9020833333333332,1.0,0.919761904761905,1.0,0.9726190476190476
17,0.05,1.0,1.0,0.9977272727272727,0.05568359545464787,0.09374006230780671,1.0,1.0,1.0,0.99375,1.0,0.9964285714285716,1.0,1.0,1.0,0.9400000000000001,0.014100430801648795,0.17968857877017594,1.0,0.9400000000000001,1.0,0.9020833333333332,1.0,0.9092460317460317,1.0,0.9928571428571429,1.0,0.8770454545454547,0.05878208699900472,0.320206548811757,1.0,0.8820833333333333,1.0,0.7625,1.0,0.7962896825396826,1.0,0.9348214285714285,1.0,0.9381818181818182,0.04350994683624221,0.21211709491584713,1.0,0.9425000000000001,1.0,0.8916666666666666,1.0,0.9062103174603175,1.0,0.9761904761904763
17,0.1,0.1,1.0,0.9977272727272727,0.05568359545464787,0.09374006230780671,1.0,1.0,1.0,0.99375,1.0,0.9964285714285716,1.0,1.0,1.0,0.9815909090909092,0.012221336010983071,0.10445235173338144,1.0,0.99,1.0,0.9604166666666666,1.0,0.9715873015873016,1.0,1.0,1.0,0.8770454545454547,0.05878208699900472,0.320206548811757,1.0,0.8820833333333333,1.0,0.7625,1.0,0.7962896825396826,1.0,0.9348214285714285,0.9627604166666668,0.8359090909090909,0.14721752429117055,0.36735375668867826,0.9881818181818183,0.8516666666666666,0.9041666666666666,0.68125,0.9432411314848386,0.718829365079365,0.995508658008658,0.9422619047619047
17,0.1,0.5,1.0,0.9977272727272727,0.05568359545464787,0.09374006230780671,1.0,1.0,1.0,0.99375,1.0,0.9964285714285716,1.0,1.0,1.0,0.9540909090909091,0.013289841366465877,0.1668686557565197,1.0,0.9625,1.0,0.9166666666666666,1.0,0.9308134920634921,1.0,0.9946428571428573,1.0,0.8770454545454547,0.05878208699900472,0.320206548811757,1.0,0.8820833333333333,1.0,0.7625,1.0,0.7962896825396826,1.0,0.9348214285714285,1.0,0.9470454545454545,0.04553380835326781,0.2212688314884085,1.0,0.95375,1.0,0.9020833333333332,1.0,0.919761904761905,1.0,0.9726190476190476
17,0.1,1.0,1.0,0.9977272727272727,0.05568359545464787,0.09374006230780671,1.0,1.0,1.0,0.99375,1.0,0.9964285714285716,1.0,1.0,1.0,0.9400000000000001,0.014100430801648795,0.17968857877017594,1.0,0.9400000000000001,1.0,0.9020833333333332,1.0,0.9092460317460317,1.0,0.9928571428571429,1.0,0.8770454545454547,0.05878208699900472,0.320206548811757,1.0,0.8820833333333333,1.0,0.7625,1.0,0.7962896825396826,1.0,0.9348214285714285,1.0,0.9381818181818182,0.04350994683624221,0.21211709491584713,1.0,0.9425000000000001,1.0,0.8916666666666666,1.0,0.9062103174603175,1.0,0.9761904761904763
17,0.2,0.1,1.0,0.9977272727272727,0.05568359545464787,0.09374006230780671,1.0,1.0,1.0,0.99375,1.0,0.9964285714285716,1.0,1.0,1.0,0.9815909090909092,0.012221336010983071,0.10445235173338144,1.0,0.99,1.0,0.9604166666666666,1.0,0.9715873015873016,1.0,1.0,1.0,0.8770454545454547,0.05878208699900472,0.320206548811757,1.0,0.8820833333333333,1.0,0.7625,1.0,0.7962896825396826,1.0,0.9348214285714285,0.9627604166666668,0.8359090909090909,0.14721752429117055,0.36735375668867826,0.9881818181818183,0.8516666666666666,0.9041666666666666,0.68125,0.9432411314848386,0.718829365079365,0.995508658008658,0.9422619047619047
17,0.2,0.5,1.0,0.9977272727272727,0.05568359545464787,0.09374006230780671,1.0,1.0,1.0,0.99375,1.0,0.9964285714285716,1.0,1.0,1.0,0.9540909090909091,0.013289841366465877,0.1668686557565197,1.0,0.9625,1.0,0.9166666666666666,1.0,0.9308134920634921,1.0,0.9946428571428573,1.0,0.8770454545454547,0.05878208699900472,0.320206548811757,1.0,0.8820833333333333,1.0,0.7625,1.0,0.7962896825396826,1.0,0.9348214285714285,1.0,0.9470454545454545,0.04553380835326781,0.2212688314884085,1.0,0.95375,1.0,0.9020833333333332,1.0,0.919761904761905,1.0,0.9726190476190476
17,0.2,1.0,1.0,0.9977272727272727,0.05568359545464787,0.09374006230780671,1.0,1.0,1.0,0.99375,1.0,0.9964285714285716,1.0,1.0,1.0,0.9400000000000001,0.014100430801648795,0.17968857877017594,1.0,0.9400000000000001,1.0,0.9020833333333332,1.0,0.9092460317460317,1.0,0.9928571428571429,1.0,0.8770454545454547,0.05878208699900472,0.320206548811757,1.0,0.8820833333333333,1.0,0.7625,1.0,0.7962896825396826,1.0,0.9348214285714285,1.0,0.9381818181818182,0.04350994683624221,0.21211709491584713,1.0,0.9425000000000001,1.0,0.8916666666666666,1.0,0.9062103174603175,1.0,0.9761904761904763
18,0.01,0.1,1.0,0.9931818181818184,0.05444642320776968,0.09504535196078882,1.0,1.0,1.0,0.98125,1.0,0.9892857142857142,1.0,1.0,1.0,0.9815909090909092,0.012221336010983071,0.10445235173338144,1.0,0.99,1.0,0.9604166666666666,1.0,0.9715873015873016,1.0,1.0,1.0,0.8790909090909093,0.05750445890840431,0.3174322256364813,1.0,0.875,1.0,0.775,1.0,0.8011507936507936,1.0,0.9383928571428571,0.9627604166666668,0.8359090909090909,0.14721752429117055,0.36735375668867826,0.9881818181818183,0.8516666666666666,0.9041666666666666,0.68125,0.9432411314848386,0.718829365079365,0.995508658008658,0.9422619047619047
18,0.01,0.5,1.0,0.9931818181818184,0.05444642320776968,0.09504535196078882,1.0,1.0,1.0,0.98125,1.0,0.9892857142857142,1.0,1.0,1.0,0.9540909090909091,0.013289841366465877,0.1668686557565197,1.0,0.9625,1.0,0.9166666666666666,1.0,0.9308134920634921,1.0,0.9946428571428573,1.0,0.8790909090909093,0.05750445890840431,0.3174322256364813,1.0,0.875,1.0,0.775,1.0,0.8011507936507936,1.0,0.9383928571428571,1.0,0.9470454545454545,0.04553380835326781,0.2212688314884085,1.0,0.95375,1.0,0.9020833333333332,1.0,0.919761904761905,1.0,0.9726190476190476
18,0.01,1.0,1.0,0.9931818181818184,0.05444642320776968,0.09504535196078882,1.0,1.0,1.0,0.98125,1.0,0.9892857142857142,1.0,1.0,1.0,0.9400000000000001,0.014100430801648795,0.17968857877017594,1.0,0.9400000000000001,1.0,0.9020833333333332,1.0,0.9092460317460317,1.0,0.9928571428571429,1.0,0.8790909090909093,0.05750445890840431,0.3174322256364813,1.0,0.875,1.0,0.775,1.0,0.8011507936507936,1.0,0.9383928571428571,1.0,0.9381818181818182,0.04350994683624221,0.21211709491584713,1.0,0.9425000000000001,1.0,0.8916666666666666,1.0,0.9062103174603175,1.0,0.9761904761904763
18,0.02,0.1,1.0,0.9931818181818184,0.05444642320776968,0.09504535196078882,1.0,1.0,1.0,0.98125,1.0,0.9892857142857142,1.0,1.0,1.0,0.9815909090909092,0.012221336010983071,0.10445235173338144,1.0,0.99,1.0,0.9604166666666666,1.0,0.9715873015873016,1.0,1.0,1.0,0.8790909090909093,0.05750445890840431,0.3174322256364813,1.0,0.875,1.0,0.775,1.0,0.8011507936507936,1.0,0.9383928571428571,0.9627604166666668,0.8359090909090909,0.14721752429117055,0.36735375668867826,0.9881818181818183,0.8516666666666666,0.9041666666666666,0.68125,0.9432411314848386,0.718829365079365,0.995508658008658,0.9422619047619047
18,0.02,0.5,1.0,0.9931818181818184,0.05444642320776968,0.09504535196078882,1.0,1.0,1.0,0.98125,1.0,0.9892857142857142,1.0,1.0,1.0,0.9540909090909091,0.013289841366465877,0.1668686557565197,1.0,0.9625,1.0,0.9166666666666666,1.0,0.9308134920634921,1.0,0.9946428571428573,1.0,0.8790909090909093,0.05750445890840431,0.3174322256364813,1.0,0.875,1.0,0.775,1.0,0.8011507936507936,1.0,0.9383928571428571,1.0,0.9470454545454545,0.04553380835326781,0.2212688314884085,1.0,0.95375,1.0,0.9020833333333332,1.0,0.919761904761905,1.0,0.9726190476190476
18,0.02,1.0,1.0,0.9931818181818184,0.05444642320776968,0.09504535196078882,1.0,1.0,1.0,0.98125,1.0,0.9892857142857142,1.0,1.0,1.0,0.9400000000000001,0.014100430801648795,0.17968857877017594,1.0,0.9400000000000001,1.0,0.9020833333333332,1.0,0.9092460317460317,1.0,0.9928571428571429,1.0,0.8790909090909093,0.05750445890840431,0.3174322256364813,1.0,0.875,1.0,0.775,1.0,0.8011507936507936,1.0,0.9383928571428571,1.0,0.9381818181818182,0.04350994683624221,0.21211709491584713,1.0,0.9425000000000001,1.0,0.8916666666666666,1.0,0.9062103174603175,1.0,0.9761904761904763
18,0.05,0.1,1.0,0.9931818181818184,0.05444642320776968,0.09504535196078882,1.0,1.0,1.0,0.98125,1.0,0.9892857142857142,1.0,1.0,1.0,0.9815909090909092,0.012221336010983071,0.10445235173338144,1.0,0.99,1.0,0.9604166666666666,1.0,0.9715873015873016,1.0,1.0,1.0,0.8790909090909093,0.05750445890840431,0.3174322256364813,1.0,0.875,1.0,0.775,1.0,0.8011507936507936,1.0,0.9383928571428571,0.9627604166666668,0.8359090909090909,0.14721752429117055,0.36735375668867826,0.9881818181818183,0.8516666666666666,0.9041666666666666,0.68125,0.9432411314848386,0.718829365079365,0.995508658008658,0.9422619047619047
18,0.05,0.5,1.0,0.9931818181818184,0.05444642320776968,0.09504535196078882,1.0,1.0,1.0,0.98125,1.0,0.9892857142857142,1.0,1.0,1.0,0.9540909090909091,0.013289841366465877,0.1668686557565197,1.0,0.9625,1.0,0.9166666666666666,1.0,0.9308134920634921,1.0,0.9946428571428573,1.0,0.8790909090909093,0.05750445890840431,0.3174322256364813,1.0,0.875,1.0,0.775,1.0,0.8011507936507936,1.0,0.9383928571428571,1.0,0.9470454545454545,0.04553380835326781,0.2212688314884085,1.0,0.95375,1.0,0.9020833333333332,1.0,0.919761904761905,1.0,0.9726190476190476
18,0.05,1.0,1.0,0.9931818181818184,0.05444642320776968,0.09504535196078882,1.0,1.0,1.0,0.98125,1.0,0.9892857142857142,1.0,1.0,1.0,0.9400000000000001,0.014100430801648795,0.17968857877017594,1.0,0.9400000000000001,1.0,0.9020833333333332,1.0,0.9092460317460317,1.0,0.9928571428571429,1.0,0.8790909090909093,0.05750445890840431,0.3174322256364813,1.0,0.875,1.0,0.775,1.0,0.8011507936507936,1.0,0.9383928571428571,1.0,0.9381818181818182,0.04350994683624221,0.21211709491584713,1.0,0.9425000000000001,1.0,0.8916666666666666,1.0,0.9062103174603175,1.0,0.9761904761904763
18,0.1,0.1,1.0,0.9931818181818184,0.05444642320776968,0.09504535196078882,1.0,1.0,1.0,0.98125,1.0,0.9892857142857142,1.0,1.0,1.0,0.9815909090909092,0.012221336010983071,0.10445235173338144,1.0,0.99,1.0,0.9604166666666666,1.0,0.9715873015873016,1.0,1.0,1.0,0.8790909090909093,0.05750445890840431,0.3174322256364813,1.0,0.875,1.0,0.775,1.0,0.8011507936507936,1.0,0.9383928571428571,0.9627604166666668,0.8359090909090909,0.14721752429117055,0.36735375668867826,0.9881818181818183,0.8516666666666666,0.9041666666666666,0.68125,0.9432411314848386,0.718829365079365,0.995508658008658,0.9422619047619047
18,0.1,0.5,1.0,0.9931818181818184,0.05444642320776968,0.09504535196078882,1.0,1.0,1.0,0.98125,1.0,0.9892857142857142,1.0,1.0,1.0,0.9540909090909091,0.013289841366465877,0.1668686557565197,1.0,0.9625,1.0,0.9166666666666666,1.0,0.9308134920634921,1.0,0.9946428571428573,1.0,0.8790909090909093,0.05750445890840431,0.3174322256364813,1.0,0.875,1.0,0.775,1.0,0.8011507936507936,1.0,0.9383928571428571,1.0,0.9470454545454545,0.04553380835326781,0.2212688314884085,1.0,0.95375,1.0,0.9020833333333332,1.0,0.919761904761905,1.0,0.9726190476190476
18,0.1,1.0,1.0,0.9931818181818184,0.05444642320776968,0.09504535196078882,1.0,1.0,1.0,0.98125,1.0,0.9892857142857142,1.0,1.0,1.0,0.9400000000000001,0.014100430801648795,0.17968857877017594,1.0,0.9400000000000001,1.0,0.9020833333333332,1.0,0.9092460317460317,1.0,0.9928571428571429,1.0,0.8790909090909093,0.05750445890840431,0.3174322256364813,1.0,0.875,1.0,0.775,1.0,0.8011507936507936,1.0,0.9383928571428571,1.0,0.9381818181818182,0.04350994683624221,0.21211709491584713,1.0,0.9425000000000001,1.0,0.8916666666666666,1.0,0.9062103174603175,1.0,0.9761904761904763
18,0.2,0.1,1.0,0.9931818181818184,0.05444642320776968,0.09504535196078882,1.0,1.0,1.0,0.98125,1.0,0.9892857142857142,1.0,1.0,1.0,0.9815909090909092,0.012221336010983071,0.10445235173338144,1.0,0.99,1.0,0.9604166666666666,1.0,0.9715873015873016,1.0,1.0,1.0,0.8790909090909093,0.05750445890840431,0.3174322256364813,1.0,0.875,1.0,0.775,1.0,0.8011507936507936,1.0,0.9383928571428571,0.9627604166666668,0.8359090909090909,0.14721752429117055,0.36735375668867826,0.9881818181818183,0.8516666666666666,0.9041666666666666,0.68125,0.9432411314848386,0.718829365079365,0.995508658008658,0.9422619047619047
18,0.2,0.5,1.0,0.9931818181818184,0.05444642320776968,0.09504535196078882,1.0,1.0,1.0,0.98125,1.0,0.9892857142857142,1.0,1.0,1.0,0.9540909090909091,0.013289841366465877,0.1668686557565197,1.0,0.9625,1.0,0.9166666666666666,1.0,0.9308134920634921,1.0,0.9946428571428573,1.0,0.8790909090909093,0.05750445890840431,0.3174322256364813,1.0,0.875,1.0,0.775,1.0,0.8011507936507936,1.0,0.9383928571428571,1.0,0.9470454545454545,0.04553380835326781,0.2212688314884085,1.0,0.95375,1.0,0.9020833333333332,1.0,0.919761904761905,1.0,0.9726190476190476
18,0.2,1.0,1.0,0.9931818181818184,0.05444642320776968,0.09504535196078882,1.0,1.0,1.0,0.98125,1.0,0.9892857142857142,1.0,1.0,1.0,0.9400000000000001,0.014100430801648795,0.17968857877017594,1.0,0.9400000000000001,1.0,0.9020833333333332,1.0,0.9092460317460317,1.0,0.9928571428571429,1.0,0.8790909090909093,0.05750445890840431,0.3174322256364813,1.0,0.875,1.0,0.775,1.0,0.8011507936507936,1.0,0.9383928571428571,1.0,0.9381818181818182,0.04350994683624221,0.21211709491584713,1.0,0.9425000000000001,1.0,0.8916666666666666,1.0,0.9062103174603175,1.0,0.9761904761904763
19,0.01,0.1,1.0,0.9861363636363638,0.051652157700785906,0.10003483647401704,1.0,0.9949999999999999,1.0,0.9666666666666666,1.0,0.977936507936508,1.0,1.0,1.0,0.9815909090909092,0.012221336010983071,0.10445235173338144,1.0,0.99,1.0,0.9604166666666666,1.0,0.9715873015873016,1.0,1.0,1.0,0.8843181818181819,0.05640401617767221,0.308385237712811,1.0,0.8779166666666665,1.0,0.7854166666666667,1.0,0.813154761904762,1.0,0.9473214285714284,0.9627604166666668,0.8359090909090909,0.14721752429117055,0.36735375668867826,0.9881818181818183,0.8516666666666666,0.9041666666666666,0.68125,0.9432411314848386,0.718829365079365,0.995508658008658,0.9422619047619047
19,0.01,0.5,1.0,0.9861363636363638,0.051652157700785906,0.10003483647401704,1.0,0.9949999999999999,1.0,0.9666666666666666,1.0,0.977936507936508,1.0,1.0,1.0,0.9540909090909091,0.013289841366465877,0.1668686557565197,1.0,0.9625,1.0,0.9166666666666666,1.0,0.9308134920634921,1.0,0.9946428571428573,1.0,0.8843181818181819,0.05640401617767221,0.308385237712811,1.0,0.8779166666666665,1.0,0.7854166666666667,1.0,0.813154761904762,1.0,0.9473214285714284,1.0,0.9470454545454545,0.04553380835326781,0.2212688314884085,1.0,0.95375,1.0,0.9020833333333332,1.0,0.919761904761905,1.0,0.9726190476190476
19,0.01,1.0,1.0,0.9861363636363638,0.051652157700785906,0.10003483647401704,1.0,0.9949999999999999,1.0,0.9666666666666666,1.0,0.977936507936508,1.0,1.0,1.0,0.9400000000000001,0.014100430801648795,0.17968857877017594,1.0,0.9400000000000001,1.0,0.9020833333333332,1.0,0.9092460317460317,1.0,0.9928571428571429,1.0,0.8843181818181819,0.05640401617767221,0.308385237712811,1.0,0.8779166666666665,1.0,0.7854166666666667,1.0,0.813154761904762,1.0,0.9473214285714284,1.0,0.9381818181818182,0.04350994683624221,0.21211709491584713,1.0,0.9425000000000001,1.0,0.8916666666666666,1.0,0.9062103174603175,1.0,0.9761904761904763
19,0.02,0.1,1.0,0.9861363636363638,0.051652157700785906,0.10003483647401704,1.0,0.9949999999999999,1.0,0.9666666666666666,1.0,0.977936507936508,1.0,1.0,1.0,0.9815909090909092,0.012221336010983071,0.10445235173338144,1.0,0.99,1.0,0.9604166666666666,1.0,0.9715873015873016,1.0,1.0,1.0,0.8843181818181819,0.05640401617767221,0.308385237712811,1.0,0.8779166666666665,1.0,0.7854166666666667,1.0,0.813154761904762,1.0,0.9473214285714284,0.9627604166666668,0.8359090909090909,0.14721752429117055,0.36735375668867826,0.9881818181818183,0.8516666666666666,0.9041666666666666,0.68125,0.9432411314848386,0.718829365079365,0.995508658008658,0.9422619047619047
19,0.02,0.5,1.0,0.9861363636363638,0.051652157700785906,0.10003483647401704,1.0,0.9949999999999999,1.0,0.9666666666666666,1.0,0.977936507936508,1.0,1.0,1.0,0.9540909090909091,0.013289841366465877,0.1668686557565197,1.0,0.9625,1.0,0.9166666666666666,1.0,0.9308134920634921,1.0,0.9946428571428573,1.0,0.8843181818181819,0.05640401617767221,0.308385237712811,1.0,0.8779166666666665,1.0,0.7854166666666667,1.0,0.813154761904762,1.0,0.9473214285714284,1.0,0.9470454545454545,0.04553380835326781,0.2212688314884085,1.0,0.95375,1.0,0.9020833333333332,1.0,0.919761904761905,1.0,0.9726190476190476
19,0.02,1.0,1.0,0.9861363636363638,0.051652157700785906,0.10003483647401704,1.0,0.9949999999999999,1.0,0.9666666666666666,1.0,0.977936507936508,1.0,1.0,1.0,0.9400000000000001,0.014100430801648795,0.17968857877017594,1.0,0.9400000000000001,1.0,0.9020833333333332,1.0,0.9092460317460317,1.0,0.9928571428571429,1.0,0.8843181818181819,0.05640401617767221,0.308385237712811,1.0,0.8779166666666665,1.0,0.7854166666666667,1.0,0.813154761904762,1.0,0.9473214285714284,1.0,0.9381818181818182,0.04350994683624221,0.21211709491584713,1.0,0.9425000000000001,1.0,0.8916666666666666,1.0,0.9062103174603175,1.0,0.9761904761904763
19,0.05,0.1,1.0,0.9861363636363638,0.051652157700785906,0.10003483647401704,1.0,0.9949999999999999,1.0,0.9666666666666666,1.0,0.977936507936508,1.0,1.0,1.0,0.9815909090909092,0.012221336010983071,0.10445235173338144,1.0,0.99,1.0,0.9604166666666666,1.0,0.9715873015873016,1.0,1.0,1.0,0.8843181818181819,0.05640401617767221,0.308385237712811,1.0,0.8779166666666665,1.0,0.7854166666666667,1.0,0.813154761904762,1.0,0.9473214285714284,0.9627604166666668,0.8359090909090909,0.14721752429117055,0.36735375668867826,0.9881818181818183,0.8516666666666666,0.9041666666666666,0.68125,0.9432411314848386,0.718829365079365,0.995508658008658,0.9422619047619047
19,0.05,0.5,1.0,0.9861363636363638,0.051652157700785906,0.10003483647401704,1.0,0.9949999999999999,1.0,0.9666666666666666,1.0,0.977936507936508,1.0,1.0,1.0,0.9540909090909091,0.013289841366465877,0.1668686557565197,1.0,0.9625,1.0,0.9166666666666666,1.0,0.9308134920634921,1.0,0.9946428571428573,1.0,0.8843181818181819,0.05640401617767221,0.308385237712811,1.0,0.8779166666666665,1.0,0.7854166666666667,1.0,0.813154761904762,1.0,0.9473214285714284,1.0,0.9470454545454545,0.04553380835326781,0.2212688314884085,1.0,0.95375,1.0,0.9020833333333332,1.0,0.919761904761905,1.0,0.9726190476190476
19,0.05,1.0,1.0,0.9861363636363638,0.051652157700785906,0.10003483647401704,1.0,0.9949999999999999,1.0,0.9666666666666666,1.0,0.977936507936508,1.0,1.0,1.0,0.9400000000000001,0.014100430801648795,0.17968857877017594,1.0,0.9400000000000001,1.0,0.9020833333333332,1.0,0.9092460317460317,1.0,0.9928571428571429,1.0,0.8843181818181819,0.05640401617767221,0.308385237712811,1.0,0.8779166666666665,1.0,0.7854166666666667,1.0,0.813154761904762,1.0,0.9473214285714284,1.0,0.9381818181818182,0.04350994683624221,0.21211709491584713,1.0,0.9425000000000001,1.0,0.8916666666666666,1.0,0.9062103174603175,1.0,0.9761904761904763
19,0.1,0.1,1.0,0.9861363636363638,0.051652157700785906,0.10003483647401704,1.0,0.9949999999999999,1.0,0.9666666666666666,1.0,0.977936507936508,1.0,1.0,1.0,0.9815909090909092,0.012221336010983071,0.10445235173338144,1.0,0.99,1.0,0.9604166666666666,1.0,0.9715873015873016,1.0,1.0,1.0,0.8843181818181819,0.05640401617767221,0.308385237712811,1.0,0.8779166666666665,1.0,0.7854166666666667,1.0,0.813154761904762,1.0,0.9473214285714284,0.9627604166666668,0.8359090909090909,0.14721752429117055,0.36735375668867826,0.9881818181818183,0.8516666666666666,0.9041666666666666,0.68125,0.9432411314848386,0.718829365079365,0.995508658008658,0.9422619047619047
19,0.1,0.5,1.0,0.9861363636363638,0.051652157700785906,0.10003483647401704,1.0,0.9949999999999999,1.0,0.9666666666666666,1.0,0.977936507936508,1.0,1.0,1.0,0.9540909090909091,0.013289841366465877,0.1668686557565197,1.0,0.9625,1.0,0.9166666666666666,1.0,0.9308134920634921,1.0,0.9946428571428573,1.0,0.8843181818181819,0.05640401617767221,0.308385237712811,1.0,0.8779166666666665,1.0,0.7854166666666667,1.0,0.813154761904762,1.0,0.9473214285714284,1.0,0.9470454545454545,0.04553380835326781,0.2212688314884085,1.0,0.95375,1.0,0.9020833333333332,1.0,0.919761904761905,1.0,0.9726190476190476
19,0.1,1.0,1.0,0.9861363636363638,0.051652157700785906,0.10003483647401704,1.0,0.9949999999999999,1.0,0.9666666666666666,1.0,0.977936507936508,1.0,1.0,1.0,0.9400000000000001,0.014100430801648795,0.17968857877017594,1.0,0.9400000000000001,1.0,0.9020833333333332,1.0,0.9092460317460317,1.0,0.9928571428571429,1.0,0.8843181818181819,0.05640401617767221,0.308385237712811,1.0,0.8779166666666665,1.0,0.7854166666666667,1.0,0.813154761904762,1.0,0.9473214285714284,1.0,0.9381818181818182,0.04350994683624221,0.21211709491584713,1.0,0.9425000000000001,1.0,0.8916666666666666,1.0,0.9062103174603175,1.0,0.9761904761904763
19,0.2,0.1,1.0,0.9861363636363638,0.051652157700785906,0.10003483647401704,1.0,0.9949999999999999,1.0,0.9666666666666666,1.0,0.977936507936508,1.0,1.0,1.0,0.9815909090909092,0.012221336010983071,0.10445235173338144,1.0,0.99,1.0,0.9604166666666666,1.0,0.9715873015873016,1.0,1.0,1.0,0.8843181818181819,0.05640401617767221,0.308385237712811,1.0,0.8779166666666665,1.0,0.7854166666666667,1.0,0.813154761904762,1.0,0.9473214285714284,0.9627604166666668,0.8359090909090909,0.14721752429117055,0.36735375668867826,0.9881818181818183,0.8516666666666666,0.9041666666666666,0.68125,0.9432411314848386,0.718829365079365,0.995508658008658,0.9422619047619047
19,0.2,0.5,1.0,0.9861363636363638,0.051652157700785906,0.10003483647401704,1.0,0.9949999999999999,1.0,0.9666666666666666,1.0,0.977936507936508,1.0,1.0,1.0,0.9540909090909091,0.013289841366465877,0.1668686557565197,1.0,0.9625,1.0,0.9166666666666666,1.0,0.9308134920634921,1.0,0.9946428571428573,1.0,0.8843181818181819,0.05640401617767221,0.308385237712811,1.0,0.8779166666666665,1.0,0.7854166666666667,1.0,0.813154761904762,1.0,0.9473214285714284,1.0,0.9470454545454545,0.04553380835326781,0.2212688314884085,1.0,0.95375,1.0,0.9020833333333332,1.0,0.919761904761905,1.0,0.9726190476190476
19,0.2,1.0,1.0,0.9861363636363638,0.051652157700785906,0.10003483647401704,1.0,0.9949999999999999,1.0,0.9666666666666666,1.0,0.977936507936508,1.0,1.0,1.0,0.9400000000000001,0.014100430801648795,0.17968857877017594,1.0,0.9400000000000001,1.0,0.9020833333333332,1.0,0.9092460317460317,1.0,0.9928571428571429,1.0,0.8843181818181819,0.05640401617767221,0.308385237712811,1.0,0.8779166666666665,1.0,0.7854166666666667,1.0,0.813154761904762,1.0,0.9473214285714284,1.0,0.9381818181818182,0.04350994683624221,0.21211709491584713,1.0,0.9425000000000001,1.0,0.8916666666666666,1.0,0.9062103174603175,1.0,0.9761904761904763
20,0.01,0.1,1.0,0.9861363636363636,0.05131577595381496,0.09818192900353664,1.0,1.0,1.0,0.9604166666666666,1.0,0.9771428571428572,1.0,1.0,1.0,0.9815909090909092,0.012221336010983071,0.10445235173338144,1.0,0.99,1.0,0.9604166666666666,1.0,0.9715873015873016,1.0,1.0,1.0,0.8868181818181817,0.05620123493114472,0.3078514263162355,1.0,0.8866666666666667,1.0,0.7791666666666666,1.0,0.8145436507936509,1.0,0.9482142857142858,0.9627604166666668,0.8359090909090909,0.14721752429117055,0.36735375668867826,0.9881818181818183,0.8516666666666666,0.9041666666666666,0.68125,0.9432411314848386,0.718829365079365,0.995508658008658,0.9422619047619047
20,0.01,0.5,1.0,0.9861363636363636,0.05131577595381496,0.09818192900353664,1.0,1.0,1.0,0.9604166666666666,1.0,0.9771428571428572,1.0,1.0,1.0,0.9540909090909091,0.013289841366465877,0.1668686557565197,1.0,0.9625,1.0,0.9166666666666666,1.0,0.9308134920634921,1.0,0.9946428571428573,1.0,0.8868181818181817,0.05620123493114472,0.3078514263162355,1.0,0.8866666666666667,1.0,0.7791666666666666,1.0,0.8145436507936509,1.0,0.9482142857142858,1.0,0.9470454545454545,0.04553380835326781,0.2212688314884085,1.0,0.95375,1.0,0.9020833333333332,1.0,0.919761904761905,1.0,0.9726190476190476
20,0.01,1.0,1.0,0.9861363636363636,0.05131577595381496,0.09818192900353664,1.0,1.0,1.0,0.9604166666666666,1.0,0.9771428571428572,1.0,1.0,1.0,0.9400000000000001,0.014100430801648795,0.17968857877017594,1.0,0.9400000000000001,1.0,0.9020833333333332,1.0,0.9092460317460317,1.0,0.9928571428571429,1.0,0.8868181818181817,0.05620123493114472,0.3078514263162355,1.0,0.8866666666666667,1.0,0.7791666666666666,1.0,0.8145436507936509,1.0,0.9482142857142858,1.0,0.9381818181818182,0.04350994683624221,0.21211709491584713,1.0,0.9425000000000001,1.0,0.8916666666666666,1.0,0.9062103174603175,1.0,0.9761904761904763
20,0.02,0.1,1.0,0.9861363636363636,0.05131577595381496,0.09818192900353664,1.0,1.0,1.0,0.9604166666666666,1.0,0.9771428571428572,1.0,1.0,1.0,0.9815909090909092,0.012221336010983071,0.10445235173338144,1.0,0.99,1.0,0.9604166666666666,1.0,0.9715873015873016,1.0,1.0,1.0,0.8868181818181817,0.05620123493114472,0.3078514263162355,1.0,0.8866666666666667,1.0,0.7791666666666666,1.0,0.8145436507936509,1.0,0.9482142857142858,0.9627604166666668,0.8359090909090909,0.14721752429117055,0.36735375668867826,0.9881818181818183,0.8516666666666666,0.9041666666666666,0.68125,0.9432411314848386,0.718829365079365,0.995508658008658,0.9422619047619047
20,0.02,0.5,1.0,0.9861363636363636,0.05131577595381496,0.09818192900353664,1.0,1.0,1.0,0.9604166666666666,1.0,0.9771428571428572,1.0,1.0,1.0,0.9540909090909091,0.013289841366465877,0.1668686557565197,1.0,0.9625,1.0,0.9166666666666666,1.0,0.9308134920634921,1.0,0.9946428571428573,1.0,0.8868181818181817,0.05620123493114472,0.3078514263162355,1.0,0.8866666666666667,1.0,0.7791666666666666,1.0,0.8145436507936509,1.0,0.9482142857142858,1.0,0.9470454545454545,0.04553380835326781,0.2212688314884085,1.0,0.95375,1.0,0.9020833333333332,1.0,0.919761904761905,1.0,0.9726190476190476
20,0.02,1.0,1.0,0.9861363636363636,0.05131577595381496,0.09818192900353664,1.0,1.0,1.0,0.9604166666666666,1.0,0.9771428571428572,1.0,1.0,1.0,0.9400000000000001,0.014100430801648795,0.17968857877017594,1.0,0.9400000000000001,1.0,0.9020833333333332,1.0,0.9092460317460317,1.0,0.9928571428571429,1.0,0.8868181818181817,0.05620123493114472,0.3078514263162355,1.0,0.8866666666666667,1.0,0.7791666666666666,1.0,0.8145436507936509,1.0,0.9482142857142858,1.0,0.9381818181818182,0.04350994683624221,0.21211709491584713,1.0,0.9425000000000001,1.0,0.8916666666666666,1.0,0.9062103174603175,1.0,0.9761904761904763
20,0.05,0.1,1.0,0.9861363636363636,0.05131577595381496,0.09818192900353664,1.0,1.0,1.0,0.9604166666666666,1.0,0.9771428571428572,1.0,1.0,1.0,0.9815909090909092,0.012221336010983071,0.10445235173338144,1.0,0.99,1.0,0.9604166666666666,1.0,0.9715873015873016,1.0,1.0,1.0,0.8868181818181817,0.05620123493114472,0.3078514263162355,1.0,0.8866666666666667,1.0,0.7791666666666666,1.0,0.8145436507936509,1.0,0.9482142857142858,0.9627604166666668,0.8359090909090909,0.14721752429117055,0.36735375668867826,0.9881818181818183,0.8516666666666666,0.9041666666666666,0.68125,0.9432411314848386,0.718829365079365,0.995508658008658,0.9422619047619047
20,0.05,0.5,1.0,0.9861363636363636,0.05131577595381496,0.09818192900353664,1.0,1.0,1.0,0.9604166666666666,1.0,0.9771428571428572,1.0,1.0,1.0,0.9540909090909091,0.013289841366465877,0.1668686557565197,1.0,0.9625,1.0,0.9166666666666666,1.0,0.9308134920634921,1.0,0.9946428571428573,1.0,0.8868181818181817,0.05620123493114472,0.3078514263162355,1.0,0.8866666666666667,1.0,0.7791666666666666,1.0,0.8145436507936509,1.0,0.9482142857142858,1.0,0.9470454545454545,0.04553380835326781,0.2212688314884085,1.0,0.95375,1.0,0.9020833333333332,1.0,0.919761904761905,1.0,0.9726190476190476
20,0.05,1.0,1.0,0.9861363636363636,0.05131577595381496,0.09818192900353664,1.0,1.0,1.0,0.9604166666666666,1.0,0.9771428571428572,1.0,1.0,1.0,0.9400000000000001,0.014100430801648795,0.17968857877017594,1.0,0.9400000000000001,1.0,0.9020833333333332,1.0,0.9092460317460317,1.0,0.9928571428571429,1.0,0.8868181818181817,0.05620123493114472,0.3078514263162355,1.0,0.8866666666666667,1.0,0.7791666666666666,1.0,0.8145436507936509,1.0,0.9482142857142858,1.0,0.9381818181818182,0.04350994683624221,0.21211709491584713,1.0,0.9425000000000001,1.0,0.8916666666666666,1.0,0.9062103174603175,1.0,0.9761904761904763
20,0.1,0.1,1.0,0.9861363636363636,0.05131577595381496,0.09818192900353664,1.0,1.0,1.0,0.9604166666666666,1.0,0.9771428571428572,1.0,1.0,1.0,0.9815909090909092,0.012221336010983071,0.10445235173338144,1.0,0.99,1.0,0.9604166666666666,1.0,0.9715873015873016,1.0,1.0,1.0,0.8868181818181817,0.05620123493114472,0.3078514263162355,1.0,0.8866666666666667,1.0,0.7791666666666666,1.0,0.8145436507936509,1.0,0.9482142857142858,0.9627604166666668,0.8359090909090909,0.14721752429117055,0.36735375668867826,0.9881818181818183,0.8516666666666666,0.9041666666666666,0.68125,0.9432411314848386,0.718829365079365,0.995508658008658,0.9422619047619047
20,0.1,0.5,1.0,0.9861363636363636,0.05131577595381496,0.09818192900353664,1.0,1.0,1.0,0.9604166666666666,1.0,0.9771428571428572,1.0,1.0,1.0,0.9540909090909091,0.013289841366465877,0.1668686557565197,1.0,0.9625,1.0,0.9166666666666666,1.0,0.9308134920634921,1.0,0.9946428571428573,1.0,0.8868181818181817,0.05620123493114472,0.3078514263162355,1.0,0.8866666666666667,1.0,0.7791666666666666,1.0,0.8145436507936509,1.0,0.9482142857142858,1.0,0.9470454545454545,0.04553380835326781,0.2212688314884085,1.0,0.95375,1.0,0.9020833333333332,1.0,0.919761904761905,1.0,0.9726190476190476
20,0.1,1.0,1.0,0.9861363636363636,0.05131577595381496,0.09818192900353664,1.0,1.0,1.0,0.9604166666666666,1.0,0.9771428571428572,1.0,1.0,1.0,0.9400000000000001,0.014100430801648795,0.17968857877017594,1.0,0.9400000000000001,1.0,0.9020833333333332,1.0,0.9092460317460317,1.0,0.9928571428571429,1.0,0.8868181818181817,0.05620123493114472,0.3078514263162355,1.0,0.8866666666666667,1.0,0.7791666666666666,1.0,0.8145436507936509,1.0,0.9482142857142858,1.0,0.9381818181818182,0.04350994683624221,0.21211709491584713,1.0,0.9425000000000001,1.0,0.8916666666666666,1.0,0.9062103174603175,1.0,0.9761904761904763
20,0.2,0.1,1.0,0.9861363636363636,0.05131577595381496,0.09818192900353664,1.0,1.0,1.0,0.9604166666666666,1.0,0.9771428571428572,1.0,1.0,1.0,0.9815909090909092,0.012221336010983071,0.10445235173338144,1.0,0.99,1.0,0.9604166666666666,1.0,0.9715873015873016,1.0,1.0,1.0,0.8868181818181817,0.05620123493114472,0.3078514263162355,1.0,0.8866666666666667,1.0,0.7791666666666666,1.0,0.8145436507936509,1.0,0.9482142857142858,0.9627604166666668,0.8359090909090909,0.14721752429117055,0.36735375668867826,0.9881818181818183,0.8516666666666666,0.9041666666666666,0.68125,0.9432411314848386,0.718829365079365,0.995508658008658,0.9422619047619047
20,0.2,0.5,1.0,0.9861363636363636,0.05131577595381496,0.09818192900353664,1.0,1.0,1.0,0.9604166666666666,1.0,0.9771428571428572,1.0,1.0,1.0,0.9540909090909091,0.013289841366465877,0.1668686557565197,1.0,0.9625,1.0,0.9166666666666666,1.0,0.9308134920634921,1.0,0.9946428571428573,1.0,0.8868181818181817,0.05620123493114472,0.3078514263162355,1.0,0.8866666666666667,1.0,0.7791666666666666,1.0,0.8145436507936509,1.0,0.9482142857142858,1.0,0.9470454545454545,0.04553380835326781,0.2212688314884085,1.0,0.95375,1.0,0.9020833333333332,1.0,0.919761904761905,1.0,0.9726190476190476
20,0.2,1.0,1.0,0.9861363636363636,0.05131577595381496,0.09818192900353664,1.0,1.0,1.0,0.9604166666666666,1.0,0.9771428571428572,1.0,1.0,1.0,0.9400000000000001,0.014100430801648795,0.17968857877017594,1.0,0.9400000000000001,1.0,0.9020833333333332,1.0,0.9092460317460317,1.0,0.9928571428571429,1.0,0.8868181818181817,0.05620123493114472,0.3078514263162355,1.0,0.8866666666666667,1.0,0.7791666666666666,1.0,0.8145436507936509,1.0,0.9482142857142858,1.0,0.9381818181818182,0.04350994683624221,0.21211709491584713,1.0,0.9425000000000001,1.0,0.8916666666666666,1.0,0.9062103174603175,1.0,0.9761904761904763
